gid,role,role_score,cluster_id,priority_score,evidence,depth,is_seed,in_deg,out_deg,in_kzt,out_kzt,in_tx,out_tx,pass_through,retention,ext_inflow,seed_payers,seed_reach2,pagerank,betweenness,component_id,component_size,fast_share,sync_in_max,truncated_by_depth
100000000011452100,terminal,0.7635,0,0.6304307532621589,Признаки удержания: осталось 85% входящего потока (110 тыс. KZT от 3 плательщиков); колено 1.,1,False,3,1,110000.0,16685.0,7,2,0.1516818181818182,0.8483181818181817,0.0,1,1,0.00047686402523264813,3.368496473580486e-06,0,1877,1.0,1,False
100000000018102100,boundary,0.5,0,0.22504819098457887,"Граница выгрузки: колено 4; исходящие здесь не собирались, вывод об удержании невозможен.",4,False,1,0,7000.0,0.0,1,0,0.0,1.0,0.0,0,0,0.0003204029472448961,0.0,0,1877,,1,True
100000000031787100,transit,1.0,10,0.5588609628311585,"Признаки транзита: получено 90 тыс., отправлено 90 тыс. KZT; передано дальше 100% входящего потока. 44% исходящих сумм попали в окно 2 дней после входящего.",2,False,1,2,90000.0,90000.0,2,4,1.0,0.0,0.0,0,1,0.0004315356304853241,3.962937027741748e-07,0,1877,0.4444444444444444,1,False
100000000041368100,terminal,0.9,3,0.41422375444839854,Признаки удержания: осталось 100% входящего потока (160 тыс. KZT от 1 плательщиков); колено 1.,1,False,1,0,160000.0,0.0,1,0,0.0,1.0,0.0,1,2,0.0003176071236192344,0.0,0,1877,,1,False
100000000076451100,peripheral,0.5,15,0.3,"Явное правило роли не сработало: 3 плательщиков и 4 получателей; входящий поток 87,7 тыс. KZT.",2,False,3,4,87707.0,58000.0,4,4,0.661292713238396,0.338707286761604,0.0,0,1,0.0013962008641423944,9.76863977338341e-05,0,1877,0.25862068965517243,2,False
100000000089154100,distributor,0.625,0,0.6413026097271648,"Признаки распределения: 15 получателей; исходящий поток 425,5 тыс. KZT.",1,False,1,15,10000.0,425500.0,1,21,42.55,-41.55,415500.0,1,1,0.0002874458184490932,0.00010895478461069692,0,1877,0.27379553466509987,1,False
100000000190228100,peripheral,0.5,2,0.3,Явное правило роли не сработало: 1 плательщиков и 1 получателей; входящий поток 5 тыс. KZT.,2,False,1,1,5000.0,28560.0,1,1,5.712,-4.712,23560.0,0,1,0.0005820068181865648,2.159800680119253e-05,0,1877,0.0,1,False
100000000201868100,transit,1.0,54,0.5197545966785291,"Признаки транзита: получено 190 тыс., отправлено 190 тыс. KZT; передано дальше 100% входящего потока. 100% исходящих сумм попали в окно 2 дней после входящего.",2,False,1,1,190000.0,190000.0,1,1,1.0,0.0,0.0,0,1,0.0009746432509228606,0.0,0,1877,1.0,1,False
100000000254336100,peripheral,0.5,0,0.3,"Явное правило роли не сработало: 2 плательщиков и 1 получателей; входящий поток 97,2 тыс. KZT.",3,False,2,1,97177.0,60000.0,2,1,0.6174300503205491,0.3825699496794509,0.0,0,0,0.0002919351427687482,1.922024458454748e-05,0,1877,1.0,1,False
100000000267734100,peripheral,0.5,10,0.3,Явное правило роли не сработало: 2 плательщиков и 7 получателей; входящий поток 180 тыс. KZT.,1,False,2,7,180000.0,282000.0,4,8,1.5666666666666667,-0.5666666666666667,102000.0,1,1,0.0005373190777888428,3.5666433249675733e-06,0,1877,0.4148936170212766,1,False
100000000274067100,peripheral,0.5,10,0.3,"Явное правило роли не сработало: 2 плательщиков и 3 получателей; входящий поток 517,7 тыс. KZT.",1,False,2,3,517704.0,2969000.0,9,9,5.734937338710924,-4.734937338710924,2451296.0,1,1,0.0004137036512851875,1.1888811083225246e-06,0,1877,0.6921522398113843,1,False
100000000287768100,terminal,0.7,0,0.24204107354685644,"Признаки удержания: осталось 100% входящего потока (35,2 тыс. KZT от 1 плательщиков); колено 3.",3,False,1,0,35168.0,0.0,1,0,0.0,1.0,0.0,0,0,0.0002886880716986401,0.0,0,1877,,1,False
100000000288317100,peripheral,0.5,0,0.3,Явное правило роли не сработало: 2 плательщиков и 3 получателей; входящий поток 100 тыс. KZT.,3,False,2,3,100000.0,53500.0,2,3,0.535,0.46499999999999997,0.0,0,0,0.0003128334856204945,5.8255174307803695e-05,0,1877,0.308411214953271,1,False
100000000291906100,transit,0.5628,50,0.6489130382686683,"Признаки транзита: получено 388 тыс., отправлено 455,9 тыс. KZT; передано дальше 117% входящего потока. 42% исходящих сумм попали в окно 2 дней после входящего.",2,False,2,2,388000.0,455854.0,3,6,1.1748814432989692,-0.17488144329896915,67854.0,0,1,0.0007629373053537487,7.806985944651244e-05,0,1877,0.4186735226629579,1,False
100000000291908100,terminal,0.6685,50,0.45712114472123366,"Признаки удержания: осталось 95% входящего потока (295,5 тыс. KZT от 1 плательщиков); колено 3.",3,False,1,1,295500.0,13300.0,5,1,0.045008460236886635,0.9549915397631134,0.0,0,0,0.0007065527083397005,1.981468513870874e-05,0,1877,0.0,1,False
100000000297649100,peripheral,0.5,12,0.3,Явное правило роли не сработало: 1 плательщиков и 1 получателей; входящий поток 40 тыс. KZT.,2,False,1,1,40000.0,70600.0,1,2,1.765,-0.7649999999999999,30600.0,0,1,0.0008091385858414708,0.0,0,1877,0.0,1,False
100000000299820100,boundary,0.5,6,0.25164961447212336,"Граница выгрузки: колено 4; исходящие здесь не собирались, вывод об удержании невозможен.",4,False,1,0,10000.0,0.0,1,0,0.0,1.0,0.0,0,0,0.0004501620352243438,0.0,0,1877,,1,True
100000000307908100,terminal,0.9,43,0.23080145314353498,Признаки удержания: осталось 100% входящего потока (5 тыс. KZT от 1 плательщиков); колено 2.,2,False,1,0,5000.0,0.0,1,0,0.0,1.0,0.0,0,1,0.0002964337747494595,0.0,1,6,,1,False
100000000331309100,coordinator,1.0,5,0.9934608540925266,Признаки координации: 5 плательщиков → 99 получателей; оборот 24 млн KZT; достижимы seed-клиенты: 3 в пределах 2 шагов.,2,False,5,99,984635.0,23001375.0,8,126,23.360306103276848,-22.360306103276848,22016740.0,0,3,0.0008756899038073762,0.0045572340502675075,0,1877,0.3584307459880116,3,False
100000000332284100,consolidator,0.8333,5,0.7532156077105575,"Признаки сбора: 10 плательщиков, из них seed: 0; входящий поток 107,4 тыс. KZT.",2,False,10,3,107426.0,289500.0,12,3,2.69487833485376,-1.69487833485376,182074.0,0,1,0.0007170946224349074,0.00010913726639027337,0,1877,1.0,3,False
100000000343175100,coordinator,0.8712,11,0.7887900355871886,"Признаки координации: 8 плательщиков → 31 получателей; оборот 4,2 млн KZT; достижимы seed-клиенты: 3 в пределах 2 шагов. Входящие извне выборки не наблюдаются.",0,True,8,31,178712.0,4000039.0,14,33,22.382598818210305,-21.382598818210305,3821327.0,1,3,0.0007132581979384051,0.0010946926090299827,0,1877,1.0,2,False
100000000369781100,boundary,0.5,5,0.24568876037959667,"Граница выгрузки: колено 4; исходящие здесь не собирались, вывод об удержании невозможен.",4,False,1,0,5000.0,0.0,1,0,0.0,1.0,0.0,0,0,0.0005324777910582564,0.0,0,1877,,1,True
100000000375150100,boundary,0.5,13,0.3,"Граница выгрузки: колено 4; исходящие здесь не собирались, вывод об удержании невозможен.",4,False,1,0,300000.0,0.0,1,0,0.0,1.0,0.0,0,0,0.0007463802351751578,0.0,0,1877,,1,True
100000000404740100,boundary,0.5,26,0.29946989916963224,"Граница выгрузки: колено 4; исходящие здесь не собирались, вывод об удержании невозможен.",4,False,1,0,25000.0,0.0,1,0,0.0,1.0,0.0,0,0,0.0005579900727464834,0.0,0,1877,,1,True
100000000408846100,terminal,0.7,27,0.2678862692763938,"Признаки удержания: осталось 100% входящего потока (40,5 тыс. KZT от 1 плательщиков); колено 3.",3,False,1,0,40500.0,0.0,1,0,0.0,1.0,0.0,0,0,0.0002957255734808806,0.0,0,1877,,1,False
100000000413678100,peripheral,0.5,6,0.3,"Явное правило роли не сработало: 2 плательщиков и 3 получателей; входящий поток 306,5 тыс. KZT.",3,False,2,3,306500.0,528198.0,2,18,1.723321370309951,-0.723321370309951,221698.0,0,0,0.00030069885417385005,5.7660733753642434e-05,0,1877,0.14767000253692744,2,False
100000000424935100,boundary,0.5,28,0.2292296856465006,"Граница выгрузки: колено 4; исходящие здесь не собирались, вывод об удержании невозможен.",4,False,1,0,15000.0,0.0,1,0,0.0,1.0,0.0,0,0,0.00030144797323543743,0.0,0,1877,,1,True
100000000425407100,terminal,0.9,3,0.2792000296559905,Признаки удержания: осталось 100% входящего потока (20 тыс. KZT от 1 плательщиков); колено 2.,2,False,1,0,20000.0,0.0,1,0,0.0,1.0,0.0,0,1,0.0003050945932713814,0.0,0,1877,,1,False
100000000437046100,coordinator,0.9583,0,0.923902728351127,"Признаки координации: 9 плательщиков → 42 получателей; оборот 8,7 млн KZT; достижимы seed-клиенты: 1 в пределах 2 шагов.",2,False,9,42,1107200.0,7606224.0,20,73,6.86978323699422,-5.86978323699422,6499024.0,0,1,0.0007924860106097876,0.002197148494797041,0,1877,0.8674551262229458,3,False
100000000440392100,terminal,0.9,4,0.3467712040332147,"Признаки удержания: осталось 100% входящего потока (105,7 тыс. KZT от 1 плательщиков); колено 1.",1,False,1,0,105705.0,0.0,4,0,0.0,1.0,0.0,1,1,0.0002969344900653258,0.0,0,1877,,1,False
100000000456947100,peripheral,0.5,72,0.03172597864768684,Явное правило роли не сработало: 0 плательщиков и 0 получателей; входящий поток 0 KZT. Входящие извне выборки не наблюдаются.,0,True,0,0,0.0,0.0,0,0,,0.0,0.0,0,0,0.0002855692942172909,0.0,2,1,,0,False
100000000470237100,boundary,0.5,28,0.3,"Граница выгрузки: колено 4; исходящие здесь не собирались, вывод об удержании невозможен.",4,False,1,0,32500.0,0.0,1,0,0.0,1.0,0.0,0,0,0.0005846333941764128,0.0,0,1877,,1,True
100000000481716100,terminal,0.7,7,0.23946100237247925,Признаки удержания: осталось 100% входящего потока (8 тыс. KZT от 1 плательщиков); колено 3.,3,False,1,0,8000.0,0.0,1,0,0.0,1.0,0.0,0,0,0.0003771539261882796,0.0,0,1877,,1,False
100000000489417100,transit,0.8791,13,0.6489540856465006,"Признаки транзита: получено 73,5 тыс., отправлено 80 тыс. KZT; передано дальше 109% входящего потока. 100% исходящих сумм попали в окно 2 дней после входящего.",2,False,3,1,73504.0,80000.0,3,1,1.0883761427949499,-0.08837614279494987,6496.0,0,1,0.0005517574141078734,1.4045481435864878e-05,0,1877,1.0,2,False
100000000490383100,peripheral,0.5,4,0.3,"Явное правило роли не сработало: 3 плательщиков и 8 получателей; входящий поток 62,6 тыс. KZT.",2,False,3,8,62600.0,461375.0,3,9,7.37020766773163,-6.37020766773163,398775.0,0,1,0.0005480373500605439,5.1650279261567445e-05,0,1877,0.01083717149823896,1,False
100000000500040100,boundary,0.5,0,0.2466229240806643,"Граница выгрузки: колено 4; исходящие здесь не собирались, вывод об удержании невозможен.",4,False,1,0,20000.0,0.0,1,0,0.0,1.0,0.0,0,0,0.00030605044673656407,0.0,0,1877,,1,True
100000000507799100,peripheral,0.5,38,0.27791759620403317,"Явное правило роли не сработало: 1 плательщиков и 1 получателей; входящий поток 5,1 тыс. KZT.",1,False,1,1,5132.0,8000.0,1,1,1.558846453624318,-0.5588464536243181,2868.0,1,1,0.0002861210768679897,0.00011532146750728487,0,1877,0.0,1,False
100000000533217100,terminal,0.9,0,0.37524095492289444,"Признаки удержания: осталось 100% входящего потока (53,6 тыс. KZT от 1 плательщиков); колено 2.",2,False,1,0,53587.0,0.0,1,0,0.0,1.0,0.0,0,1,0.0006536029907362595,0.0,0,1877,,1,False
100000000534581100,peripheral,0.5,6,0.3,Явное правило роли не сработало: 2 плательщиков и 1 получателей; входящий поток 56 тыс. KZT.,3,False,2,1,55960.0,40000.0,2,1,0.7147962830593281,0.2852037169406719,0.0,0,0,0.0002984533219886514,1.922024458454748e-05,0,1877,0.0,1,False
100000000542087100,boundary,0.5,36,0.1759823546856465,"Граница выгрузки: колено 4; исходящие здесь не собирались, вывод об удержании невозможен.",4,False,1,0,8506.91,0.0,1,0,0.0,1.0,0.0,0,0,0.0002864146027372091,0.0,0,1877,,1,True
100000000552584100,terminal,0.6839,24,0.45414071767497033,"Признаки удержания: осталось 98% входящего потока (2,5 млн KZT от 1 плательщиков); колено 3.",3,False,1,1,2500000.0,57500.0,3,1,0.023,0.977,0.0,0,0,0.0013254360037725057,0.0,0,1877,0.0,1,False
100000000555721100,terminal,0.9,0,0.4998776690391459,Признаки удержания: осталось 100% входящего потока (113 тыс. KZT от 2 плательщиков); колено 1.,1,False,2,0,113000.0,0.0,3,0,0.0,1.0,0.0,1,1,0.00030809196179581376,0.0,0,1877,,2,False
100000000557536100,boundary,0.5,36,0.3,"Граница выгрузки: колено 4; исходящие здесь не собирались, вывод об удержании невозможен.",4,False,1,0,153000.0,0.0,7,0,0.0,1.0,0.0,0,0,0.00030077248827335636,0.0,0,1877,,1,True
100000000560751100,terminal,0.7,13,0.29871367141162514,Признаки удержания: осталось 100% входящего потока (25 тыс. KZT от 1 плательщиков); колено 3.,3,False,1,0,25000.0,0.0,1,0,0.0,1.0,0.0,0,0,0.0005524500973404968,0.0,0,1877,,1,False
100000000561160100,boundary,0.5,3,0.3,"Граница выгрузки: колено 4; исходящие здесь не собирались, вывод об удержании невозможен.",4,False,1,0,240000.0,0.0,1,0,0.0,1.0,0.0,0,0,0.00043625462329844033,0.0,0,1877,,1,True
100000000569479100,terminal,0.7,0,0.3891940984578885,Признаки удержания: осталось 100% входящего потока (320 тыс. KZT от 1 плательщиков); колено 3.,3,False,1,0,320000.0,0.0,1,0,0.0,1.0,0.0,0,0,0.0003949532398197791,0.0,0,1877,,1,False
100000000572276100,peripheral,0.5,1,0.2938383860023725,"Явное правило роли не сработало: 1 плательщиков и 1 получателей; входящий поток 13,1 тыс. KZT.",3,False,1,1,13075.0,34547.0,1,1,2.6422179732313578,-1.6422179732313578,21472.0,0,0,0.00028761001118010675,1.387027959709612e-06,3,270,0.0,1,False
100000000580561100,peripheral,0.5,44,0.3,Явное правило роли не сработало: 2 плательщиков и 3 получателей; входящий поток 28 тыс. KZT. Входящие извне выборки не наблюдаются.,0,True,2,3,27980.0,1488077.0,3,13,53.183595425303785,-52.183595425303785,1460097.0,0,1,0.0008349888856684654,1.1888811083225246e-06,4,6,0.5712070007130008,1,False
100000000581662100,boundary,0.5,9,0.24791295966785293,"Граница выгрузки: колено 4; исходящие здесь не собирались, вывод об удержании невозможен.",4,False,1,0,21160.0,0.0,1,0,0.0,1.0,0.0,0,0,0.00030291662853066217,0.0,0,1877,,1,True
100000000581682100,boundary,0.5,28,0.18425637603795966,"Граница выгрузки: колено 4; исходящие здесь не собирались, вывод об удержании невозможен.",4,False,1,0,5000.0,0.0,1,0,0.0,1.0,0.0,0,0,0.0002908621872233397,0.0,0,1877,,1,True
100000000583220100,peripheral,0.5,67,0.3,Явное правило роли не сработало: 1 плательщиков и 1 получателей; входящий поток 5 тыс. KZT.,3,False,1,1,5000.0,761255.0,1,4,152.251,-151.251,756255.0,0,0,0.0002981132552282115,1.9616538287321655e-05,0,1877,0.052544810871521366,1,False
100000000594783100,terminal,0.6595,24,0.6262566725978648,"Признаки удержания: осталось 94% входящего потока (2,6 млн KZT от 1 плательщиков); колено 3.",3,False,1,2,2635000.0,152500.0,10,2,0.05787476280834915,0.9421252371916509,0.0,0,0,0.0013815888060884876,0.0,0,1877,1.0,1,False
100000000596954100,peripheral,0.5,3,0.3,Явное правило роли не сработало: 1 плательщиков и 2 получателей; входящий поток 120 тыс. KZT.,2,False,1,2,120000.0,48100.0,1,2,0.4008333333333333,0.5991666666666666,0.0,0,1,0.0005156144546495897,4.834783173844933e-05,0,1877,1.0,1,False
100000000600707100,boundary,0.5,37,0.3,"Граница выгрузки: колено 4; исходящие здесь не собирались, вывод об удержании невозможен.",4,False,1,0,89000.0,0.0,2,0,0.0,1.0,0.0,0,0,0.0005701602511841814,0.0,0,1877,,1,True
100000000607731100,peripheral,0.5,29,0.3,Явное правило роли не сработало: 1 плательщиков и 1 получателей; входящий поток 20 тыс. KZT.,1,False,1,1,20000.0,66666.0,1,1,3.3333,-2.3333,46666.0,1,1,0.0003175358448925586,5.944405541612623e-07,5,13,0.0,1,False
100000000607941100,peripheral,0.5,4,0.3,Явное правило роли не сработало: 2 плательщиков и 1 получателей; входящий поток 50 тыс. KZT.,2,False,2,1,50000.0,70000.0,3,4,1.4,-0.3999999999999999,20000.0,0,1,0.0005785720589504693,5.7660733753642434e-05,0,1877,0.2857142857142857,1,False
100000000608031100,boundary,0.5,16,0.3,"Граница выгрузки: колено 4; исходящие здесь не собирались, вывод об удержании невозможен.",4,False,1,0,30000.0,0.0,1,0,0.0,1.0,0.0,0,0,0.0005386366709608575,0.0,0,1877,,1,True
100000000611474100,terminal,0.7,23,0.3149058422301305,Признаки удержания: осталось 100% входящего потока (32 тыс. KZT от 1 плательщиков); колено 3.,3,False,1,0,32000.0,0.0,1,0,0.0,1.0,0.0,0,0,0.0005956216679556007,0.0,0,1877,,1,False
100000000625169100,terminal,0.9,1,0.223483837485172,Признаки удержания: осталось 100% входящего потока (10 тыс. KZT от 1 плательщиков); колено 2.,2,False,1,0,10000.0,0.0,1,0,0.0,1.0,0.0,0,1,0.00028896566732328953,0.0,3,270,,1,False
100000000627521100,boundary,0.5,39,0.17153395610913402,"Граница выгрузки: колено 4; исходящие здесь не собирались, вывод об удержании невозможен.",4,False,1,0,6500.0,0.0,1,0,0.0,1.0,0.0,0,0,0.00028609897888673294,0.0,0,1877,,1,True
100000000629812100,terminal,0.9,55,0.4133118327402135,Признаки удержания: осталось 100% входящего потока (22 тыс. KZT от 2 плательщиков); колено 2.,2,False,2,0,22000.0,0.0,2,0,0.0,1.0,0.0,0,2,0.0002979840074392023,0.0,0,1877,,1,False
100000000634341100,boundary,0.5,0,0.29648947212336896,"Граница выгрузки: колено 4; исходящие здесь не собирались, вывод об удержании невозможен.",4,False,1,0,24000.0,0.0,2,0,0.0,1.0,0.0,0,0,0.00055493827193886,0.0,0,1877,,1,True
100000000640800100,peripheral,0.5,6,0.3,Явное правило роли не сработало: 1 плательщиков и 4 получателей; входящий поток 80 тыс. KZT.,3,False,1,4,80000.0,518135.0,1,6,6.4766875,-5.4766875,438135.0,0,0,0.00030324034248046286,0.00014517495482809593,0,1877,0.031096142897121405,1,False
100000000646541100,terminal,0.9,0,0.4535994958481613,"Признаки удержания: осталось 100% входящего потока (25,3 тыс. KZT от 3 плательщиков); колено 2.",2,False,3,0,25300.0,0.0,4,0,0.0,1.0,0.0,0,1,0.0005058630830440055,0.0,0,1877,,1,False
100000000655469100,boundary,0.5,22,0.2639716785290629,"Граница выгрузки: колено 4; исходящие здесь не собирались, вывод об удержании невозможен.",4,False,1,0,20000.0,0.0,2,0,0.0,1.0,0.0,0,0,0.00034543115072670856,0.0,0,1877,,1,True
100000000656682100,transit,0.6831,0,0.4647878706998814,"Признаки транзита: получено 71 тыс., отправлено 80 тыс. KZT; передано дальше 113% входящего потока. 0% исходящих сумм попали в окно 2 дней после входящего.",3,False,1,2,71000.0,80000.0,1,3,1.1267605633802817,-0.12676056338028174,9000.0,0,0,0.0002895680118780556,3.844048916909496e-05,0,1877,0.0,1,False
100000000661131100,terminal,0.7,1,0.1994476571767497,"Признаки удержания: осталось 100% входящего потока (15,6 тыс. KZT от 1 плательщиков); колено 3.",3,False,1,0,15600.0,0.0,1,0,0.0,1.0,0.0,0,0,0.00028800410757254345,0.0,3,270,,1,False
100000000661912100,consolidator,0.6667,6,0.7269288008567807,"Признаки сбора: 5 плательщиков, из них seed: 1; входящий поток 393 тыс. KZT.",1,False,5,2,393036.0,430700.0,9,8,1.0958283719557496,-0.09582837195574956,37664.0,1,1,0.0017491597591117627,0.0013336905452072923,0,1877,0.75156721615974,2,False
100000000667713100,peripheral,0.5,4,0.3,"Явное правило роли не сработало: 2 плательщиков и 6 получателей; входящий поток 119,5 тыс. KZT.",1,False,2,6,119495.0,79236.0,10,7,0.663090505878907,0.33690949412109295,0.0,1,1,0.00032010597213203194,0.00013967625368757418,0,1877,0.4726386995809985,1,False
100000000673868100,terminal,0.568,30,0.6908531982011281,Признаки удержания: осталось 81% входящего потока (2 млн KZT от 1 плательщиков); колено 3.,3,False,1,5,2030650.0,383000.0,5,19,0.18860955851574618,0.8113904414842539,0.0,0,0,0.0011728050936714379,4.1016398237127094e-05,0,1877,0.762402088772846,1,False
100000000673915100,boundary,0.5,36,0.211525059311981,"Граница выгрузки: колено 4; исходящие здесь не собирались, вывод об удержании невозможен.",4,False,1,0,20200.0,0.0,1,0,0.0,1.0,0.0,0,0,0.0002875765133018172,0.0,0,1877,,1,True
100000000703894100,peripheral,0.5,29,0.3,Явное правило роли не сработало: 1 плательщиков и 1 получателей; входящий поток 120 тыс. KZT.,1,False,1,1,120000.0,35000.0,1,1,0.2916666666666667,0.7083333333333333,0.0,1,1,0.00047736859826889746,5.944405541612623e-07,5,13,0.0,1,False
100000000703902100,terminal,0.9,1,0.26852387307236064,"Признаки удержания: осталось 100% входящего потока (25,5 тыс. KZT от 1 плательщиков); колено 1.",1,False,1,0,25499.0,0.0,1,0,0.0,1.0,0.0,1,1,0.00029092123563524295,0.0,3,270,,1,False
100000000704700100,boundary,0.5,25,0.2585446322657177,"Граница выгрузки: колено 4; исходящие здесь не собирались, вывод об удержании невозможен.",4,False,1,0,10000.0,0.0,1,0,0.0,1.0,0.0,0,0,0.000533255171856773,0.0,6,17,,1,True
100000000706545100,consolidator,0.6,4,0.6562018090154211,"Признаки сбора: 3 плательщиков, из них seed: 1; входящий поток 1,1 млн KZT.",1,False,3,1,1070300.0,75800.0,8,3,0.07082126506586939,0.9291787349341306,0.0,1,1,0.0032266260404967403,1.9616538287321655e-05,0,1877,0.0,1,False
100000000718427100,terminal,0.9,1,0.20869291221826808,Признаки удержания: осталось 100% входящего потока (6 тыс. KZT от 1 плательщиков); колено 2.,2,False,1,0,6000.0,0.0,1,0,0.0,1.0,0.0,0,1,0.00028760711808089006,0.0,3,270,,1,False
100000000723383100,peripheral,0.5,22,0.3,"Явное правило роли не сработало: 1 плательщиков и 2 получателей; входящий поток 6,8 тыс. KZT.",2,False,1,2,6800.0,75000.0,1,2,11.029411764705882,-10.029411764705882,68200.0,0,1,0.0003893195549175227,0.0002389651027728274,0,1877,0.0,1,False
100000000724540100,peripheral,0.5,20,0.3,Явное правило роли не сработало: 1 плательщиков и 1 получателей; входящий поток 50 тыс. KZT.,2,False,1,1,50000.0,100000.0,1,1,2.0,-1.0,50000.0,0,1,0.00030963471226613077,1.981468513870874e-05,0,1877,0.0,1,False
100000000733373100,terminal,0.9,4,0.2578032325029656,"Признаки удержания: осталось 100% входящего потока (10,7 тыс. KZT от 1 плательщиков); колено 2.",2,False,1,0,10710.0,0.0,1,0,0.0,1.0,0.0,0,1,0.00030578139777600477,0.0,0,1877,,1,False
100000000733451100,peripheral,0.5,13,0.3,Явное правило роли не сработало: 1 плательщиков и 1 получателей; входящий поток 70 тыс. KZT.,3,False,1,1,70000.0,300000.0,2,1,4.285714285714286,-3.2857142857142856,230000.0,0,0,0.0005412616148555033,2.4570209571998837e-05,0,1877,0.0,1,False
100000000733940100,boundary,0.5,31,0.3,"Граница выгрузки: колено 4; исходящие здесь не собирались, вывод об удержании невозможен.",4,False,1,0,752000.0,0.0,2,0,0.0,1.0,0.0,0,0,0.0004111852101832481,0.0,0,1877,,1,True
100000000737152100,boundary,0.5,0,0.2915517497034401,"Граница выгрузки: колено 4; исходящие здесь не собирались, вывод об удержании невозможен.",4,False,1,0,35000.0,0.0,1,0,0.0,1.0,0.0,0,0,0.0003445071691804117,0.0,0,1877,,1,True
100000000749118100,peripheral,0.5,0,0.2655644383155397,"Явное правило роли не сработало: 1 плательщиков и 1 получателей; входящий поток 10,3 тыс. KZT.",3,False,1,1,10330.0,16500.0,1,1,1.5972894482090998,-0.5972894482090998,6170.0,0,0,0.00028615107947694863,1.922024458454748e-05,0,1877,0.0,1,False
100000000764836100,terminal,0.561,6,0.5496774911032029,"Признаки удержания: осталось 80% входящего потока (251,7 тыс. KZT от 1 плательщиков); колено 3.",3,False,1,2,251716.0,50000.0,1,2,0.1986365586613485,0.8013634413386514,0.0,0,0,0.00033678317937202955,3.844048916909496e-05,0,1877,0.5,1,False
100000000765628100,terminal,0.9,4,0.24957369513641753,Признаки удержания: осталось 100% входящего потока (5 тыс. KZT от 1 плательщиков); колено 2.,2,False,1,0,5000.0,0.0,1,0,0.0,1.0,0.0,0,1,0.0003154241694621746,0.0,0,1877,,1,False
100000000769919100,terminal,0.9,61,0.43667333926453145,Признаки удержания: осталось 100% входящего потока (250 тыс. KZT от 1 плательщиков); колено 2.,2,False,1,0,250000.0,0.0,1,0,0.0,1.0,0.0,0,1,0.0007354469638244256,0.0,7,3,,1,False
100000000782285100,terminal,0.7,0,0.2232688315539739,"Признаки удержания: осталось 100% входящего потока (6,2 тыс. KZT от 1 плательщиков); колено 3.",3,False,1,0,6151.0,0.0,1,0,0.0,1.0,0.0,0,0,0.0003196030120468737,0.0,0,1877,,1,False
100000000783406100,terminal,0.7,35,0.18668075326215897,"Признаки удержания: осталось 100% входящего потока (6,1 тыс. KZT от 1 плательщиков); колено 3.",3,False,1,0,6066.0,0.0,1,0,0.0,1.0,0.0,0,0,0.0002901959794883712,0.0,0,1877,,1,False
100000000785800100,transit,1.0,56,0.3974681198102017,"Признаки транзита: получено 19 тыс., отправлено 19 тыс. KZT; передано дальше 100% входящего потока. 100% исходящих сумм попали в окно 2 дней после входящего.",2,False,1,1,19000.0,19000.0,1,1,1.0,0.0,0.0,0,1,0.0003566979785631403,0.0,8,4,1.0,1,False
100000000790311100,terminal,0.9,15,0.31354166666666666,"Признаки удержания: осталось 100% входящего потока (46,3 тыс. KZT от 1 плательщиков); колено 2.",2,False,1,0,46300.0,0.0,1,0,0.0,1.0,0.0,0,1,0.000300299219066313,0.0,0,1877,,1,False
100000000791285100,peripheral,0.5,27,0.3,"Явное правило роли не сработало: 1 плательщиков и 3 получателей; входящий поток 1,1 млн KZT.",3,False,1,3,1120000.0,650000.0,2,3,0.5803571428571429,0.4196428571428571,0.0,0,0,0.0005664343010128593,3.883678287186913e-05,0,1877,0.9538461538461539,1,False
100000000795033100,terminal,0.9,0,0.3133637307236061,"Признаки удержания: осталось 100% входящего потока (18,2 тыс. KZT от 1 плательщиков); колено 2.",2,False,1,0,18200.0,0.0,1,0,0.0,1.0,0.0,0,1,0.0005330176535576377,0.0,0,1877,,1,False
100000000795129100,terminal,0.9,15,0.42257191577698694,Признаки удержания: осталось 100% входящего потока (332 тыс. KZT от 1 плательщиков); колено 2.,2,False,1,0,332000.0,0.0,1,0,0.0,1.0,0.0,0,1,0.0003911920814716179,0.0,0,1877,,1,False
100000000795374100,terminal,0.7,6,0.2785846678529063,Признаки удержания: осталось 100% входящего потока (50 тыс. KZT от 1 плательщиков); колено 3.,3,False,1,0,50000.0,0.0,1,0,0.0,1.0,0.0,0,0,0.00029574224412010574,0.0,0,1877,,1,False
100000000802149100,terminal,0.7,0,0.30921189205219457,"Признаки удержания: осталось 100% входящего потока (104,1 тыс. KZT от 1 плательщиков); колено 3.",3,False,1,0,104128.0,0.0,1,0,0.0,1.0,0.0,0,0,0.0002948035998809035,0.0,0,1877,,1,False
100000000803368100,boundary,0.5,14,0.3,"Граница выгрузки: колено 4; исходящие здесь не собирались, вывод об удержании невозможен.",4,False,1,0,139503.0,0.0,1,0,0.0,1.0,0.0,0,0,0.0005481144591336169,0.0,0,1877,,1,True
100000000806727100,terminal,0.8,3,0.3755671708185053,Признаки удержания: осталось 89% входящего потока (45 тыс. KZT от 1 плательщиков); колено 2.,2,False,1,1,45000.0,5000.0,1,1,0.1111111111111111,0.8888888888888888,0.0,0,2,0.00034585956200447547,0.0,0,1877,0.0,1,False
100000000810551100,terminal,0.8361,3,0.4465858540925267,Признаки удержания: осталось 93% входящего потока (100 тыс. KZT от 1 плательщиков); колено 1.,1,False,1,1,100000.0,7100.0,1,1,0.071,0.929,0.0,1,2,0.0003055929375935056,7.769558206055905e-05,0,1877,0.0,1,False
100000000817146100,terminal,0.9,4,0.41635898576512453,Признаки удержания: осталось 100% входящего потока (70 тыс. KZT от 1 плательщиков); колено 1.,1,False,1,0,70020.0,0.0,1,0,0.0,1.0,0.0,1,2,0.0005894684786410261,0.0,0,1877,,1,False
100000000821507100,terminal,0.9,30,0.41896871293001187,Признаки удержания: осталось 100% входящего потока (400 тыс. KZT от 1 плательщиков); колено 2.,2,False,1,0,400000.0,0.0,1,0,0.0,1.0,0.0,0,1,0.0003355427477307164,0.0,0,1877,,1,False
100000000831684100,peripheral,0.5,12,0.3,Явное правило роли не сработало: 1 плательщиков и 1 получателей; входящий поток 15 тыс. KZT.,2,False,1,1,15000.0,50000.0,2,3,3.3333333333333335,-2.3333333333333335,35000.0,0,1,0.0018906089223340397,0.0,0,1877,0.9,1,False
100000000838385100,peripheral,0.5,28,0.3,"Явное правило роли не сработало: 1 плательщиков и 2 получателей; входящий поток 436,9 тыс. KZT.",3,False,1,2,436900.0,177500.0,8,6,0.40627145799954223,0.5937285420004578,0.0,0,0,0.0019211545642599107,2.1796153652579615e-05,0,1877,0.6901408450704225,1,False
100000000850297100,transit,1.0,11,0.3586558422301305,"Признаки транзита: получено 17,5 тыс., отправлено 17,5 тыс. KZT; передано дальше 100% входящего потока. 100% исходящих сумм попали в окно 2 дней после входящего.",2,False,1,1,17520.0,17520.0,1,1,1.0,0.0,0.0,0,1,0.0002939168313087527,0.0,0,1877,1.0,1,False
100000000860514100,peripheral,0.5,26,0.3,Явное правило роли не сработало: 1 плательщиков и 1 получателей; входящий поток 12 тыс. KZT.,3,False,1,1,12000.0,50000.0,1,1,4.166666666666667,-3.166666666666667,38000.0,0,0,0.0003062893737864735,2.0012831990095827e-05,0,1877,0.0,1,False
100000000861294100,terminal,0.9,8,0.37524095492289444,Признаки удержания: осталось 100% входящего потока (150 тыс. KZT от 1 плательщиков); колено 2.,2,False,1,0,150000.0,0.0,1,0,0.0,1.0,0.0,0,1,0.00031399890954633404,0.0,0,1877,,1,False
100000000870121100,terminal,0.7,13,0.23398947212336893,Признаки удержания: осталось 100% входящего потока (12 тыс. KZT от 1 плательщиков); колено 3.,3,False,1,0,12000.0,0.0,1,0,0.0,1.0,0.0,0,0,0.00031567480064350023,0.0,0,1877,,1,False
100000000878006100,terminal,0.7,5,0.24795744365361805,Признаки удержания: осталось 100% входящего потока (47 тыс. KZT от 1 плательщиков); колено 3.,3,False,1,0,47003.0,0.0,1,0,0.0,1.0,0.0,0,0,0.000287092622626295,0.0,0,1877,,1,False
100000000896111100,terminal,0.7,24,0.3841229240806643,"Признаки удержания: осталось 100% входящего потока (287,1 тыс. KZT от 1 плательщиков); колено 3.",3,False,1,0,287100.0,0.0,1,0,0.0,1.0,0.0,0,0,0.00038717189285320344,0.0,0,1877,,1,False
100000000907277100,terminal,0.9,1,0.24381301897983393,"Признаки удержания: осталось 100% входящего потока (17,5 тыс. KZT от 1 плательщиков); колено 1.",1,False,1,0,17534.0,0.0,1,0,0.0,1.0,0.0,1,1,0.00028924947543311784,0.0,3,270,,1,False
100000000910216100,peripheral,0.5,3,0.3,Явное правило роли не сработало: 1 плательщиков и 1 получателей; входящий поток 71 тыс. KZT.,2,False,1,1,71000.0,52010.0,3,1,0.7325352112676057,0.2674647887323943,0.0,0,1,0.00032323954910943236,0.0004801618458481232,0,1877,0.0,1,False
100000000912487100,terminal,0.9,3,0.2328477164887307,Признаки удержания: осталось 100% входящего потока (10 тыс. KZT от 1 плательщиков); колено 2.,2,False,1,0,10000.0,0.0,1,0,0.0,1.0,0.0,0,1,0.00029168015431879206,0.0,0,1877,,1,False
100000000913911100,peripheral,0.5,3,0.3,Явное правило роли не сработало: 2 плательщиков и 1 получателей; входящий поток 467 тыс. KZT.,2,False,2,1,467000.0,600000.0,2,1,1.284796573875803,-0.2847965738758029,133000.0,0,1,0.00045944318623889125,1.9418391435934565e-05,0,1877,0.0,2,False
100000000917179100,terminal,0.9,14,0.37964486951364174,"Признаки удержания: осталось 100% входящего потока (94,5 тыс. KZT от 1 плательщиков); колено 2.",2,False,1,0,94465.0,0.0,2,0,0.0,1.0,0.0,0,1,0.00042586253334482907,0.0,0,1877,,1,False
100000000922570100,transit,0.8461,12,0.3731402177342823,"Признаки транзита: получено 47,1 тыс., отправлено 50 тыс. KZT; передано дальше 106% входящего потока. 0% исходящих сумм попали в окно 2 дней после входящего.",1,False,1,1,47101.0,50000.0,1,1,1.0615485870788306,-0.0615485870788306,2899.0,1,1,0.00029338594320602463,1.981468513870874e-07,0,1877,0.0,1,False
100000000926078100,boundary,0.5,6,0.3,"Граница выгрузки: колено 4; исходящие здесь не собирались, вывод об удержании невозможен.",4,False,1,0,250000.0,0.0,1,0,0.0,1.0,0.0,0,0,0.0005165635899862601,0.0,0,1877,,1,True
100000000926766100,peripheral,0.5,26,0.3,"Явное правило роли не сработало: 1 плательщиков и 1 получателей; входящий поток 18,8 тыс. KZT.",3,False,1,1,18750.0,6000.0,1,1,0.32,0.6799999999999999,0.0,0,0,0.00031794441854413876,0.0,0,1877,1.0,1,False
100000000933075100,peripheral,0.5,12,0.3,Явное правило роли не сработало: 1 плательщиков и 2 получателей; входящий поток 40 тыс. KZT.,3,False,1,2,40000.0,55000.0,1,2,1.375,-0.375,15000.0,0,0,0.0008086964755110838,2.139985994980544e-05,0,1877,0.7272727272727273,1,False
100000000941942100,terminal,0.9,3,0.4016792704626334,Признаки удержания: осталось 100% входящего потока (130 тыс. KZT от 1 плательщиков); колено 1.,1,False,1,0,130000.0,0.0,1,0,0.0,1.0,0.0,1,2,0.00031160003060637,0.0,0,1877,,1,False
100000000942301100,terminal,0.7,0,0.29373146500593117,"Признаки удержания: осталось 100% входящего потока (57,6 тыс. KZT от 1 плательщиков); колено 3.",3,False,1,0,57580.0,0.0,2,0,0.0,1.0,0.0,0,0,0.000300590276391355,0.0,0,1877,,1,False
100000000943371100,terminal,0.9,13,0.2683904211150652,"Признаки удержания: осталось 100% входящего потока (15,5 тыс. KZT от 1 плательщиков); колено 2.",2,False,1,0,15500.0,0.0,1,0,0.0,1.0,0.0,0,1,0.00030597516384402423,0.0,0,1877,,1,False
100000000945428100,terminal,0.9,0,0.34552565243179123,"Признаки удержания: осталось 100% входящего потока (89,6 тыс. KZT от 1 плательщиков); колено 1.",1,False,1,0,89629.0,0.0,1,0,0.0,1.0,0.0,1,1,0.00030238839325451197,0.0,0,1877,,1,False
100000000954884100,terminal,0.7,35,0.27731687425860024,Признаки удержания: осталось 100% входящего потока (34 тыс. KZT от 1 плательщиков); колено 3.,3,False,1,0,34000.0,0.0,1,0,0.0,1.0,0.0,0,0,0.00031150191855239327,0.0,0,1877,,1,False
100000000955444100,terminal,0.9,44,0.26661106168446025,"Признаки удержания: осталось 100% входящего потока (6,9 тыс. KZT от 1 плательщиков); колено 2.",2,False,1,0,6910.0,0.0,1,0,0.0,1.0,0.0,0,1,0.00035252834417769596,0.0,4,6,,1,False
100000000955529100,peripheral,0.5,3,0.3,Явное правило роли не сработало: 1 плательщиков и 1 получателей; входящий поток 27 тыс. KZT.,3,False,1,1,27000.0,63500.0,1,1,2.3518518518518516,-1.3518518518518516,36500.0,0,0,0.0002956290149139567,3.368496473580486e-06,0,1877,0.0,1,False
100000000957746100,boundary,0.5,16,0.22891829774614472,"Граница выгрузки: колено 4; исходящие здесь не собирались, вывод об удержании невозможен.",4,False,1,0,5300.0,0.0,1,0,0.0,1.0,0.0,0,0,0.00034730735985062075,0.0,0,1877,,1,True
100000000961900100,terminal,0.9,0,0.39826141755634636,Признаки удержания: осталось 100% входящего потока (36 тыс. KZT от 2 плательщиков); колено 1.,1,False,2,0,36000.0,0.0,3,0,0.0,1.0,0.0,1,1,0.0002943204405632645,0.0,0,1877,,1,False
100000000967918100,terminal,0.9,0,0.3159438018979834,"Признаки удержания: осталось 100% входящего потока (21,2 тыс. KZT от 1 плательщиков); колено 2.",2,False,1,0,21200.0,0.0,3,0,0.0,1.0,0.0,0,1,0.0004792709615805178,0.0,0,1877,,1,False
100000000968253100,terminal,0.9,1,0.23395981613285882,Признаки удержания: осталось 100% входящего потока (15 тыс. KZT от 1 плательщиков); колено 1.,1,False,1,0,15000.0,0.0,1,0,0.0,1.0,0.0,1,1,0.00028871761851507826,0.0,3,270,,1,False
100000000971908100,terminal,0.9,8,0.34534771648873075,Признаки удержания: осталось 100% входящего потока (89 тыс. KZT от 1 плательщиков); колено 2.,2,False,1,0,89000.0,0.0,1,0,0.0,1.0,0.0,0,1,0.0003024375326458565,0.0,0,1877,,1,False
100000000976943100,transit,0.5,11,0.411489827995255,"Признаки транзита: получено 70 тыс., отправлено 84 тыс. KZT; передано дальше 120% входящего потока. 13% исходящих сумм попали в окно 2 дней после входящего.",3,False,1,1,70000.0,84000.0,1,3,1.2,-0.19999999999999996,14000.0,0,0,0.0003734613623848261,2.1796153652579615e-05,0,1877,0.13095238095238096,1,False
100000000978041100,terminal,0.9,1,0.3025096381969158,"Признаки удержания: осталось 100% входящего потока (44,4 тыс. KZT от 1 плательщиков); колено 1.",1,False,1,0,44445.0,0.0,1,0,0.0,1.0,0.0,1,1,0.00029489777911163493,0.0,3,270,,1,False
100000000979567100,terminal,0.9,1,0.29049896204033215,Признаки удержания: осталось 100% входящего потока (10 тыс. KZT от 1 плательщиков); колено 2.,2,False,1,0,10000.0,0.0,1,0,0.0,1.0,0.0,0,1,0.0005307306769296842,0.0,3,270,,1,False
100000000979923100,terminal,0.9,11,0.38121663701067615,"Признаки удержания: осталось 100% входящего потока (97,9 тыс. KZT от 1 плательщиков); колено 1.",1,False,1,0,97900.0,0.0,1,0,0.0,1.0,0.0,1,2,0.0003004178044094989,0.0,0,1877,,1,False
100000000981693100,boundary,0.5,0,0.2734022835112693,"Граница выгрузки: колено 4; исходящие здесь не собирались, вывод об удержании невозможен.",4,False,1,0,16500.0,0.0,1,0,0.0,1.0,0.0,0,0,0.0005290815211541521,0.0,0,1877,,1,True
100000000993112100,terminal,0.9,32,0.3963708481613286,Признаки удержания: осталось 100% входящего потока (141 тыс. KZT от 1 плательщиков); колено 2.,2,False,1,0,141000.0,0.0,1,0,0.0,1.0,0.0,0,1,0.00044111482764995627,0.0,0,1877,,1,False
100000000998559100,terminal,0.9,3,0.3879114768683274,Признаки удержания: осталось 100% входящего потока (100 тыс. KZT от 1 плательщиков); колено 1.,1,False,1,0,100000.0,0.0,1,0,0.0,1.0,0.0,1,2,0.0003055929375935056,0.0,0,1877,,1,False
100000001009583100,terminal,0.7,5,0.36081331553973905,"Признаки удержания: осталось 100% входящего потока (393,7 тыс. KZT от 1 плательщиков); колено 3.",3,False,1,0,393740.0,0.0,1,0,0.0,1.0,0.0,0,0,0.0002983300824172204,0.0,0,1877,,1,False
100000001046057100,terminal,0.7,2,0.3209556642941874,"Признаки удержания: осталось 100% входящего потока (83,4 тыс. KZT от 1 плательщиков); колено 3.",3,False,1,0,83420.0,0.0,1,0,0.0,1.0,0.0,0,0,0.00031851488108134123,0.0,0,1877,,1,False
100000001046626100,terminal,0.7,5,0.30987915183867143,Признаки удержания: осталось 100% входящего потока (150 тыс. KZT от 1 плательщиков); колено 3.,3,False,1,0,150000.0,0.0,1,0,0.0,1.0,0.0,0,0,0.00029043067032840335,0.0,0,1877,,1,False
100000001049200100,peripheral,0.5,17,0.3,"Явное правило роли не сработало: 2 плательщиков и 4 получателей; входящий поток 76,6 тыс. KZT.",1,False,2,4,76624.0,36000.0,2,5,0.46982668615577367,0.5301733138442264,0.0,1,1,0.0002982913003271399,0.001159653365719074,0,1877,0.0,1,False
100000001052789100,terminal,0.7,17,0.2969787959667853,Признаки удержания: осталось 100% входящего потока (71 тыс. KZT от 1 плательщиков); колено 3.,3,False,1,0,70975.0,0.0,1,0,0.0,1.0,0.0,0,0,0.00029770710734911807,0.0,0,1877,,1,False
100000001052945100,peripheral,0.5,57,0.3,"Явное правило роли не сработало: 1 плательщиков и 3 получателей; входящий поток 56,5 тыс. KZT.",3,False,1,3,56520.0,1595700.0,1,6,28.23248407643312,-27.23248407643312,1539180.0,0,0,0.0003015447649742742,5.7660733753642434e-05,0,1877,0.0,1,False
100000001053894100,boundary,0.5,39,0.3,"Граница выгрузки: колено 4; исходящие здесь не собирались, вывод об удержании невозможен.",4,False,1,0,2000000.0,0.0,7,0,0.0,1.0,0.0,0,0,0.0004485491925071488,0.0,0,1877,,1,True
100000001056414100,terminal,0.7,9,0.3458666963226572,Признаки удержания: осталось 100% входящего потока (250 тыс. KZT от 1 плательщиков); колено 3.,3,False,1,0,250000.0,0.0,1,0,0.0,1.0,0.0,0,0,0.0002974772562529216,0.0,0,1877,,1,False
100000001063678100,peripheral,0.5,23,0.3,Явное правило роли не сработало: 1 плательщиков и 2 получателей; входящий поток 35 тыс. KZT.,3,False,1,2,35000.0,90000.0,1,2,2.5714285714285716,-1.5714285714285716,55000.0,0,0,0.00032774872839870327,3.962937027741748e-05,0,1877,0.2222222222222222,1,False
100000001065234100,boundary,0.5,58,0.3,"Граница выгрузки: колено 4; исходящие здесь не собирались, вывод об удержании невозможен.",4,False,1,0,360000.0,0.0,1,0,0.0,1.0,0.0,0,0,0.0005486947871235914,0.0,0,1877,,1,True
100000001065481100,boundary,0.5,13,0.26624036180308425,"Граница выгрузки: колено 4; исходящие здесь не собирались, вывод об удержании невозможен.",4,False,1,0,16000.0,0.0,2,0,0.0,1.0,0.0,0,0,0.0004322656924987218,0.0,0,1877,,1,True
100000001066017100,peripheral,0.5,0,0.3,"Явное правило роли не сработало: 2 плательщиков и 4 получателей; входящий поток 136,1 тыс. KZT.",3,False,2,4,136123.0,82500.0,3,4,0.6060695106631503,0.3939304893368497,0.0,0,0,0.0003012384075340412,7.688097833818992e-05,0,1877,0.18787878787878787,1,False
100000001072022100,consolidator,0.8,3,0.6915888196915777,"Признаки сбора: 3 плательщиков, из них seed: 1; входящий поток 1,7 млн KZT.",1,False,3,0,1684000.0,0.0,6,0,0.0,1.0,0.0,1,3,0.0005021346766292359,0.0,0,1877,,2,False
100000001073568100,peripheral,0.5,14,0.3,"Явное правило роли не сработало: 1 плательщиков и 2 получателей; входящий поток 707,5 тыс. KZT.",3,False,1,2,707465.0,219503.0,4,3,0.31026693900051594,0.6897330609994841,0.0,0,0,0.00048553543751327804,1.922024458454748e-05,0,1877,1.0,1,False
100000001074553100,terminal,0.9,2,0.4069506227758007,Признаки удержания: осталось 100% входящего потока (29 тыс. KZT от 2 плательщиков); колено 1.,1,False,2,0,28971.0,0.0,2,0,0.0,1.0,0.0,2,2,0.0002894987523363481,0.0,0,1877,,1,False
100000001083990100,terminal,0.9,12,0.35682458481613283,"Признаки удержания: осталось 100% входящего потока (49,9 тыс. KZT от 1 плательщиков); колено 2.",2,False,1,0,49900.0,0.0,2,0,0.0,1.0,0.0,0,1,0.0005021137973799181,0.0,0,1877,,1,False
100000001089055100,boundary,0.5,16,0.24181865361803084,"Граница выгрузки: колено 4; исходящие здесь не собирались, вывод об удержании невозможен.",4,False,1,0,13000.0,0.0,1,0,0.0,1.0,0.0,0,0,0.00032930768290614026,0.0,0,1877,,1,True
100000001102676100,transit,1.0,3,0.47687203440094894,"Признаки транзита: получено 50 тыс., отправлено 50 тыс. KZT; передано дальше 100% входящего потока. 100% исходящих сумм попали в окно 2 дней после входящего.",2,False,1,1,50000.0,50000.0,1,1,1.0,0.0,0.0,0,1,0.0003130309543986752,2.3975769017837576e-05,0,1877,1.0,1,False
100000001103905100,terminal,0.9,1,0.24597049228944246,Признаки удержания: осталось 100% входящего потока (18 тыс. KZT от 1 плательщиков); колено 1.,1,False,1,0,18000.0,0.0,1,0,0.0,1.0,0.0,1,1,0.00028934728337463573,0.0,3,270,,1,False
100000001110358100,terminal,0.7,0,0.39056568801897984,Признаки удержания: осталось 100% входящего потока (32 тыс. KZT от 2 плательщиков); колено 3.,3,False,2,0,32000.0,0.0,2,0,0.0,1.0,0.0,0,0,0.00029298593062142844,0.0,0,1877,,2,False
100000001111763100,terminal,0.9,1,0.2419891755634638,"Признаки удержания: осталось 100% входящего потока (17,1 тыс. KZT от 1 плательщиков); колено 1.",1,False,1,0,17144.0,0.0,1,0,0.0,1.0,0.0,1,1,0.0002891676190013754,0.0,3,270,,1,False
100000001114385100,terminal,0.9,3,0.27252743179122185,"Признаки удержания: осталось 100% входящего потока (29,5 тыс. KZT от 1 плательщиков); колено 2.",2,False,1,0,29500.0,0.0,1,0,0.0,1.0,0.0,0,1,0.00029021989549549073,0.0,0,1877,,1,False
100000001126374100,terminal,0.756,0,0.6202193933928077,"Признаки удержания: осталось 84% входящего потока (182,5 тыс. KZT от 4 плательщиков); колено 1.",1,False,4,2,182500.0,29200.0,7,4,0.16,0.84,0.0,1,1,0.0003135004104490038,3.923307657464331e-05,0,1877,0.7534246575342466,1,False
100000001130176100,terminal,0.7,0,0.2995143831553974,Признаки удержания: осталось 100% входящего потока (25 тыс. KZT от 1 плательщиков); колено 3.,3,False,1,0,25000.0,0.0,2,0,0.0,1.0,0.0,0,0,0.0005580456003895467,0.0,0,1877,,1,False
100000001130553100,boundary,0.5,5,0.2817652728351127,"Граница выгрузки: колено 4; исходящие здесь не собирались, вывод об удержании невозможен.",4,False,1,0,18000.0,0.0,2,0,0.0,1.0,0.0,0,0,0.0005436529519802218,0.0,0,1877,,1,True
100000001131403100,boundary,0.5,57,0.3,"Граница выгрузки: колено 4; исходящие здесь не собирались, вывод об удержании невозможен.",4,False,1,0,1570000.0,0.0,3,0,0.0,1.0,0.0,0,0,0.00053804192960076,0.0,0,1877,,1,True
100000001138283100,peripheral,0.5,6,0.3,"Явное правило роли не сработало: 1 плательщиков и 2 получателей; входящий поток 81,8 тыс. KZT.",3,False,1,2,81805.0,50000.0,1,2,0.6112095837662734,0.38879041623372657,0.0,0,0,0.0003022132575532862,1.9022097733160393e-05,0,1877,0.8,1,False
100000001138376100,terminal,0.9,15,0.2424117734282325,"Признаки удержания: осталось 100% входящего потока (15,3 тыс. KZT от 1 плательщиков); колено 2.",2,False,1,0,15300.0,0.0,1,0,0.0,1.0,0.0,0,1,0.00029043685037690294,0.0,0,1877,,1,False
100000001140785100,terminal,0.7,2,0.49519202253855277,Признаки удержания: осталось 100% входящего потока (215 тыс. KZT от 2 плательщиков); колено 3.,3,False,2,0,215000.0,0.0,2,0,0.0,1.0,0.0,0,0,0.0003153466781884739,0.0,0,1877,,2,False
100000001141268100,terminal,0.6854,21,0.6194061387900356,Признаки удержания: осталось 98% входящего потока (480 тыс. KZT от 2 плательщиков); колено 3.,3,False,2,1,480000.0,10000.0,2,1,0.020833333333333332,0.9791666666666666,0.0,0,0,0.00036486256771000946,2.2390594206740877e-05,0,1877,1.0,2,False
100000001145749100,terminal,0.7,3,0.2533400059311981,Признаки удержания: осталось 100% входящего потока (10 тыс. KZT от 1 плательщиков); колено 3.,3,False,1,0,10000.0,0.0,1,0,0.0,1.0,0.0,0,0,0.0004785089150229722,0.0,0,1877,,1,False
100000001149815100,terminal,0.7,1,0.18834890272835111,Признаки удержания: осталось 100% входящего потока (12 тыс. KZT от 1 плательщиков); колено 3.,3,False,1,0,12000.0,0.0,1,0,0.0,1.0,0.0,0,0,0.00028744222756748515,0.0,3,270,,1,False
100000001155773100,terminal,0.7,1,0.21939872479240807,"Признаки удержания: осталось 100% входящего потока (21,5 тыс. KZT от 1 плательщиков); колено 3.",3,False,1,0,21500.0,0.0,1,0,0.0,1.0,0.0,0,0,0.0002889249664697223,0.0,3,270,,1,False
100000001160401100,terminal,0.7,0,0.28679196322657174,"Признаки удержания: осталось 100% входящего потока (47,2 тыс. KZT от 1 плательщиков); колено 3.",3,False,1,0,47190.0,0.0,2,0,0.0,1.0,0.0,0,0,0.00030488851800838674,0.0,0,1877,,1,False
100000001162560100,distributor,0.6,2,0.790688018979834,"Признаки распределения: 12 получателей; исходящий поток 2,9 млн KZT.",1,False,1,12,331300.0,2904398.0,2,14,8.76667069121642,-7.7666706912164205,2573098.0,1,1,0.00032114870693118253,2.972202770806311e-06,0,1877,0.1497315450568414,1,False
100000001164648100,terminal,0.9,18,0.34096604389086593,"Признаки удержания: осталось 100% входящего потока (13,7 тыс. KZT от 2 плательщиков); колено 1.",1,False,2,0,13660.0,0.0,2,0,0.0,1.0,0.0,1,1,0.00029014259597535177,0.0,0,1877,,1,False
100000001166289100,terminal,0.8688,1,0.6447768386714116,Признаки удержания: осталось 97% входящего потока (721 тыс. KZT от 2 плательщиков); колено 2.,2,False,2,1,721039.0,25000.0,10,1,0.0346721883282319,0.9653278116717681,0.0,0,1,0.0020021280906723886,0.0,3,270,1.0,1,False
100000001169666100,terminal,0.6236,7,0.4138382265717675,Признаки удержания: осталось 89% входящего потока (220 тыс. KZT от 1 плательщиков); колено 3.,3,False,1,1,220000.0,24000.0,2,1,0.10909090909090909,0.8909090909090909,0.0,0,0,0.0003195447456388584,2.19943005039667e-05,0,1877,0.0,1,False
100000001184915100,terminal,0.9,15,0.4001964709371293,Признаки удержания: осталось 100% входящего потока (201 тыс. KZT от 1 плательщиков); колено 2.,2,False,1,0,201000.0,0.0,2,0,0.0,1.0,0.0,0,1,0.00034951562023572384,0.0,0,1877,,1,False
100000001194266100,terminal,0.9,3,0.34496218861209965,Признаки удержания: осталось 100% входящего потока (50 тыс. KZT от 1 плательщиков); колено 1.,1,False,1,0,50000.0,0.0,1,0,0.0,1.0,0.0,1,2,0.00029558111590539824,0.0,0,1877,,1,False
100000001202637100,boundary,0.5,7,0.26170299525504154,"Граница выгрузки: колено 4; исходящие здесь не собирались, вывод об удержании невозможен.",4,False,1,0,10000.0,0.0,1,0,0.0,1.0,0.0,0,0,0.0005487659443752248,0.0,0,1877,,1,True
100000001202787100,boundary,0.5,0,0.3,"Граница выгрузки: колено 4; исходящие здесь не собирались, вывод об удержании невозможен.",4,False,2,0,14850.0,0.0,2,0,0.0,1.0,0.0,0,0,0.00035114494940795553,0.0,0,1877,,1,True
100000001220124100,boundary,0.5,6,0.3,"Граница выгрузки: колено 4; исходящие здесь не собирались, вывод об удержании невозможен.",4,False,1,0,40000.0,0.0,1,0,0.0,1.0,0.0,0,0,0.0005395565851958803,0.0,0,1877,,1,True
100000001222245100,boundary,0.5,5,0.3,"Граница выгрузки: колено 4; исходящие здесь не собирались, вывод об удержании невозможен.",4,False,1,0,420000.0,0.0,5,0,0.0,1.0,0.0,0,0,0.0005491629789918046,0.0,0,1877,,1,True
100000001222263100,peripheral,0.5,5,0.3,"Явное правило роли не сработало: 1 плательщиков и 1 получателей; входящий поток 745,6 тыс. KZT.",3,False,1,1,745570.0,420000.0,1,5,0.5633273870998028,0.4366726129001972,0.0,0,0,0.00030973260213170513,1.922024458454748e-05,0,1877,0.7142857142857143,1,False
100000001223977100,peripheral,0.5,51,0.3,Явное правило роли не сработало: 1 плательщиков и 1 получателей; входящий поток 5 тыс. KZT.,3,False,1,1,5000.0,18000.0,1,1,3.6,-2.6,13000.0,0,0,0.00030554127989763816,2.4173915869224665e-05,0,1877,0.0,1,False
100000001227106100,terminal,0.7,5,0.31579552194543303,"Признаки удержания: осталось 100% входящего потока (164,8 тыс. KZT от 1 плательщиков); колено 3.",3,False,1,0,164765.0,0.0,1,0,0.0,1.0,0.0,0,0,0.00029090919178360717,0.0,0,1877,,1,False
100000001229743100,peripheral,0.5,0,0.2476791518386714,Явное правило роли не сработало: 1 плательщиков и 1 получателей; входящий поток 7 тыс. KZT.,3,False,1,1,7000.0,9000.0,1,1,1.2857142857142858,-0.2857142857142858,2000.0,0,0,0.0002884350404884854,1.922024458454748e-05,0,1877,0.0,1,False
100000001232297100,peripheral,0.5,13,0.3,Явное правило роли не сработало: 1 плательщиков и 2 получателей; входящий поток 5 тыс. KZT.,2,False,1,2,5000.0,45000.0,1,2,9.0,-8.0,40000.0,0,1,0.0002921518328065597,0.0,0,1877,0.0,1,False
100000001236706100,peripheral,0.5,13,0.3,"Явное правило роли не сработало: 3 плательщиков и 2 получателей; входящий поток 142,7 тыс. KZT.",3,False,3,2,142700.0,36000.0,3,2,0.25227750525578135,0.7477224947442187,0.0,0,0,0.0007662915221773794,3.923307657464331e-05,0,1877,0.0,2,False
100000001241318100,terminal,0.9,0,0.36460928232502965,Признаки удержания: осталось 100% входящего потока (53 тыс. KZT от 1 плательщиков); колено 2.,2,False,1,0,53000.0,0.0,1,0,0.0,1.0,0.0,0,1,0.0005308383624756592,0.0,0,1877,,1,False
100000001246806100,boundary,0.5,2,0.3,"Граница выгрузки: колено 4; исходящие здесь не собирались, вывод об удержании невозможен.",4,False,1,0,130000.0,0.0,1,0,0.0,1.0,0.0,0,0,0.0005329767614424808,0.0,0,1877,,1,True
100000001248999100,terminal,0.7,16,0.22317986358244363,"Признаки удержания: осталось 100% входящего потока (23,4 тыс. KZT от 1 плательщиков); колено 3.",3,False,1,0,23425.0,0.0,1,0,0.0,1.0,0.0,0,0,0.0002892563668937372,0.0,0,1877,,1,False
100000001249054100,boundary,0.5,7,0.2194432087781732,"Граница выгрузки: колено 4; исходящие здесь не собирались, вывод об удержании невозможен.",4,False,1,0,17375.0,0.0,1,0,0.0,1.0,0.0,0,0,0.00029207326082160943,0.0,0,1877,,1,True
100000001250022100,terminal,0.9,8,0.31065020759193357,Признаки удержания: осталось 100% входящего потока (50 тыс. KZT от 1 плательщиков); колено 2.,2,False,1,0,50000.0,0.0,1,0,0.0,1.0,0.0,0,1,0.0002950458326603053,0.0,0,1877,,1,False
100000001251686100,terminal,0.9,3,0.264386862396204,Признаки удержания: осталось 100% входящего потока (18 тыс. KZT от 1 плательщиков); колено 2.,2,False,1,0,18000.0,0.0,1,0,0.0,1.0,0.0,0,1,0.0002965688423999929,0.0,0,1877,,1,False
100000001252290100,terminal,0.6752,5,0.35196100237247924,Признаки удержания: осталось 96% входящего потока (141 тыс. KZT от 1 плательщиков); колено 3.,3,False,1,1,141005.0,5000.0,1,1,0.03545973547037339,0.9645402645296266,0.0,0,0,0.000290139149807607,1.922024458454748e-05,0,1877,0.0,1,False
100000001253557100,consolidator,0.7,2,0.5771129893238434,"Признаки сбора: 5 плательщиков, из них seed: 1; входящий поток 210,2 тыс. KZT.",1,False,5,0,210200.0,0.0,5,0,0.0,1.0,0.0,1,2,0.00035106592298765355,0.0,0,1877,,1,False
100000001256409100,boundary,0.5,20,0.25609801304863583,"Граница выгрузки: колено 4; исходящие здесь не собирались, вывод об удержании невозможен.",4,False,1,0,8000.0,0.0,1,0,0.0,1.0,0.0,0,0,0.0005471647850140195,0.0,0,1877,,1,True
100000001262647100,terminal,0.9,15,0.28542778766310795,"Признаки удержания: осталось 100% входящего потока (23,6 тыс. KZT от 1 плательщиков); колено 2.",2,False,1,0,23650.0,0.0,1,0,0.0,1.0,0.0,0,1,0.00030339197249201576,0.0,0,1877,,1,False
100000001270349100,terminal,0.7,8,0.36704107354685644,Признаки удержания: осталось 100% входящего потока (200 тыс. KZT от 1 плательщиков); колено 3.,3,False,1,0,200000.0,0.0,1,0,0.0,1.0,0.0,0,0,0.0003553003383239651,0.0,0,1877,,1,False
100000001270470100,boundary,0.5,0,0.29275281731909847,"Граница выгрузки: колено 4; исходящие здесь не собирались, вывод об удержании невозможен.",4,False,1,0,28300.0,0.0,2,0,0.0,1.0,0.0,0,0,0.000429741305607408,0.0,0,1877,,1,True
100000001273783100,terminal,0.9,11,0.27528543890865953,"Признаки удержания: осталось 100% входящего потока (23,2 тыс. KZT от 1 плательщиков); колено 2.",2,False,1,0,23200.0,0.0,1,0,0.0,1.0,0.0,0,1,0.0002966231104571262,0.0,0,1877,,1,False
100000001275557100,boundary,0.5,23,0.26459445432977463,"Граница выгрузки: колено 4; исходящие здесь не собирались, вывод об удержании невозможен.",4,False,1,0,20000.0,0.0,1,0,0.0,1.0,0.0,0,0,0.0003475117995580225,0.0,0,1877,,1,True
100000001275752100,terminal,0.7,2,0.3192652728351127,"Признаки удержания: осталось 100% входящего потока (151,5 тыс. KZT от 1 плательщиков); колено 3.",3,False,1,0,151500.0,0.0,1,0,0.0,1.0,0.0,0,0,0.00029337452908966797,0.0,0,1877,,1,False
100000001276409100,boundary,0.5,7,0.3,"Граница выгрузки: колено 4; исходящие здесь не собирались, вывод об удержании невозможен.",4,False,1,0,94760.0,0.0,1,0,0.0,1.0,0.0,0,0,0.00032104071150795133,0.0,0,1877,,1,True
100000001279272100,peripheral,0.5,0,0.3,Явное правило роли не сработало: 1 плательщиков и 2 получателей; входящий поток 250 тыс. KZT.,3,False,1,2,250000.0,136758.0,1,2,0.547032,0.45296800000000004,0.0,0,0,0.0003077398575230603,0.00029919545413681874,0,1877,0.9505842437005514,1,False
100000001279875100,terminal,0.9,9,0.3208815243179122,"Признаки удержания: осталось 100% входящего потока (49,2 тыс. KZT от 1 плательщиков); колено 2.",2,False,1,0,49235.0,0.0,1,0,0.0,1.0,0.0,0,1,0.0003032727428264067,0.0,0,1877,,1,False
100000001280798100,terminal,0.7,7,0.2395499703440095,"Признаки удержания: осталось 100% входящего потока (23,8 тыс. KZT от 1 плательщиков); колено 3.",3,False,1,0,23785.0,0.0,1,0,0.0,1.0,0.0,0,0,0.0002944311629865574,0.0,0,1877,,1,False
100000001282143100,consolidator,0.6667,9,0.6334297153024911,"Признаки сбора: 5 плательщиков, из них seed: 0; входящий поток 1,7 млн KZT.",3,False,5,0,1700000.0,0.0,6,0,0.0,1.0,0.0,0,0,0.00040176306143270535,0.0,0,1877,,4,False
100000001285440100,terminal,0.7,21,0.5028432680901542,Признаки удержания: осталось 100% входящего потока (243 тыс. KZT от 2 плательщиков); колено 3.,3,False,2,0,243000.0,0.0,2,0,0.0,1.0,0.0,0,0,0.0003203647790984497,0.0,0,1877,,2,False
100000001286703100,boundary,0.5,39,0.2106353795966785,"Граница выгрузки: колено 4; исходящие здесь не собирались, вывод об удержании невозможен.",4,False,1,0,20500.0,0.0,1,0,0.0,1.0,0.0,0,0,0.0002872398381747619,0.0,0,1877,,1,True
100000001287955100,peripheral,0.5,9,0.3,"Явное правило роли не сработало: 1 плательщиков и 4 получателей; входящий поток 17,5 тыс. KZT.",2,False,1,4,17520.0,310000.0,1,5,17.69406392694064,-16.69406392694064,292480.0,0,1,0.0002939168313087527,0.0006803041897623334,0,1877,0.7409677419354839,1,False
100000001290243100,terminal,0.9,4,0.26460928232502967,Признаки удержания: осталось 100% входящего потока (10 тыс. KZT от 1 плательщиков); колено 2.,2,False,1,0,10000.0,0.0,1,0,0.0,1.0,0.0,0,1,0.00031994897355357534,0.0,0,1877,,1,False
100000001297206100,boundary,0.5,0,0.2053862692763938,"Граница выгрузки: колено 4; исходящие здесь не собирались, вывод об удержании невозможен.",4,False,1,0,6758.0,0.0,1,0,0.0,1.0,0.0,0,0,0.00029851097242758,0.0,0,1877,,1,True
100000001298099100,terminal,0.7,7,0.22446989916963225,Признаки удержания: осталось 100% входящего потока (19 тыс. KZT от 1 плательщиков); колено 3.,3,False,1,0,19000.0,0.0,1,0,0.0,1.0,0.0,0,0,0.0002926483569297594,0.0,0,1877,,1,False
100000001299323100,boundary,0.5,2,0.3,"Граница выгрузки: колено 4; исходящие здесь не собирались, вывод об удержании невозможен.",4,False,1,0,109000.0,0.0,1,0,0.0,1.0,0.0,0,0,0.0002999090853734995,0.0,0,1877,,1,True
100000001299443100,boundary,0.5,18,0.18852683867141162,"Граница выгрузки: колено 4; исходящие здесь не собирались, вывод об удержании невозможен.",4,False,1,0,8000.0,0.0,1,0,0.0,1.0,0.0,0,0,0.00028985049114896067,0.0,0,1877,,1,True
100000001299828100,boundary,0.5,0,0.3,"Граница выгрузки: колено 4; исходящие здесь не собирались, вывод об удержании невозможен.",4,False,1,0,100000.0,0.0,1,0,0.0,1.0,0.0,0,0,0.0005472629597932584,0.0,0,1877,,1,True
100000001303311100,consolidator,0.6667,21,0.6368994661921709,"Признаки сбора: 5 плательщиков, из них seed: 0; входящий поток 1,3 млн KZT.",3,False,5,0,1324000.0,0.0,5,0,0.0,1.0,0.0,0,0,0.0005016994290161644,0.0,0,1877,,4,False
100000001307612100,terminal,0.9,1,0.29450252075919336,"Признаки удержания: осталось 100% входящего потока (38,5 тыс. KZT от 1 плательщиков); колено 1.",1,False,1,0,38483.0,0.0,1,0,0.0,1.0,0.0,1,1,0.00029364642514740773,0.0,3,270,,1,False
100000001308856100,terminal,0.9,1,0.28146871293001186,Признаки удержания: осталось 100% входящего потока (27 тыс. KZT от 1 плательщиков); колено 2.,2,False,1,0,27000.0,0.0,1,0,0.0,1.0,0.0,0,1,0.0002947395016034872,0.0,3,270,,1,False
100000001311175100,boundary,0.5,9,0.3,"Граница выгрузки: колено 4; исходящие здесь не собирались, вывод об удержании невозможен.",4,False,1,0,300000.0,0.0,1,0,0.0,1.0,0.0,0,0,0.0005315144876960898,0.0,0,1877,,1,True
100000001317336100,peripheral,0.5,31,0.3,"Явное правило роли не сработало: 1 плательщиков и 2 получателей; входящий поток 131,2 тыс. KZT.",3,False,1,2,131196.0,1752000.0,1,3,13.354065672733924,-12.354065672733924,1620804.0,0,0,0.0003438491368028857,4.0025663980191654e-05,0,1877,0.0,1,False
100000001325618100,boundary,0.5,18,0.19284178529062873,"Граница выгрузки: колено 4; исходящие здесь не собирались, вывод об удержании невозможен.",4,False,1,0,9300.0,0.0,1,0,0.0,1.0,0.0,0,0,0.000290546185650357,0.0,0,1877,,1,True
100000001329153100,terminal,0.7,0,0.32046634045077105,"Признаки удержания: осталось 100% входящего потока (150,7 тыс. KZT от 1 плательщиков); колено 3.",3,False,1,0,150687.0,0.0,1,0,0.0,1.0,0.0,0,0,0.00029405598109260987,0.0,0,1877,,1,False
100000001330595100,peripheral,0.5,25,0.3,Явное правило роли не сработало: 3 плательщиков и 1 получателей; входящий поток 87 тыс. KZT.,2,False,3,1,87000.0,154000.0,6,1,1.7701149425287357,-0.7701149425287357,67000.0,0,1,0.0006755694259219613,1.1888811083225246e-06,6,17,0.0,2,False
100000001330685100,consolidator,0.6,5,0.6693171708185053,"Признаки сбора: 3 плательщиков, из них seed: 1; входящий поток 2,4 млн KZT.",1,False,3,1,2435923.0,100500.0,7,1,0.04125746175063826,0.9587425382493617,0.0,1,1,0.0004382160258847987,1.922024458454748e-05,0,1877,0.0,2,False
100000001339466100,terminal,0.9,3,0.2992623072360617,Признаки удержания: осталось 100% входящего потока (30 тыс. KZT от 1 плательщиков); колено 2.,2,False,1,0,30000.0,0.0,1,0,0.0,1.0,0.0,0,1,0.0003039018745217943,0.0,0,1877,,1,False
100000001346560100,peripheral,0.5,3,0.3,Явное правило роли не сработало: 2 плательщиков и 1 получателей; входящий поток 10 тыс. KZT.,2,False,2,1,10000.0,22200.0,2,1,2.22,-1.2200000000000002,12200.0,0,2,0.0005866163489075494,2.5759090680321364e-05,0,1877,1.0,1,False
100000001362940100,terminal,0.9,3,0.37320951957295373,Признаки удержания: осталось 100% входящего потока (81 тыс. KZT от 1 плательщиков); колено 1.,1,False,1,0,81000.0,0.0,1,0,0.0,1.0,0.0,1,2,0.00030178844535202483,0.0,0,1877,,1,False
100000001363952100,peripheral,0.5,6,0.3,"Явное правило роли не сработало: 2 плательщиков и 1 получателей; входящий поток 196,7 тыс. KZT.",1,False,2,1,196655.0,91000.0,2,2,0.4627393150441128,0.5372606849558872,0.0,1,1,0.00030709529312419024,1.922024458454748e-05,0,1877,0.10989010989010989,1,False
100000001373265100,terminal,0.6754,6,0.3860357354685646,"Признаки удержания: осталось 96% входящего потока (142,5 тыс. KZT от 1 плательщиков); колено 3.",3,False,1,1,142482.0,5000.0,1,1,0.0350921519911287,0.9649078480088713,0.0,0,0,0.0003145585391783481,1.922024458454748e-05,0,1877,0.0,1,False
100000001378288100,boundary,0.5,6,0.3,"Граница выгрузки: колено 4; исходящие здесь не собирались, вывод об удержании невозможен.",4,False,1,0,268000.0,0.0,3,0,0.0,1.0,0.0,0,0,0.0005234508868762802,0.0,0,1877,,1,True
100000001379511100,terminal,0.7,2,0.2986247034400949,Признаки удержания: осталось 100% входящего потока (55 тыс. KZT от 1 плательщиков); колено 3.,3,False,1,0,55000.0,0.0,1,0,0.0,1.0,0.0,0,0,0.0003072907911907118,0.0,0,1877,,1,False
100000001380054100,peripheral,0.5,29,0.3,Явное правило роли не сработало: 2 плательщиков и 3 получателей; входящий поток 127 тыс. KZT.,1,False,2,3,127050.0,360000.0,2,4,2.833530106257379,-1.833530106257379,232950.0,1,1,0.0007164305424822365,2.774055919419224e-06,5,13,0.5555555555555556,1,False
100000001380107100,terminal,0.7,55,0.1884823546856465,Признаки удержания: осталось 100% входящего потока (6 тыс. KZT от 1 плательщиков); колено 3.,3,False,1,0,6000.0,0.0,1,0,0.0,1.0,0.0,0,0,0.00029094848350339587,0.0,0,1877,,1,False
100000001380986100,terminal,0.9,2,0.3192356168446026,"Признаки удержания: осталось 100% входящего потока (70,2 тыс. KZT от 1 плательщиков); колено 2.",2,False,1,0,70170.0,0.0,1,0,0.0,1.0,0.0,0,1,0.000292172266547817,0.0,0,1877,,1,False
100000001382002100,transit,0.9318,0,0.4058485172004745,"Признаки транзита: получено 55 тыс., отправлено 56,5 тыс. KZT; передано дальше 103% входящего потока. 0% исходящих сумм попали в окно 2 дней после входящего.",2,False,1,1,55000.0,56500.0,2,3,1.0272727272727273,-0.027272727272727337,1500.0,0,1,0.0006633074267595731,0.0,0,1877,0.0,1,False
100000001384826100,terminal,0.6808,5,0.4026282621589561,"Признаки удержания: осталось 97% входящего потока (364,3 тыс. KZT от 1 плательщиков); колено 3.",3,False,1,1,364260.0,10000.0,1,1,0.027452918245209467,0.9725470817547905,0.0,0,0,0.0002973746599655164,1.922024458454748e-05,0,1877,0.0,1,False
100000001386612100,terminal,0.9,19,0.397942615658363,"Признаки удержания: осталось 100% входящего потока (62,3 тыс. KZT от 1 плательщиков); колено 2.",2,False,1,0,62264.0,0.0,1,0,0.0,1.0,0.0,0,2,0.0004337700956812129,0.0,0,1877,,1,False
100000001389255100,terminal,0.9,1,0.2396982502965599,"Признаки удержания: осталось 100% входящего потока (16,1 тыс. KZT от 1 плательщиков); колено 1.",1,False,1,0,16136.0,0.0,1,0,0.0,1.0,0.0,1,1,0.00028895605160856404,0.0,3,270,,1,False
100000001411870100,terminal,0.9,8,0.5926267793594306,Признаки удержания: осталось 100% входящего потока (900 тыс. KZT от 2 плательщиков); колено 1.,1,False,2,0,900000.0,0.0,4,0,0.0,1.0,0.0,1,2,0.0004780448174649528,0.0,0,1877,,1,False
100000001415126100,terminal,0.9,19,0.23188908659549232,Признаки удержания: осталось 100% входящего потока (27 тыс. KZT от 1 плательщиков); колено 0. Входящие извне выборки не наблюдаются.,0,True,1,0,27000.0,0.0,1,0,0.0,1.0,0.0,0,0,0.0004096189054308049,0.0,0,1877,,1,False
100000001418900100,terminal,0.9,1,0.30606835705812574,"Признаки удержания: осталось 100% входящего потока (40,1 тыс. KZT от 1 плательщиков); колено 2.",2,False,1,0,40140.0,0.0,2,0,0.0,1.0,0.0,0,1,0.00029920233586476936,0.0,3,270,,1,False
100000001420847100,terminal,0.9,17,0.27724273428232504,Признаки удержания: осталось 100% входящего потока (20 тыс. KZT от 1 плательщиков); колено 2.,2,False,1,0,20000.0,0.0,2,0,0.0,1.0,0.0,0,1,0.00030282570687728154,0.0,0,1877,,1,False
100000001427082100,peripheral,0.5,22,0.3,Явное правило роли не сработало: 1 плательщиков и 5 получателей; входящий поток 5 тыс. KZT.,3,False,1,5,5000.0,124900.0,1,6,24.98,-23.98,119900.0,0,0,0.0004392450523980504,7.846615314928662e-05,0,1877,0.0,1,False
100000001429930100,terminal,0.9,13,0.2227431791221827,Признаки удержания: осталось 100% входящего потока (26 тыс. KZT от 1 плательщиков); колено 0. Входящие извне выборки не наблюдаются.,0,True,1,0,26000.0,0.0,1,0,0.0,1.0,0.0,0,0,0.00035079789147407785,0.0,0,1877,,1,False
100000001439416100,peripheral,0.5,0,0.3,Явное правило роли не сработало: 1 плательщиков и 2 получателей; входящий поток 10 тыс. KZT.,3,False,1,2,10000.0,165000.0,1,3,16.5,-15.5,155000.0,0,0,0.00034089967599193374,1.981468513870874e-05,0,1877,0.0,1,False
100000001445848100,peripheral,0.5,35,0.3,Явное правило роли не сработало: 1 плательщиков и 1 получателей; входящий поток 546 тыс. KZT.,3,False,1,1,546000.0,351850.0,13,14,0.6444139194139195,0.35558608058608054,0.0,0,0,0.0007020167320692293,0.0,0,1877,0.6863720335370186,1,False
100000001463701100,terminal,0.9,11,0.6305419632265717,Признаки удержания: осталось 100% входящего потока (621 тыс. KZT от 2 плательщиков); колено 1.,1,False,2,0,621000.0,0.0,2,0,0.0,1.0,0.0,1,2,0.0005722109368497138,0.0,0,1877,,2,False
100000001471706100,boundary,0.5,19,0.3,"Граница выгрузки: колено 4; исходящие здесь не собирались, вывод об удержании невозможен.",4,False,1,0,377000.0,0.0,8,0,0.0,1.0,0.0,0,0,0.0005401265380892355,0.0,0,1877,,1,True
100000001477796100,terminal,0.9,3,0.3904989620403322,Признаки удержания: осталось 100% входящего потока (182 тыс. KZT от 1 плательщиков); колено 1.,1,False,1,0,182000.0,0.0,1,0,0.0,1.0,0.0,1,1,0.0003306619019813842,0.0,0,1877,,1,False
100000001484381100,terminal,0.7,7,0.43481242586002367,"Признаки удержания: осталось 100% входящего потока (95,6 тыс. KZT от 2 плательщиков); колено 3.",3,False,2,0,95585.0,0.0,4,0,0.0,1.0,0.0,0,0,0.0003213079861341874,0.0,0,1877,,1,False
100000001490461100,peripheral,0.5,7,0.3,Явное правило роли не сработало: 1 плательщиков и 1 получателей; входящий поток 20 тыс. KZT.,2,False,1,1,20000.0,5000.0,1,1,0.25,0.75,0.0,0,1,0.00032099043429899374,2.19943005039667e-05,0,1877,0.0,1,False
100000001498732100,boundary,0.5,2,0.1821211447212337,"Граница выгрузки: колено 4; исходящие здесь не собирались, вывод об удержании невозможен.",4,False,1,0,5500.0,0.0,1,0,0.0,1.0,0.0,0,0,0.0002894096098235812,0.0,0,1877,,1,True
100000001524952100,terminal,0.9,0,0.3562018090154211,"Признаки удержания: осталось 100% входящего потока (103,8 тыс. KZT от 1 плательщиков); колено 1.",1,False,1,0,103807.0,0.0,1,0,0.0,1.0,0.0,1,1,0.00030504892931036134,0.0,0,1877,,1,False
100000001526235100,peripheral,0.5,26,0.3,Явное правило роли не сработало: 3 плательщиков и 8 получателей; входящий поток 82 тыс. KZT.,2,False,3,8,82000.0,432750.0,4,9,5.277439024390244,-4.277439024390244,350750.0,0,1,0.000877856226737769,0.0002566001725462782,0,1877,0.1346042749855575,1,False
100000001527186100,terminal,0.9,3,0.47908140569395014,Признаки удержания: осталось 100% входящего потока (678 тыс. KZT от 1 плательщиков); колено 1.,1,False,1,0,678000.0,0.0,2,0,0.0,1.0,0.0,1,2,0.0004213295963080267,0.0,0,1877,,1,False
100000001530709100,terminal,0.7,0,0.26299303084223014,Признаки удержания: осталось 100% входящего потока (54 тыс. KZT от 1 плательщиков); колено 3.,3,False,1,0,53961.0,0.0,1,0,0.0,1.0,0.0,0,0,0.00028860837595943913,0.0,0,1877,,1,False
100000001530740100,terminal,0.9,4,0.3019758303677343,Признаки удержания: осталось 100% входящего потока (15 тыс. KZT от 1 плательщиков); колено 2.,2,False,1,0,15000.0,0.0,1,0,0.0,1.0,0.0,0,1,0.0005298197024409163,0.0,0,1877,,1,False
100000001530983100,distributor,0.5917,4,0.8495106761565836,"Признаки распределения: 11 получателей; исходящий поток 1,8 млн KZT.",1,False,4,11,564158.0,1829538.0,4,17,3.24295321523403,-2.24295321523403,1265380.0,2,2,0.00035609030999176293,0.0003320721066079377,0,1877,0.15648212827500713,1,False
100000001533161100,boundary,0.5,45,0.3,"Граница выгрузки: колено 4; исходящие здесь не собирались, вывод об удержании невозможен.",4,False,1,0,100000.0,0.0,1,0,0.0,1.0,0.0,0,0,0.0003244427669685303,0.0,0,1877,,1,True
100000001534244100,terminal,0.6139,2,0.5750185349940687,Признаки удержания: осталось 88% входящего потока (366 тыс. KZT от 2 плательщиков); колено 3.,3,False,2,1,366000.0,45000.0,2,1,0.12295081967213115,0.8770491803278688,0.0,0,0,0.00034150708804052437,2.159800680119253e-05,0,1877,0.0,2,False
100000001537524100,boundary,0.5,9,0.3,"Граница выгрузки: колено 4; исходящие здесь не собирались, вывод об удержании невозможен.",4,False,1,0,150000.0,0.0,1,0,0.0,1.0,0.0,0,0,0.0002986714418382267,0.0,0,1877,,1,True
100000001538095100,terminal,0.7,9,0.51027209371293,Признаки удержания: осталось 100% входящего потока (280 тыс. KZT от 2 плательщиков); колено 3.,3,False,2,0,280000.0,0.0,2,0,0.0,1.0,0.0,0,0,0.00033013522666239774,0.0,0,1877,,2,False
100000001541418100,terminal,0.9,2,0.4559126631079478,"Признаки удержания: осталось 100% входящего потока (96,9 тыс. KZT от 2 плательщиков); колено 2.",2,False,2,0,96900.0,0.0,2,0,0.0,1.0,0.0,0,1,0.0003035306386081874,0.0,0,1877,,1,False
100000001549194100,terminal,0.7,14,0.27762826215895614,"Признаки удержания: осталось 100% входящего потока (46,5 тыс. KZT от 1 плательщиков); колено 3.",3,False,1,0,46500.0,0.0,1,0,0.0,1.0,0.0,0,0,0.0002987125955300956,0.0,0,1877,,1,False
100000001550388100,terminal,0.9,0,0.3105834816132859,Признаки удержания: осталось 100% входящего потока (50 тыс. KZT от 1 плательщиков); колено 1.,1,False,1,0,50000.0,0.0,1,0,0.0,1.0,0.0,1,1,0.0002949519153763026,0.0,0,1877,,1,False
100000001550419100,terminal,0.7,14,0.2316318208778173,Признаки удержания: осталось 100% входящего потока (23 тыс. KZT от 1 плательщиков); колено 3.,3,False,1,0,23000.0,0.0,1,0,0.0,1.0,0.0,0,0,0.0002920702819634094,0.0,0,1877,,1,False
100000001554432100,terminal,0.9,3,0.3513678825622775,"Признаки удержания: осталось 100% входящего потока (53,9 тыс. KZT от 1 плательщиков); колено 1.",1,False,1,0,53920.0,0.0,1,0,0.0,1.0,0.0,1,2,0.00029636604272574585,0.0,0,1877,,1,False
100000001557930100,terminal,0.9,8,0.2863619513641755,"Признаки удержания: осталось 100% входящего потока (34,6 тыс. KZT от 1 плательщиков); колено 2.",2,False,1,0,34610.0,0.0,1,0,0.0,1.0,0.0,0,1,0.0002921289541275454,0.0,0,1877,,1,False
100000001567366100,terminal,0.9,4,0.44401319691577695,"Признаки удержания: осталось 100% входящего потока (824,1 тыс. KZT от 1 плательщиков); колено 1.",1,False,1,0,824070.0,0.0,4,0,0.0,1.0,0.0,1,1,0.00037417169658699974,0.0,0,1877,,1,False
100000001578517100,terminal,0.9,4,0.3085520462633452,Признаки удержания: осталось 100% входящего потока (30 тыс. KZT от 1 плательщиков); колено 2.,2,False,1,0,30000.0,0.0,1,0,0.0,1.0,0.0,0,2,0.00029053829816639534,0.0,0,1877,,1,False
100000001584286100,terminal,0.9,9,0.5363841933570581,"Признаки удержания: осталось 100% входящего потока (738,7 тыс. KZT от 2 плательщиков); колено 2.",2,False,2,0,738699.0,0.0,3,0,0.0,1.0,0.0,0,1,0.00032848499407064284,0.0,0,1877,,1,False
100000001590795100,boundary,0.5,18,0.175448546856465,"Граница выгрузки: колено 4; исходящие здесь не собирались, вывод об удержании невозможен.",4,False,1,0,5060.0,0.0,1,0,0.0,1.0,0.0,0,0,0.00028827715127657203,0.0,0,1877,,1,True
100000001597424100,terminal,0.7,14,0.28078662514827996,"Признаки удержания: осталось 100% входящего потока (48,1 тыс. KZT от 1 плательщиков); колено 3.",3,False,1,0,48100.0,0.0,1,0,0.0,1.0,0.0,0,0,0.00029916483815591255,0.0,0,1877,,1,False
100000001597505100,peripheral,0.5,32,0.3,"Явное правило роли не сработало: 1 плательщиков и 1 получателей; входящий поток 26,5 тыс. KZT.",2,False,1,1,26460.0,12920.0,1,1,0.48828420256991684,0.5117157974300832,0.0,0,1,0.00031475890283167617,9.788454458522118e-06,0,1877,0.0,1,False
100000001598625100,boundary,0.5,6,0.2864138493475682,"Граница выгрузки: колено 4; исходящие здесь не собирались, вывод об удержании невозможен.",4,False,1,0,25000.0,0.0,1,0,0.0,1.0,0.0,0,0,0.0004288818435522478,0.0,0,1877,,1,True
100000001600934100,terminal,0.6573,6,0.400448546856465,"Признаки удержания: осталось 94% входящего потока (180,3 тыс. KZT от 1 плательщиков); колено 3.",3,False,1,1,180300.0,11000.0,2,1,0.06100942872989462,0.9389905712701054,0.0,0,0,0.0023668517583921712,0.0,0,1877,0.0,1,False
100000001601320100,transit,0.8448,10,0.5415934638196916,"Признаки транзита: получено 43,5 тыс., отправлено 46,2 тыс. KZT; передано дальше 106% входящего потока. 0% исходящих сумм попали в окно 2 дней после входящего.",2,False,2,1,43500.0,46200.0,2,1,1.0620689655172413,-0.06206896551724128,2700.0,0,1,0.0008117637398617562,9.90734256935437e-07,0,1877,0.0,1,False
100000001609499100,terminal,0.8282,0,0.6035613667175055,"Признаки удержания: осталось 92% входящего потока (263,1 тыс. KZT от 3 плательщиков); колено 1.",1,False,3,2,263113.0,21000.0,3,2,0.07981361620292422,0.9201863837970757,0.0,1,1,0.00032091395654925293,0.0001842231717471561,0,1877,0.47619047619047616,1,False
100000001611488100,terminal,0.7,5,0.5410846678529063,"Признаки удержания: осталось 100% входящего потока (779,3 тыс. KZT от 2 плательщиков); колено 3.",3,False,2,0,779300.0,0.0,3,0,0.0,1.0,0.0,0,0,0.0008775368508533173,0.0,0,1877,,1,False
100000001616816100,consolidator,0.8,8,0.6065742754858567,"Признаки сбора: 5 плательщиков, из них seed: 0; входящий поток 176,2 тыс. KZT. Входящие извне выборки не наблюдаются.",0,True,5,3,176195.0,181326.0,12,10,1.0291211441868384,-0.02912114418683842,5131.0,0,3,0.002434657190684458,0.00010470096527690845,0,1877,0.6939214453525694,1,False
100000001632325100,terminal,0.7,1,0.30529730130486354,"Признаки удержания: осталось 100% входящего потока (85,6 тыс. KZT от 1 плательщиков); колено 3.",3,False,1,0,85600.0,0.0,3,0,0.0,1.0,0.0,0,0,0.0002989295521153433,0.0,3,270,,1,False
100000001633685100,terminal,0.9,0,0.4455478944246738,Признаки удержания: осталось 100% входящего потока (45 тыс. KZT от 3 плательщиков); колено 2.,2,False,3,0,45000.0,0.0,3,0,0.0,1.0,0.0,0,1,0.0003061866332400334,0.0,0,1877,,1,False
100000001637376100,peripheral,0.5,5,0.3,"Явное правило роли не сработало: 1 плательщиков и 1 получателей; входящий поток 116,7 тыс. KZT.",3,False,1,1,116700.0,234250.0,1,2,2.0072836332476434,-1.0072836332476434,117550.0,0,0,0.0002893514448317364,1.922024458454748e-05,0,1877,0.4951974386339381,1,False
100000001639766100,terminal,0.7,8,0.29221900948991697,Признаки удержания: осталось 100% входящего потока (20 тыс. KZT от 1 плательщиков); колено 3.,3,False,1,0,20000.0,0.0,1,0,0.0,1.0,0.0,0,0,0.0006506628579150655,0.0,0,1877,,1,False
100000001641789100,terminal,0.9,8,0.30758081257413994,"Признаки удержания: осталось 100% входящего потока (17,8 тыс. KZT от 1 плательщиков); колено 1.",1,False,1,0,17826.0,0.0,1,0,0.0,1.0,0.0,1,1,0.0004895828148678133,0.0,0,1877,,1,False
100000001641951100,terminal,0.9,3,0.3337077402135231,Признаки удержания: осталось 100% входящего потока (25 тыс. KZT от 1 плательщиков); колено 2.,2,False,1,0,25000.0,0.0,4,0,0.0,1.0,0.0,0,2,0.0003190638874323934,0.0,0,1877,,1,False
100000001648936100,terminal,0.9,8,0.3482836595492289,"Признаки удержания: осталось 100% входящего потока (92,7 тыс. KZT от 1 плательщиков); колено 2.",2,False,1,0,92740.0,0.0,1,0,0.0,1.0,0.0,0,1,0.00030314637772139394,0.0,0,1877,,1,False
100000001650895100,terminal,0.6544,7,0.3914182977461447,"Признаки удержания: осталось 93% входящего потока (153,5 тыс. KZT от 1 плательщиков); колено 3.",3,False,1,1,153500.0,10000.0,1,1,0.06514657980456026,0.9348534201954397,0.0,0,0,0.00030927489327733915,2.19943005039667e-05,0,1877,0.0,1,False
100000001660397100,transit,0.9794,0,0.5698577189096279,"Признаки транзита: получено 48,6 тыс., отправлено 49 тыс. KZT; передано дальше 101% входящего потока. 76% исходящих сумм попали в окно 2 дней после входящего.",1,False,2,3,48600.0,49000.0,2,4,1.008230452674897,-0.008230452674897082,400.0,1,1,0.0002951523346277189,0.0005032951333514933,0,1877,0.7551020408163265,1,False
100000001669260100,boundary,0.5,20,0.3,"Граница выгрузки: колено 4; исходящие здесь не собирались, вывод об удержании невозможен.",4,False,1,0,500000.0,0.0,1,0,0.0,1.0,0.0,0,0,0.0005601153780204312,0.0,0,1877,,1,True
100000001674850100,terminal,0.7,2,0.49786106168446026,Признаки удержания: осталось 100% входящего потока (237 тыс. KZT от 2 плательщиков); колено 3.,3,False,2,0,237000.0,0.0,2,0,0.0,1.0,0.0,0,0,0.0003140936423748864,0.0,0,1877,,2,False
100000001677389100,peripheral,0.5,16,0.24893609134045078,Явное правило роли не сработало: 1 плательщиков и 1 получателей; входящий поток 11 тыс. KZT.,3,False,1,1,11000.0,5400.0,1,1,0.4909090909090909,0.509090909090909,0.0,0,0,0.00028863096954467773,1.922024458454748e-05,0,1877,0.0,1,False
100000001677929100,peripheral,0.5,10,0.3,"Явное правило роли не сработало: 3 плательщиков и 2 получателей; входящий поток 126,8 тыс. KZT.",2,False,3,2,126777.0,286098.0,3,4,2.2567027142147236,-1.2567027142147236,159321.0,0,1,0.0033340919545888554,1.1888811083225246e-06,0,1877,0.27052967864158434,1,False
100000001680944100,terminal,0.7,21,0.38719231909845786,Признаки удержания: осталось 100% входящего потока (393 тыс. KZT от 1 плательщиков); колено 3.,3,False,1,0,393000.0,0.0,1,0,0.0,1.0,0.0,0,0,0.00034558988439926675,0.0,0,1877,,1,False
100000001684867100,terminal,0.9,4,0.2706591043890866,"Признаки удержания: осталось 100% входящего потока (30,6 тыс. KZT от 1 плательщиков); колено 1.",1,False,1,0,30550.0,0.0,1,0,0.0,1.0,0.0,1,1,0.00028885397075253017,0.0,0,1877,,1,False
100000001686328100,terminal,0.7,2,0.33986135824436536,Признаки удержания: осталось 100% входящего потока (140 тыс. KZT от 1 плательщиков); колено 3.,3,False,1,0,140000.0,0.0,1,0,0.0,1.0,0.0,0,0,0.0003150543933476953,0.0,0,1877,,1,False
100000001688676100,terminal,0.7,17,0.33336669632265714,"Признаки удержания: осталось 100% входящего потока (133,7 тыс. KZT от 1 плательщиков); колено 3.",3,False,1,0,133700.0,0.0,1,0,0.0,1.0,0.0,0,0,0.0003084340439985561,0.0,0,1877,,1,False
100000001689968100,terminal,0.7,5,0.5085668742586003,"Признаки удержания: осталось 100% входящего потока (344,3 тыс. KZT от 3 плательщиков); колено 3.",3,False,3,0,344333.75,0.0,3,0,0.0,1.0,0.0,0,0,0.00033914310918301173,0.0,0,1877,,1,False
100000001690439100,terminal,0.7,5,0.26299303084223014,"Признаки удержания: осталось 100% входящего потока (14,2 тыс. KZT от 1 плательщиков); колено 3.",3,False,1,0,14200.0,0.0,1,0,0.0,1.0,0.0,0,0,0.00047706727238734376,0.0,0,1877,,1,False
100000001690558100,terminal,0.7,17,0.4130819988137604,Признаки удержания: осталось 100% входящего потока (740 тыс. KZT от 1 плательщиков); колено 3.,3,False,1,0,740000.0,0.0,1,0,0.0,1.0,0.0,0,0,0.00041212063930432354,0.0,0,1877,,1,False
100000001696818100,terminal,0.9,3,0.32097049228944247,"Признаки удержания: осталось 100% входящего потока (53,5 тыс. KZT от 1 плательщиков); колено 1.",1,False,1,0,53550.0,0.0,1,0,0.0,1.0,0.0,1,1,0.00029883692688634147,0.0,0,1877,,1,False
100000001697501100,distributor,0.8167,1,0.8530904344237222,"Признаки распределения: 38 получателей; исходящий поток 1,5 млн KZT.",1,False,3,38,123700.0,1482606.0,3,55,11.98549717057397,-10.98549717057397,1358906.0,1,1,0.000591604549253487,0.00020547828488840964,3,270,0.4582471674875186,1,False
100000001703168100,peripheral,0.5,3,0.3,Явное правило роли не сработало: 1 плательщиков и 1 получателей; входящий поток 45 тыс. KZT.,2,False,1,1,45000.0,90000.0,1,1,2.0,-1.0,45000.0,0,1,0.00029266343176030765,1.922024458454748e-05,0,1877,1.0,1,False
100000001714173100,terminal,0.7,21,0.42647167852906287,"Признаки удержания: осталось 100% входящего потока (638,9 тыс. KZT от 1 плательщиков); колено 3.",3,False,1,0,638905.0,0.0,6,0,0.0,1.0,0.0,0,0,0.0005706777097822567,0.0,0,1877,,1,False
100000001714413100,terminal,0.7,5,0.3391940984578885,"Признаки удержания: осталось 100% входящего потока (250,2 тыс. KZT от 1 плательщиков); колено 3.",3,False,1,0,250172.0,0.0,1,0,0.0,1.0,0.0,0,0,0.00029367716211375244,0.0,0,1877,,1,False
100000001714883100,boundary,0.5,18,0.1841674080664294,"Граница выгрузки: колено 4; исходящие здесь не собирались, вывод об удержании невозможен.",4,False,1,0,6900.0,0.0,1,0,0.0,1.0,0.0,0,0,0.00028926182657085605,0.0,0,1877,,1,True
100000001716579100,terminal,0.9,1,0.22946693357058123,"Признаки удержания: осталось 100% входящего потока (13,9 тыс. KZT от 1 плательщиков); колено 1.",1,False,1,0,13916.0,0.0,1,0,0.0,1.0,0.0,1,1,0.0002884900996124915,0.0,3,270,,1,False
100000001724740100,boundary,0.5,2,0.3,"Граница выгрузки: колено 4; исходящие здесь не собирались, вывод об удержании невозможен.",4,False,1,0,185000.0,0.0,4,0,0.0,1.0,0.0,0,0,0.0005364804152149869,0.0,0,1877,,1,True
100000001726614100,terminal,0.7,0,0.3227795077105575,"Признаки удержания: осталось 100% входящего потока (138,7 тыс. KZT от 1 плательщиков); колено 3.",3,False,1,0,138717.0,0.0,1,0,0.0,1.0,0.0,0,0,0.0002978710303376365,0.0,0,1877,,1,False
100000001732159100,peripheral,0.5,40,0.3,"Явное правило роли не сработало: 2 плательщиков и 4 получателей; входящий поток 2,4 млн KZT. Входящие извне выборки не наблюдаются.",0,True,2,4,2378100.0,1505966.0,30,23,0.633264370716118,0.36673562928388204,0.0,2,3,0.0010950567872996845,2.027094433598164e-05,0,1877,0.9144735007297642,2,False
100000001733216100,boundary,0.5,0,0.3,"Граница выгрузки: колено 4; исходящие здесь не собирались, вывод об удержании невозможен.",4,False,1,0,60000.0,0.0,2,0,0.0,1.0,0.0,0,0,0.00040765311721545095,0.0,0,1877,,1,True
100000001733687100,terminal,0.7,2,0.36188093119810205,Признаки удержания: осталось 100% входящего потока (300 тыс. KZT от 1 плательщиков); колено 3.,3,False,1,0,300000.0,0.0,1,0,0.0,1.0,0.0,0,0,0.0003066249703782886,0.0,0,1877,,1,False
100000001737722100,terminal,0.9,3,0.34383526097271644,"Признаки удержания: осталось 100% входящего потока (60,5 тыс. KZT от 1 плательщиков); колено 2.",2,False,1,0,60460.0,0.0,1,0,0.0,1.0,0.0,0,1,0.0003187759337086208,0.0,0,1877,,1,False
100000001740277100,peripheral,0.5,10,0.3,"Явное правило роли не сработало: 1 плательщиков и 1 получателей; входящий поток 8,7 тыс. KZT.",3,False,1,1,8700.0,5000.0,1,1,0.5747126436781609,0.4252873563218391,0.0,0,0,0.0003696934153229427,0.0,0,1877,1.0,1,False
100000001745217100,terminal,0.7,0,0.2641940984578885,Признаки удержания: осталось 100% входящего потока (50 тыс. KZT от 1 плательщиков); колено 3.,3,False,1,0,50000.0,0.0,1,0,0.0,1.0,0.0,0,0,0.0002900034068784448,0.0,0,1877,,1,False
100000001746925100,terminal,0.831,3,0.42165258007117434,"Признаки удержания: осталось 92% входящего потока (65,2 тыс. KZT от 1 плательщиков); колено 1.",1,False,1,1,65250.0,5000.0,1,1,0.07662835249042145,0.9233716475095786,0.0,1,2,0.000298634721520271,0.00011888811083225245,0,1877,0.0,1,False
100000001782980100,peripheral,0.5,29,0.3,Явное правило роли не сработало: 1 плательщиков и 1 получателей; входящий поток 50 тыс. KZT.,2,False,1,1,50000.0,596200.0,1,3,11.924,-10.924,546200.0,0,1,0.0003702831507848959,5.944405541612623e-07,5,13,0.0,1,False
100000001784279100,terminal,0.7,0,0.24275281731909848,"Признаки удержания: осталось 100% входящего потока (35,7 тыс. KZT от 1 плательщиков); колено 3.",3,False,1,0,35674.0,0.0,1,0,0.0,1.0,0.0,0,0,0.00028873294491877093,0.0,0,1877,,1,False
100000001785161100,terminal,0.7,30,0.38556865361803083,Признаки удержания: осталось 100% входящего потока (30 тыс. KZT от 2 плательщиков); колено 3.,3,False,2,0,30000.0,0.0,2,0,0.0,1.0,0.0,0,0,0.0003312208709043081,0.0,0,1877,,1,False
100000001788284100,peripheral,0.5,26,0.3,Явное правило роли не сработало: 1 плательщиков и 5 получателей; входящий поток 8 тыс. KZT.,3,False,1,5,8000.0,296700.0,1,8,37.0875,-36.0875,288700.0,0,0,0.000299382680596746,5.9444055416126226e-05,0,1877,0.6501516683518705,1,False
100000001805543100,terminal,0.9,4,0.3114954033214709,Признаки удержания: осталось 100% входящего потока (59 тыс. KZT от 1 плательщиков); колено 1.,1,False,1,0,59000.0,0.0,1,0,0.0,1.0,0.0,1,1,0.0002919128593753634,0.0,0,1877,,1,False
100000001808684100,peripheral,0.5,8,0.3,"Явное правило роли не сработало: 1 плательщиков и 1 получателей; входящий поток 48,4 тыс. KZT.",3,False,1,1,48400.0,37700.0,3,2,0.7789256198347108,0.22107438016528924,0.0,0,0,0.0011690957183659054,0.0,0,1877,0.7957559681697612,1,False
100000001816678100,boundary,0.5,3,0.3,"Граница выгрузки: колено 4; исходящие здесь не собирались, вывод об удержании невозможен.",4,False,1,0,60000.0,0.0,1,0,0.0,1.0,0.0,0,0,0.0003096552220398208,0.0,0,1877,,1,True
100000001818442100,terminal,0.7,7,0.277583778173191,"Признаки удержания: осталось 100% входящего потока (42,2 тыс. KZT от 1 плательщиков); колено 3.",3,False,1,0,42215.0,0.0,1,0,0.0,1.0,0.0,0,0,0.00030129785381765185,0.0,0,1877,,1,False
100000001819396100,terminal,0.7,27,0.3532065539739027,"Признаки удержания: осталось 100% входящего потока (166,1 тыс. KZT от 1 плательщиков); колено 3.",3,False,1,0,166080.0,0.0,1,0,0.0,1.0,0.0,0,0,0.0003272175623678337,0.0,0,1877,,1,False
100000001822623100,terminal,0.9,23,0.393301453143535,"Признаки удержания: осталось 100% входящего потока (201,3 тыс. KZT от 1 плательщиков); колено 2.",2,False,1,0,201300.0,0.0,1,0,0.0,1.0,0.0,0,1,0.0003234925604032018,0.0,0,1877,,1,False
100000001822650100,boundary,0.5,2,0.3,"Граница выгрузки: колено 4; исходящие здесь не собирались, вывод об удержании невозможен.",4,False,1,0,112000.0,0.0,1,0,0.0,1.0,0.0,0,0,0.00030590273887598653,0.0,0,1877,,1,True
100000001825934100,peripheral,0.5,37,0.3,Явное правило роли не сработало: 1 плательщиков и 1 получателей; входящий поток 40 тыс. KZT.,3,False,1,1,40000.0,97000.0,1,1,2.425,-1.4249999999999998,57000.0,0,0,0.00047586713178590705,9.90734256935437e-07,0,1877,0.0,1,False
100000001831496100,peripheral,0.5,11,0.3,Явное правило роли не сработало: 1 плательщиков и 1 получателей; входящий поток 25 тыс. KZT.,3,False,1,1,25000.0,373000.0,1,1,14.92,-13.92,348000.0,0,0,0.0002926355852456805,1.8493706129461493e-06,0,1877,0.0,1,False
100000001835625100,terminal,0.7,5,0.27175637603795966,"Признаки удержания: осталось 100% входящего потока (75,1 тыс. KZT от 1 плательщиков); колено 3.",3,False,1,0,75130.0,0.0,1,0,0.0,1.0,0.0,0,0,0.0002880041954654767,0.0,0,1877,,1,False
100000001837130100,terminal,0.7,0,0.33777061091340455,"Признаки удержания: осталось 100% входящего потока (172,9 тыс. KZT от 1 плательщиков); колено 3.",3,False,1,0,172900.0,0.0,1,0,0.0,1.0,0.0,0,0,0.00030090245579956094,0.0,0,1877,,1,False
100000001845505100,boundary,0.5,6,0.29021723013048634,"Граница выгрузки: колено 4; исходящие здесь не собирались, вывод об удержании невозможен.",4,False,1,0,20000.0,0.0,1,0,0.0,1.0,0.0,0,0,0.0005923838494805278,0.0,0,1877,,1,True
100000001848426100,terminal,0.9,8,0.3509971826809015,"Признаки удержания: осталось 100% входящего потока (95,5 тыс. KZT от 1 плательщиков); колено 2.",2,False,1,0,95530.0,0.0,1,0,0.0,1.0,0.0,0,1,0.0003036751685665142,0.0,0,1877,,1,False
100000001851289100,terminal,0.9,4,0.3484171115065243,"Признаки удержания: осталось 100% входящего потока (109,5 тыс. KZT от 1 плательщиков); колено 1.",1,False,1,0,109510.0,0.0,3,0,0.0,1.0,0.0,1,1,0.00029734359625899464,0.0,0,1877,,1,False
100000001852140100,terminal,0.7,59,0.315795521945433,Признаки удержания: осталось 100% входящего потока (30 тыс. KZT от 1 плательщиков); колено 3.,3,False,1,0,30000.0,0.0,1,0,0.0,1.0,0.0,0,0,0.0008047208113869023,0.0,9,4,,1,False
100000001853812100,terminal,0.7,6,0.2992029952550415,Признаки удержания: осталось 100% входящего потока (70 тыс. KZT от 1 плательщиков); колено 3.,3,False,1,0,70000.0,0.0,1,0,0.0,1.0,0.0,0,0,0.00029981142408123165,0.0,0,1877,,1,False
100000001857829100,coordinator,0.7309,6,0.9142830664294187,"Признаки координации: 6 плательщиков → 16 получателей; оборот 3,3 млн KZT; достижимы seed-клиенты: 1 в пределах 2 шагов.",2,False,6,16,888535.0,2390993.0,9,16,2.690938454872346,-1.690938454872346,1502458.0,0,1,0.0006204790252521136,0.0019595993772788304,0,1877,0.8154867036415414,3,False
100000001860090100,terminal,0.7,8,0.23221011269276393,Признаки удержания: осталось 100% входящего потока (5 тыс. KZT от 1 плательщиков); колено 3.,3,False,1,0,5000.0,0.0,1,0,0.0,1.0,0.0,0,0,0.00037803658179597294,0.0,0,1877,,1,False
100000001870116100,terminal,0.9,1,0.26349718268090155,Признаки удержания: осталось 100% входящего потока (24 тыс. KZT от 1 плательщиков); колено 1.,1,False,1,0,24000.0,0.0,1,0,0.0,1.0,0.0,1,1,0.00029060661309375074,0.0,3,270,,1,False
100000001872484100,peripheral,0.5,56,0.3,"Явное правило роли не сработало: 1 плательщиков и 3 получателей; входящий поток 871,4 тыс. KZT.",1,False,1,3,871400.0,514580.0,13,9,0.5905210006885472,0.4094789993114528,0.0,1,1,0.0022739787649245797,5.944405541612623e-07,8,4,0.5464262116677678,1,False
100000001875167100,terminal,0.7,5,0.3996923190984579,Признаки удержания: осталось 100% входящего потока (1 млн KZT от 1 плательщиков); колено 3.,3,False,1,0,1000000.0,0.0,2,0,0.0,1.0,0.0,0,0,0.0003179784682913741,0.0,0,1877,,1,False
100000001875239100,consolidator,0.6,2,0.5936499110320285,"Признаки сбора: 3 плательщиков, из них seed: 0; входящий поток 712 тыс. KZT.",3,False,3,0,712000.0,0.0,3,0,0.0,1.0,0.0,0,0,0.00033397863057687676,0.0,0,1877,,3,False
100000001884825100,terminal,0.7,2,0.5547560794780546,Признаки удержания: осталось 100% входящего потока (495 тыс. KZT от 3 плательщиков); колено 3.,3,False,3,0,495000.0,0.0,3,0,0.0,1.0,0.0,0,0,0.0003400964668098243,0.0,0,1877,,2,False
100000001887715100,consolidator,0.6,21,0.6912477758007117,"Признаки сбора: 3 плательщиков, из них seed: 0; входящий поток 1,3 млн KZT.",3,False,3,1,1331500.0,750000.0,4,1,0.5632745024408562,0.4367254975591438,0.0,0,0,0.0007309294553868686,2.2588741058127966e-05,0,1877,1.0,3,False
100000001893287100,peripheral,0.5,8,0.3,Явное правило роли не сработало: 1 плательщиков и 1 получателей; входящий поток 18 тыс. KZT.,3,False,1,1,18000.0,152700.0,3,14,8.483333333333333,-7.4833333333333325,134700.0,0,0,0.0006184515295005462,0.0,0,1877,0.37786509495743287,1,False
100000001899164100,peripheral,0.5,12,0.3,"Явное правило роли не сработало: 4 плательщиков и 3 получателей; входящий поток 291,7 тыс. KZT.",1,False,4,3,291675.0,76500.0,5,3,0.2622782206222679,0.7377217793777321,0.0,1,2,0.0011765620095510495,0.00012661583803634885,0,1877,0.0,2,False
100000001904863100,terminal,0.9,14,0.4439687129300119,Признаки удержания: осталось 100% входящего потока (500 тыс. KZT от 1 плательщиков); колено 2.,2,False,1,0,500000.0,0.0,1,0,0.0,1.0,0.0,0,1,0.0004817984770777493,0.0,0,1877,,1,False
100000001924185100,terminal,0.9,11,0.5444209667852906,Признаки удержания: осталось 100% входящего потока (151 тыс. KZT от 2 плательщиков); колено 1.,1,False,2,0,151000.0,0.0,2,0,0.0,1.0,0.0,2,4,0.0003102198760278653,0.0,0,1877,,1,False
100000001927599100,terminal,0.7,7,0.49532547449584813,Признаки удержания: осталось 100% входящего потока (188 тыс. KZT от 2 плательщиков); колено 3.,3,False,2,0,188000.0,0.0,2,0,0.0,1.0,0.0,0,0,0.0003272554677154655,0.0,0,1877,,2,False
100000001929088100,terminal,0.9,10,0.5497887010676157,Признаки удержания: осталось 100% входящего потока (396 тыс. KZT от 2 плательщиков); колено 1.,1,False,2,0,396010.0,0.0,2,0,0.0,1.0,0.0,2,2,0.0003175873990634125,0.0,0,1877,,1,False
100000001934935100,terminal,0.7,0,0.3081442763938316,"Признаки удержания: осталось 100% входящего потока (118,9 тыс. KZT от 1 плательщиков); колено 3.",3,False,1,0,118935.0,0.0,1,0,0.0,1.0,0.0,0,0,0.0002922677094987423,0.0,0,1877,,1,False
100000001937767100,peripheral,0.5,14,0.3,Явное правило роли не сработало: 1 плательщиков и 4 получателей; входящий поток 53 тыс. KZT.,1,False,1,4,53000.0,1933000.0,1,6,36.471698113207545,-35.471698113207545,1880000.0,1,1,0.0008921392815659775,5.66998905283865e-05,0,1877,0.027418520434557683,1,False
100000001952325100,terminal,0.9,1,0.33894202253855277,"Признаки удержания: осталось 100% входящего потока (77,9 тыс. KZT от 1 плательщиков); колено 1.",1,False,1,0,77888.0,0.0,2,0,0.0,1.0,0.0,1,1,0.0003019170730776952,0.0,3,270,,1,False
100000001953577100,terminal,0.9,1,0.23729611506524317,"Признаки удержания: осталось 100% входящего потока (15,6 тыс. KZT от 1 плательщиков); колено 1.",1,False,1,0,15600.0,0.0,1,0,0.0,1.0,0.0,1,1,0.00028884355148698975,0.0,3,270,,1,False
100000001954534100,peripheral,0.5,0,0.3,Явное правило роли не сработало: 1 плательщиков и 1 получателей; входящий поток 13 тыс. KZT.,3,False,1,1,13000.0,40000.0,1,1,3.076923076923077,-2.076923076923077,27000.0,0,0,0.0003659515092221361,1.9616538287321655e-05,0,1877,0.0,1,False
100000001954903100,terminal,0.9,11,0.2877409549228944,"Признаки удержания: осталось 100% входящего потока (27,1 тыс. KZT от 1 плательщиков); колено 2.",2,False,1,0,27118.0,0.0,1,0,0.0,1.0,0.0,0,1,0.000298489871320388,0.0,0,1877,,1,False
100000001957974100,boundary,0.5,14,0.3,"Граница выгрузки: колено 4; исходящие здесь не собирались, вывод об удержании невозможен.",4,False,1,0,500000.0,0.0,1,0,0.0,1.0,0.0,0,0,0.0003201374676904352,0.0,0,1877,,1,True
100000001960517100,terminal,0.9,8,0.43468638790035585,Признаки удержания: осталось 100% входящего потока (200 тыс. KZT от 1 плательщиков); колено 1.,1,False,1,0,200000.0,0.0,1,0,0.0,1.0,0.0,1,2,0.00035922049322186785,0.0,0,1877,,1,False
100000001961048100,terminal,0.9,30,0.36776764531435346,Признаки удержания: осталось 100% входящего потока (150 тыс. KZT от 1 плательщиков); колено 2.,2,False,1,0,150000.0,0.0,1,0,0.0,1.0,0.0,0,1,0.00030430933928482544,0.0,0,1877,,1,False
100000001965374100,peripheral,0.5,24,0.3,"Явное правило роли не сработало: 2 плательщиков и 3 получателей; входящий поток 1,8 млн KZT.",2,False,2,3,1759720.0,3082100.0,8,5,1.7514718250630783,-0.7514718250630783,1322380.0,0,1,0.001281655626060873,1.5851748110966993e-06,0,1877,0.2615100094091691,2,False
100000001969496100,terminal,0.7,14,0.2308755931198102,"Признаки удержания: осталось 100% входящего потока (22,7 тыс. KZT от 1 плательщиков); колено 3.",3,False,1,0,22740.0,0.0,1,0,0.0,1.0,0.0,0,0,0.0002919967925367141,0.0,0,1877,,1,False
100000001985793100,terminal,0.9,8,0.42786551008303675,Признаки удержания: осталось 100% входящего потока (420 тыс. KZT от 1 плательщиков); колено 2.,2,False,1,0,420000.0,0.0,1,0,0.0,1.0,0.0,0,1,0.0003726610761384928,0.0,0,1877,,1,False
100000001987030100,peripheral,0.5,15,0.3,"Явное правило роли не сработало: 2 плательщиков и 1 получателей; входящий поток 30,9 тыс. KZT.",1,False,2,1,30864.0,19000.0,2,1,0.6156039398652151,0.3843960601347849,0.0,1,2,0.0002938727535543705,5.706629319948117e-05,0,1877,0.0,1,False
100000001991973100,boundary,0.5,18,0.2384823546856465,"Граница выгрузки: колено 4; исходящие здесь не собирались, вывод об удержании невозможен.",4,False,1,0,20800.0,0.0,1,0,0.0,1.0,0.0,0,0,0.00029670040623963227,0.0,0,1877,,1,True
100000002015633100,terminal,0.7,5,0.28554641162514827,Признаки удержания: осталось 100% входящего потока (95 тыс. KZT от 1 плательщиков); колено 3.,3,False,1,0,94970.0,0.0,1,0,0.0,1.0,0.0,0,0,0.0002886471934791066,0.0,0,1877,,1,False
100000002028158100,terminal,0.9,15,0.2961039442467378,"Признаки удержания: осталось 100% входящего потока (34,8 тыс. KZT от 1 плательщиков); колено 2.",2,False,1,0,34800.0,0.0,1,0,0.0,1.0,0.0,0,1,0.00029664059842346733,0.0,0,1877,,1,False
100000002032323100,peripheral,0.5,2,0.3,Явное правило роли не сработало: 1 плательщиков и 1 получателей; входящий поток 300 тыс. KZT.,3,False,1,1,300000.0,1050000.0,1,2,3.5,-2.5,750000.0,0,0,0.00040405018679958674,1.9616538287321655e-05,0,1877,0.2857142857142857,1,False
100000002087788100,terminal,0.9,5,0.4021537663107948,"Признаки удержания: осталось 100% входящего потока (100,5 тыс. KZT от 1 плательщиков); колено 2.",2,False,1,0,100500.0,0.0,1,0,0.0,1.0,0.0,0,1,0.0006585724738436675,0.0,0,1877,,1,False
100000002095257100,terminal,0.7,12,0.24279730130486357,"Признаки удержания: осталось 100% входящего потока (8,5 тыс. KZT от 1 плательщиков); колено 3.",3,False,1,0,8500.0,0.0,1,0,0.0,1.0,0.0,0,0,0.0003967338202422219,0.0,0,1877,,1,False
100000002103448100,terminal,0.7,1,0.23490139383155398,Признаки удержания: осталось 100% входящего потока (27 тыс. KZT от 1 плательщиков); колено 3.,3,False,1,0,27000.0,0.0,1,0,0.0,1.0,0.0,0,0,0.000289783394255228,0.0,3,270,,1,False
100000002109656100,terminal,0.7,9,0.38114249703440095,Признаки удержания: осталось 100% входящего потока (500 тыс. KZT от 1 плательщиков); колено 3.,3,False,1,0,500000.0,0.0,1,0,0.0,1.0,0.0,0,0,0.00030938521828855235,0.0,0,1877,,1,False
100000002116705100,terminal,0.7,1,0.20649836892052192,"Признаки удержания: осталось 100% входящего потока (17,6 тыс. KZT от 1 плательщиков); колено 3.",3,False,1,0,17600.0,0.0,1,0,0.0,1.0,0.0,0,0,0.00028831626313090915,0.0,3,270,,1,False
100000002119762100,boundary,0.5,5,0.3,"Граница выгрузки: колено 4; исходящие здесь не собирались, вывод об удержании невозможен.",4,False,1,0,77000.0,0.0,6,0,0.0,1.0,0.0,0,0,0.0005295245957280118,0.0,0,1877,,1,True
100000002121357100,peripheral,0.5,2,0.3,"Явное правило роли не сработало: 2 плательщиков и 1 получателей; входящий поток 255,3 тыс. KZT.",3,False,2,1,255300.0,113000.0,2,1,0.4426165295730513,0.5573834704269487,0.0,0,0,0.00032627377480928593,2.159800680119253e-05,0,1877,0.0,1,False
100000002126791100,boundary,0.5,2,0.3,"Граница выгрузки: колено 4; исходящие здесь не собирались, вывод об удержании невозможен.",4,False,1,0,1313000.0,0.0,3,0,0.0,1.0,0.0,0,0,0.000571680600606073,0.0,0,1877,,1,True
100000002130400100,boundary,0.5,37,0.22971900948991694,"Граница выгрузки: колено 4; исходящие здесь не собирались, вывод об удержании невозможен.",4,False,1,0,10000.0,0.0,1,0,0.0,1.0,0.0,0,0,0.00031754580623604263,0.0,0,1877,,1,True
100000002132479100,peripheral,0.5,14,0.3,Явное правило роли не сработало: 1 плательщиков и 1 получателей; входящий поток 30 тыс. KZT.,2,False,1,1,30000.0,20000.0,2,1,0.6666666666666666,0.33333333333333337,0.0,0,1,0.0006060232510344739,0.0,0,1877,0.0,1,False
100000002152857100,peripheral,0.5,8,0.3,Явное правило роли не сработало: 1 плательщиков и 5 получателей; входящий поток 105 тыс. KZT.,1,False,1,5,105000.0,1230000.0,1,6,11.714285714285714,-10.714285714285714,1125000.0,1,1,0.0002997108402620942,0.0003134683188943723,0,1877,0.5853658536585366,1,False
100000002156381100,peripheral,0.5,33,0.3,Явное правило роли не сработало: 2 плательщиков и 1 получателей; входящий поток 61 тыс. KZT.,2,False,2,1,61000.0,21800.0,7,3,0.35737704918032787,0.6426229508196721,0.0,0,1,0.0010807758307164093,4.240342619683671e-05,0,1877,0.22935779816513763,2,False
100000002158488100,terminal,0.9,1,0.2837373962040332,"Признаки удержания: осталось 100% входящего потока (31,7 тыс. KZT от 1 плательщиков); колено 1.",1,False,1,0,31723.0,0.0,1,0,0.0,1.0,0.0,1,1,0.00029222758033053823,0.0,3,270,,1,False
100000002170580100,terminal,0.9,11,0.3888085705812574,Признаки удержания: осталось 100% входящего потока (150 тыс. KZT от 1 плательщиков); колено 2.,2,False,1,0,150000.0,0.0,1,0,0.0,1.0,0.0,0,1,0.00035703793369898444,0.0,0,1877,,1,False
100000002173070100,terminal,0.9,4,0.3085520462633452,Признаки удержания: осталось 100% входящего потока (30 тыс. KZT от 1 плательщиков); колено 2.,2,False,1,0,30000.0,0.0,1,0,0.0,1.0,0.0,0,2,0.00029053829816639534,0.0,0,1877,,1,False
100000002173161100,consolidator,0.6,4,0.6189168149466192,"Признаки сбора: 3 плательщиков, из них seed: 1; входящий поток 1,4 млн KZT.",1,False,3,0,1427500.0,0.0,5,0,0.0,1.0,0.0,1,1,0.0004354146921033433,0.0,0,1877,,2,False
100000002175422100,peripheral,0.5,31,0.3,"Явное правило роли не сработало: 3 плательщиков и 6 получателей; входящий поток 68,5 тыс. KZT.",2,False,3,6,68500.0,1621188.0,5,14,23.66697810218978,-22.66697810218978,1552688.0,0,1,0.0008458861317816028,0.00015871562796105702,0,1877,0.497282239937626,2,False
100000002182176100,terminal,0.9,0,0.29815020759193356,"Признаки удержания: осталось 100% входящего потока (42,5 тыс. KZT от 1 плательщиков); колено 1.",1,False,1,0,42465.0,0.0,1,0,0.0,1.0,0.0,1,1,0.0002935379543676395,0.0,0,1877,,1,False
100000002184107100,terminal,0.7,35,0.18668075326215897,"Признаки удержания: осталось 100% входящего потока (6,1 тыс. KZT от 1 плательщиков); колено 3.",3,False,1,0,6066.0,0.0,1,0,0.0,1.0,0.0,0,0,0.0002901959794883712,0.0,0,1877,,1,False
100000002185328100,peripheral,0.5,22,0.3,Явное правило роли не сработало: 1 плательщиков и 4 получателей; входящий поток 15 тыс. KZT.,3,False,1,4,15000.0,55000.0,1,4,3.6666666666666665,-2.6666666666666665,40000.0,0,0,0.0003518471698066024,6.162367078138419e-05,0,1877,0.0,1,False
100000002188586100,boundary,0.5,7,0.2716229240806643,"Граница выгрузки: колено 4; исходящие здесь не собирались, вывод об удержании невозможен.",4,False,1,0,38310.0,0.0,1,0,0.0,1.0,0.0,0,0,0.0002999098387129135,0.0,0,1877,,1,True
100000002188829100,terminal,0.9,3,0.4589301601423487,Признаки удержания: осталось 100% входящего потока (400 тыс. KZT от 1 плательщиков); колено 1.,1,False,1,0,400000.0,0.0,1,0,0.0,1.0,0.0,1,2,0.00036566386772214973,0.0,0,1877,,1,False
100000002193259100,peripheral,0.5,12,0.3,Явное правило роли не сработало: 2 плательщиков и 3 получателей; входящий поток 48 тыс. KZT.,2,False,2,3,48000.0,58000.0,2,3,1.2083333333333333,-0.20833333333333326,10000.0,0,1,0.0008908421386694424,6.43977267008034e-05,0,1877,0.6896551724137931,1,False
100000002194320100,boundary,0.5,58,0.3,"Граница выгрузки: колено 4; исходящие здесь не собирались, вывод об удержании невозможен.",4,False,1,0,275000.0,0.0,1,0,0.0,1.0,0.0,0,0,0.00048656793463182607,0.0,0,1877,,1,True
100000002194329100,terminal,0.7,0,0.21971011269276391,"Признаки удержания: осталось 100% входящего потока (25,2 тыс. KZT от 1 плательщиков); колено 3.",3,False,1,0,25170.0,0.0,1,0,0.0,1.0,0.0,0,0,0.00028698686778801547,0.0,0,1877,,1,False
100000002199091100,terminal,0.9,1,0.33778543890865953,Признаки удержания: осталось 100% входящего потока (65 тыс. KZT от 1 плательщиков); колено 2.,2,False,1,0,65000.0,0.0,1,0,0.0,1.0,0.0,0,1,0.0003076457194062819,0.0,3,270,,1,False
100000002205022100,peripheral,0.5,55,0.3,"Явное правило роли не сработало: 1 плательщиков и 3 получателей; входящий поток 7,1 тыс. KZT.",2,False,1,3,7100.0,518000.0,1,3,72.95774647887323,-71.95774647887323,510900.0,0,1,0.000545637030146702,5.451240044826982e-05,0,1877,0.011583011583011582,1,False
100000002208836100,boundary,0.5,5,0.3,"Граница выгрузки: колено 4; исходящие здесь не собирались, вывод об удержании невозможен.",4,False,1,0,90000.0,0.0,1,0,0.0,1.0,0.0,0,0,0.00032981854491952384,0.0,0,1877,,1,True
100000002211413100,terminal,0.9,1,0.29210038552787665,Признаки удержания: осталось 100% входящего потока (37 тыс. KZT от 1 плательщиков); колено 1.,1,False,1,0,37000.0,0.0,1,0,0.0,1.0,0.0,1,1,0.00029333516081849983,0.0,3,270,,1,False
100000002212494100,terminal,0.7,31,0.3587225682087782,Признаки удержания: осталось 100% входящего потока (160 тыс. KZT от 1 плательщиков); колено 3.,3,False,1,0,160000.0,0.0,1,0,0.0,1.0,0.0,0,0,0.00035664443990538483,0.0,0,1877,,1,False
100000002214207100,boundary,0.5,37,0.3,"Граница выгрузки: колено 4; исходящие здесь не собирались, вывод об удержании невозможен.",4,False,1,0,97000.0,0.0,1,0,0.0,1.0,0.0,0,0,0.0006906066279546783,0.0,0,1877,,1,True
100000002214301100,peripheral,0.5,0,0.3,"Явное правило роли не сработало: 1 плательщиков и 1 получателей; входящий поток 21,4 тыс. KZT.",1,False,1,1,21438.0,8000.0,1,1,0.373169138912212,0.626830861087788,0.0,1,1,0.00028959218686542876,9.610122292273739e-05,0,1877,0.0,1,False
100000002214383100,boundary,0.5,1,0.3,"Граница выгрузки: колено 4; исходящие здесь не собирались, вывод об удержании невозможен.",4,False,1,0,213000.0,0.0,1,0,0.0,1.0,0.0,0,0,0.0005308718022156257,0.0,3,270,,1,True
100000002214570100,terminal,0.9,1,0.2715932680901542,"Признаки удержания: осталось 100% входящего потока (26,5 тыс. KZT от 1 плательщиков); колено 1.",1,False,1,0,26471.0,0.0,1,0,0.0,1.0,0.0,1,1,0.0002911252470497396,0.0,3,270,,1,False
100000002214664100,peripheral,0.5,1,0.3,Явное правило роли не сработало: 1 плательщиков и 1 получателей; входящий поток 8 тыс. KZT.,3,False,1,1,7950.0,76950.0,1,2,9.679245283018869,-8.679245283018869,69000.0,0,0,0.0002868101125617946,1.387027959709612e-06,3,270,1.0,1,False
100000002216999100,terminal,0.7,1,0.22429196322657177,"Признаки удержания: осталось 100% входящего потока (23,7 тыс. KZT от 1 плательщиков); колено 3.",3,False,1,0,23677.0,0.0,1,0,0.0,1.0,0.0,0,0,0.0002892647477950034,0.0,3,270,,1,False
100000002217161100,peripheral,0.5,35,0.3,"Явное правило роли не сработало: 2 плательщиков и 7 получателей; входящий поток 404,8 тыс. KZT.",2,False,2,7,404750.0,995132.0,15,19,2.4586337245213095,-1.4586337245213095,590382.0,0,1,0.0008915694561715997,0.00015514898463608943,0,1877,0.9497554093326313,1,False
100000002217806100,boundary,0.5,38,0.3,"Граница выгрузки: колено 4; исходящие здесь не собирались, вывод об удержании невозможен.",4,False,1,0,55000.0,0.0,2,0,0.0,1.0,0.0,0,0,0.00046376017332721496,0.0,0,1877,,1,True
100000002224132100,consolidator,0.6667,24,0.8684006210990072,"Признаки сбора: 5 плательщиков, из них seed: 0; входящий поток 4 млн KZT.",2,False,5,4,3951020.0,12115000.0,10,25,3.0662968043695047,-2.0662968043695047,8163980.0,0,1,0.0059957331954744305,6.241625818693253e-06,0,1877,0.7267849773008667,2,False
100000002227960100,boundary,0.5,22,0.21421634045077106,"Граница выгрузки: колено 4; исходящие здесь не собирались, вывод об удержании невозможен.",4,False,1,0,10000.0,0.0,1,0,0.0,1.0,0.0,0,0,0.00029943768321597685,0.0,0,1877,,1,True
100000002227989100,boundary,0.5,22,0.2722012158956109,"Граница выгрузки: колено 4; исходящие здесь не собирались, вывод об удержании невозможен.",4,False,1,0,20000.0,0.0,1,0,0.0,1.0,0.0,0,0,0.00039446042046132154,0.0,0,1877,,1,True
100000002229615100,boundary,0.5,22,0.3,"Граница выгрузки: колено 4; исходящие здесь не собирались, вывод об удержании невозможен.",4,False,1,0,25000.0,0.0,1,0,0.0,1.0,0.0,0,0,0.000718498388172836,0.0,0,1877,,1,True
100000002231144100,boundary,0.5,22,0.2552528173190985,"Граница выгрузки: колено 4; исходящие здесь не собирались, вывод об удержании невозможен.",4,False,1,0,15000.0,0.0,1,0,0.0,1.0,0.0,0,0,0.0003672376389003139,0.0,0,1877,,1,True
100000002232266100,terminal,0.7,6,0.2700659845788849,Признаки удержания: осталось 100% входящего потока (45 тыс. KZT от 1 плательщиков); колено 3.,3,False,1,0,45000.0,0.0,1,0,0.0,1.0,0.0,0,0,0.0002947249491298242,0.0,0,1877,,1,False
100000002236528100,terminal,0.7,10,0.3048079774614472,Признаки удержания: осталось 100% входящего потока (66 тыс. KZT от 1 плательщиков); колено 3.,3,False,1,0,66000.0,0.0,1,0,0.0,1.0,0.0,0,0,0.0003072417833612642,0.0,0,1877,,1,False
100000002241986100,peripheral,0.5,39,0.3,Явное правило роли не сработало: 1 плательщиков и 6 получателей; входящий поток 280 тыс. KZT.,3,False,1,6,280000.0,3077000.0,1,12,10.989285714285714,-9.989285714285714,2797000.0,0,0,0.0002946438629580342,0.00011532146750728487,0,1877,0.0,1,False
100000002242066100,boundary,0.5,35,0.3,"Граница выгрузки: колено 4; исходящие здесь не собирались, вывод об удержании невозможен.",4,False,1,0,60000.0,0.0,1,0,0.0,1.0,0.0,0,0,0.0005337841025658814,0.0,0,1877,,1,True
100000002242455100,boundary,0.5,5,0.3,"Граница выгрузки: колено 4; исходящие здесь не собирались, вывод об удержании невозможен.",4,False,1,0,110000.0,0.0,1,0,0.0,1.0,0.0,0,0,0.0005321740677312218,0.0,0,1877,,1,True
100000002243354100,terminal,0.9,1,0.255445581257414,"Признаки удержания: осталось 100% входящего потока (20,9 тыс. KZT от 1 плательщиков); колено 1.",1,False,1,0,20879.0,0.0,1,0,0.0,1.0,0.0,1,1,0.0002899515517515244,0.0,3,270,,1,False
100000002255058100,terminal,0.7,3,0.4058311091340451,"Признаки удержания: осталось 100% входящего потока (491,5 тыс. KZT от 1 плательщиков); колено 3.",3,False,1,0,491500.0,0.0,2,0,0.0,1.0,0.0,0,0,0.0004261286722180512,0.0,0,1877,,1,False
100000002257794100,terminal,0.7,25,0.3871478351126928,Признаки удержания: осталось 100% входящего потока (154 тыс. KZT от 1 плательщиков); колено 3.,3,False,1,0,154000.0,0.0,1,0,0.0,1.0,0.0,0,0,0.0008606341011324361,0.0,6,17,,1,False
100000002258492100,boundary,0.5,19,0.2566540628706999,"Граница выгрузки: колено 4; исходящие здесь не собирались, вывод об удержании невозможен.",4,False,1,0,9000.0,0.0,1,0,0.0,1.0,0.0,0,0,0.0005401265380892355,0.0,0,1877,,1,True
100000002267998100,peripheral,0.5,23,0.3,Явное правило роли не сработало: 2 плательщиков и 3 получателей; входящий поток 420 тыс. KZT.,2,False,2,3,420000.0,1115000.0,4,12,2.6547619047619047,-1.6547619047619047,695000.0,0,1,0.00158483172380568,5.8849614861964964e-05,0,1877,0.7354260089686099,1,False
100000002284426100,terminal,0.7,5,0.2819876927639383,Признаки удержания: осталось 100% входящего потока (90 тыс. KZT от 1 плательщиков); колено 3.,3,False,1,0,90000.0,0.0,2,0,0.0,1.0,0.0,0,0,0.00028848611988395835,0.0,0,1877,,1,False
100000002289937100,terminal,0.9,1,0.2519313463819692,Признаки удержания: осталось 100% входящего потока (20 тыс. KZT от 1 плательщиков); колено 1.,1,False,1,0,20000.0,0.0,1,0,0.0,1.0,0.0,1,1,0.0002897670599476741,0.0,3,270,,1,False
100000002293421100,transit,0.6341,0,0.5512299228944246,"Признаки транзита: получено 41 тыс., отправлено 47 тыс. KZT; передано дальше 115% входящего потока. 32% исходящих сумм попали в окно 2 дней после входящего.",2,False,2,2,41000.0,47000.0,6,5,1.146341463414634,-0.14634146341463405,6000.0,0,1,0.0009748338691844299,1.9616538287321655e-05,0,1877,0.3191489361702128,1,False
100000002299948100,terminal,0.9,32,0.22879967378410437,"Признаки удержания: осталось 100% входящего потока (6,8 тыс. KZT от 1 плательщиков); колено 2.",2,False,1,0,6750.0,0.0,1,0,0.0,1.0,0.0,0,1,0.00029301562294545036,0.0,0,1877,,1,False
100000002301828100,terminal,0.7,16,0.2680197212336892,Признаки удержания: осталось 100% входящего потока (47 тыс. KZT от 1 плательщиков); колено 3.,3,False,1,0,46977.0,0.0,1,0,0.0,1.0,0.0,0,0,0.00029296342924915497,0.0,0,1877,,1,False
100000002304943100,boundary,0.5,22,0.23367808422301306,"Граница выгрузки: колено 4; исходящие здесь не собирались, вывод об удержании невозможен.",4,False,1,0,15000.0,0.0,1,0,0.0,1.0,0.0,0,0,0.00030637187771531986,0.0,0,1877,,1,True
100000002305007100,terminal,0.7,1,0.28287737247924083,Признаки удержания: осталось 100% входящего потока (56 тыс. KZT от 1 плательщиков); колено 3.,3,False,1,0,56000.0,0.0,1,0,0.0,1.0,0.0,0,0,0.0002943096498515308,0.0,3,270,,1,False
100000002305477100,boundary,0.5,22,0.25222790628707,"Граница выгрузки: колено 4; исходящие здесь не собирались, вывод об удержании невозможен.",4,False,1,0,20000.0,0.0,1,0,0.0,1.0,0.0,0,0,0.0003133060722146628,0.0,0,1877,,1,True
100000002306369100,peripheral,0.5,3,0.3,"Явное правило роли не сработало: 1 плательщиков и 6 получателей; входящий поток 73,2 тыс. KZT.",1,False,1,6,73166.0,260900.0,1,9,3.5658639258672062,-2.5658639258672062,187734.0,1,1,0.00029929907141169583,7.025152223848325e-05,0,1877,0.0,1,False
100000002308091100,terminal,0.7,9,0.3864805753262159,"Признаки удержания: осталось 100% входящего потока (186,7 тыс. KZT от 1 плательщиков); колено 3.",3,False,1,0,186720.0,0.0,1,0,0.0,1.0,0.0,0,0,0.0005611068728343334,0.0,0,1877,,1,False
100000002320495100,boundary,0.5,16,0.26753039739027284,"Граница выгрузки: колено 4; исходящие здесь не собирались, вывод об удержании невозможен.",4,False,1,0,13526.27,0.0,1,0,0.0,1.0,0.0,0,0,0.0005354179344206217,0.0,0,1877,,1,True
100000002324543100,terminal,0.9,2,0.2699028766310795,"Признаки удержания: осталось 100% входящего потока (30,2 тыс. KZT от 1 плательщиков); колено 1.",1,False,1,0,30202.0,0.0,1,0,0.0,1.0,0.0,1,1,0.0002888127877964788,0.0,0,1877,,1,False
100000002335358100,terminal,0.9,4,0.410472271648873,Признаки удержания: осталось 100% входящего потока (140 тыс. KZT от 1 плательщиков); колено 2.,2,False,1,0,140000.0,0.0,2,0,0.0,1.0,0.0,0,1,0.0006124866171005888,0.0,0,1877,,1,False
100000002340562100,terminal,0.9,10,0.34548116844602605,"Признаки удержания: осталось 100% входящего потока (36,6 тыс. KZT от 1 плательщиков); колено 2.",2,False,1,0,36650.0,0.0,2,0,0.0,1.0,0.0,0,1,0.0005308569205030126,0.0,0,1877,,1,False
100000002343825100,peripheral,0.5,2,0.3,Явное правило роли не сработало: 3 плательщиков и 2 получателей; входящий поток 350 тыс. KZT.,3,False,3,2,350000.0,89800.0,4,2,0.25657142857142856,0.7434285714285714,0.0,0,0,0.00033359725354762797,4.279971989961088e-05,0,1877,0.5567928730512249,2,False
100000002346166100,terminal,0.7,1,0.17202327995255043,Признаки удержания: осталось 100% входящего потока (6 тыс. KZT от 1 плательщиков); колено 3.,3,False,1,0,6000.0,0.0,1,0,0.0,1.0,0.0,0,0,0.00028650576089238805,0.0,3,270,,1,False
100000002356167100,terminal,0.6312,5,0.506342674970344,Признаки удержания: осталось 90% входящего потока (300 тыс. KZT от 1 плательщиков); колено 3.,3,False,1,2,300000.0,29500.0,1,3,0.09833333333333333,0.9016666666666666,0.0,0,0,0.0002952920464395158,3.844048916909496e-05,0,1877,0.1864406779661017,1,False
100000002369443100,terminal,0.7,1,0.27366918742586005,Признаки удержания: осталось 100% входящего потока (50 тыс. KZT от 1 плательщиков); колено 3.,3,False,1,0,50000.0,0.0,1,0,0.0,1.0,0.0,0,0,0.00029337318317643364,0.0,3,270,,1,False
100000002369454100,boundary,0.5,6,0.2864138493475682,"Граница выгрузки: колено 4; исходящие здесь не собирались, вывод об удержании невозможен.",4,False,1,0,25000.0,0.0,1,0,0.0,1.0,0.0,0,0,0.0004288818435522478,0.0,0,1877,,1,True
100000002369510100,terminal,0.7,1,0.25398502372479237,"Признаки удержания: осталось 100% входящего потока (37,1 тыс. KZT от 1 плательщиков); колено 3.",3,False,1,0,37150.0,0.0,1,0,0.0,1.0,0.0,0,0,0.000291367583713934,0.0,3,270,,1,False
100000002369874100,terminal,0.7,2,0.602135231316726,Признаки удержания: осталось 100% входящего потока (600 тыс. KZT от 4 плательщиков); колено 3.,3,False,4,0,600000.0,0.0,4,0,0.0,1.0,0.0,0,0,0.0003373478549116593,0.0,0,1877,,4,False
100000002371751100,peripheral,0.5,61,0.3,Явное правило роли не сработало: 1 плательщиков и 1 получателей; входящий поток 200 тыс. KZT.,1,False,1,1,200000.0,250000.0,5,1,1.25,-0.25,50000.0,1,1,0.0005285862410602083,1.981468513870874e-07,7,3,1.0,1,False
100000002371892100,boundary,0.5,62,0.2832332443653618,"Граница выгрузки: колено 4; исходящие здесь не собирались, вывод об удержании невозможен.",4,False,1,0,43830.0,0.0,1,0,0.0,1.0,0.0,0,0,0.00030653262004379635,0.0,0,1877,,1,True
100000002373144100,peripheral,0.5,0,0.3,"Явное правило роли не сработало: 1 плательщиков и 1 получателей; входящий поток 46,5 тыс. KZT.",3,False,1,1,46468.0,10764.0,1,1,0.2316432813979513,0.7683567186020487,0.0,0,0,0.00028969018116006086,1.922024458454748e-05,0,1877,0.0,1,False
100000002373386100,terminal,0.7,1,0.22535957888493474,Признаки удержания: осталось 100% входящего потока (24 тыс. KZT от 1 плательщиков); колено 3.,3,False,1,0,24000.0,0.0,1,0,0.0,1.0,0.0,0,0,0.0002893151609176794,0.0,3,270,,1,False
100000002380341100,terminal,0.7,0,0.3011158066429419,"Признаки удержания: осталось 100% входящего потока (57,6 тыс. KZT от 1 плательщиков); колено 3.",3,False,1,0,57566.4,0.0,1,0,0.0,1.0,0.0,0,0,0.0003091365365238758,0.0,0,1877,,1,False
100000002391278100,peripheral,0.5,8,0.3,Явное правило роли не сработало: 1 плательщиков и 1 получателей; входящий поток 30 тыс. KZT.,3,False,1,1,30000.0,52700.0,5,2,1.7566666666666666,-0.7566666666666666,22700.0,0,0,0.0003913223411329357,0.0,0,1877,1.0,1,False
100000002394199100,peripheral,0.5,10,0.3,"Явное правило роли не сработало: 1 плательщиков и 1 получателей; входящий поток 277,4 тыс. KZT.",3,False,1,1,277398.0,76777.0,3,1,0.2767756076107254,0.7232243923892746,0.0,0,0,0.0029678523915121872,0.0,0,1877,1.0,1,False
100000002398779100,consolidator,0.9333,0,0.7752520759193356,"Признаки сбора: 13 плательщиков, из них seed: 0; входящий поток 1,1 млн KZT.",2,False,13,1,1095690.0,66000.0,28,3,0.06023601566136407,0.939763984338636,0.0,0,2,0.0016005031258790245,1.2780471914467137e-05,0,1877,1.0,7,False
100000002404112100,boundary,0.5,27,0.3,"Граница выгрузки: колено 4; исходящие здесь не собирались, вывод об удержании невозможен.",4,False,1,0,60000.0,0.0,1,0,0.0,1.0,0.0,0,0,0.0003300834785756558,0.0,0,1877,,1,True
100000002432143100,terminal,0.9,3,0.35869291221826805,"Признаки удержания: осталось 100% входящего потока (81,3 тыс. KZT от 1 плательщиков); колено 2.",2,False,1,0,81310.0,0.0,1,0,0.0,1.0,0.0,0,1,0.00033525669770259663,0.0,0,1877,,1,False
100000002433697100,transit,0.7154,5,0.43739991103202847,"Признаки транзита: получено 130 тыс., отправлено 110 тыс. KZT; передано дальше 85% входящего потока. 100% исходящих сумм попали в окно 2 дней после входящего.",3,False,1,1,130000.0,110000.0,1,1,0.8461538461538461,0.15384615384615385,0.0,0,0,0.0002897824868469217,1.922024458454748e-05,0,1877,1.0,1,False
100000002435265100,terminal,0.7,0,0.3127706109134045,"Признаки удержания: осталось 100% входящего потока (132,6 тыс. KZT от 1 плательщиков); колено 3.",3,False,1,0,132628.0,0.0,3,0,0.0,1.0,0.0,0,0,0.00029303889880759933,0.0,0,1877,,1,False
100000002443664100,terminal,0.9,9,0.6243586892052194,"Признаки удержания: осталось 100% входящего потока (556,9 тыс. KZT от 3 плательщиков); колено 2.",2,False,3,0,556880.0,0.0,3,0,0.0,1.0,0.0,0,1,0.0003387703864093913,0.0,0,1877,,3,False
100000002445750100,terminal,0.7714,0,0.4275318801897983,Признаки удержания: осталось 86% входящего потока (70 тыс. KZT от 1 плательщиков); колено 2.,2,False,1,1,70000.0,10000.0,1,1,0.14285714285714285,0.8571428571428572,0.0,0,1,0.000537290687034385,1.9418391435934565e-05,0,1877,0.0,1,False
100000002448088100,peripheral,0.5,22,0.3,Явное правило роли не сработало: 3 плательщиков и 1 получателей; входящий поток 20 тыс. KZT.,3,False,3,1,20000.0,25000.0,3,1,1.25,-0.25,5000.0,0,0,0.0005086560796474202,2.0805419395644178e-05,0,1877,1.0,2,False
100000002454724100,terminal,0.9,30,0.3586929122182681,Признаки удержания: осталось 100% входящего потока (125 тыс. KZT от 1 плательщиков); колено 2.,2,False,1,0,125000.0,0.0,3,0,0.0,1.0,0.0,0,1,0.00030118599844023634,0.0,0,1877,,1,False
100000002457464100,terminal,0.9,3,0.3484171115065243,"Признаки удержания: осталось 100% входящего потока (66,6 тыс. KZT от 1 плательщиков); колено 2.",2,False,1,0,66647.0,0.0,1,0,0.0,1.0,0.0,0,1,0.0003221740395394653,0.0,0,1877,,1,False
100000002459093100,terminal,0.801,8,0.4781324139976275,Признаки удержания: осталось 89% входящего потока (500 тыс. KZT от 1 плательщиков); колено 2.,2,False,1,1,500000.0,55000.0,2,3,0.11,0.89,0.0,0,1,0.00038924998698062655,1.1888811083225246e-06,0,1877,0.0,1,False
100000002459163100,terminal,0.9,56,0.3028210260972717,"Признаки удержания: осталось 100% входящего потока (20,2 тыс. KZT от 1 плательщиков); колено 2.",2,False,1,0,20180.0,0.0,1,0,0.0,1.0,0.0,0,1,0.00036111544422251415,0.0,8,4,,1,False
100000002459164100,terminal,0.7,0,0.2859467674970344,Признаки удержания: осталось 100% входящего потока (20 тыс. KZT от 1 плательщиков); колено 3.,3,False,1,0,20000.0,0.0,1,0,0.0,1.0,0.0,0,0,0.0005418286835835176,0.0,0,1877,,1,False
100000002459240100,terminal,0.7,5,0.30987915183867143,Признаки удержания: осталось 100% входящего потока (150 тыс. KZT от 1 плательщиков); колено 3.,3,False,1,0,150000.0,0.0,1,0,0.0,1.0,0.0,0,0,0.00029043067032840335,0.0,0,1877,,1,False
100000002459832100,terminal,0.7,20,0.5191540628706999,"Признаки удержания: осталось 100% входящего потока (880,6 тыс. KZT от 2 плательщиков); колено 3.",3,False,2,0,880606.0,0.0,2,0,0.0,1.0,0.0,0,0,0.0003931880367042986,0.0,0,1877,,1,False
100000002462183100,terminal,0.9,46,0.38155768090154213,"Признаки удержания: осталось 100% входящего потока (107,5 тыс. KZT от 1 плательщиков); колено 1.",1,False,1,0,107500.0,0.0,3,0,0.0,1.0,0.0,1,1,0.0003802620893515447,0.0,10,6,,1,False
100000002469065100,terminal,0.9,4,0.4234319395017794,Признаки удержания: осталось 100% входящего потока (200 тыс. KZT от 1 плательщиков); колено 2.,2,False,1,0,200000.0,0.0,1,0,0.0,1.0,0.0,0,2,0.0003186959872113208,0.0,0,1877,,1,False
100000002472632100,terminal,0.6721,26,0.5832332443653618,"Признаки удержания: осталось 96% входящего потока (502,4 тыс. KZT от 2 плательщиков); колено 3.",3,False,2,1,502400.0,20000.0,3,1,0.03980891719745223,0.9601910828025477,0.0,0,0,0.0009856193332908683,2.0012831990095827e-05,0,1877,0.0,1,False
100000002474570100,boundary,0.5,18,0.1834111803084223,"Граница выгрузки: колено 4; исходящие здесь не собирались, вывод об удержании невозможен.",4,False,1,0,6750.0,0.0,1,0,0.0,1.0,0.0,0,0,0.0002891815541283873,0.0,0,1877,,1,True
100000002475601100,terminal,0.7,20,0.3492029952550415,"Признаки удержания: осталось 100% входящего потока (232,3 тыс. KZT от 1 плательщиков); колено 3.",3,False,1,0,232301.0,0.0,1,0,0.0,1.0,0.0,0,0,0.0003021143924659961,0.0,0,1877,,1,False
100000002478829100,boundary,0.5,22,0.29746811981020166,"Граница выгрузки: колено 4; исходящие здесь не собирались, вывод об удержании невозможен.",4,False,1,0,34000.0,0.0,1,0,0.0,1.0,0.0,0,0,0.00038733445028330085,0.0,0,1877,,1,True
100000002479804100,peripheral,0.5,3,0.3,Явное правило роли не сработало: 1 плательщиков и 2 получателей; входящий поток 46 тыс. KZT.,1,False,1,2,46000.0,35300.0,1,2,0.7673913043478261,0.2326086956521739,0.0,1,1,0.00029696632694887494,1.7833216624837866e-06,0,1877,0.6515580736543909,1,False
100000002480800100,terminal,0.9,3,0.6314316429418743,"Признаки удержания: осталось 100% входящего потока (569,3 тыс. KZT от 2 плательщиков); колено 1.",1,False,2,0,569251.0,0.0,2,0,0.0,1.0,0.0,1,2,0.0006410781031176428,0.0,0,1877,,2,False
100000002481735100,terminal,0.9,4,0.30611284104389086,"Признаки удержания: осталось 100% входящего потока (22,4 тыс. KZT от 1 плательщиков); колено 2.",2,False,1,0,22436.0,0.0,2,0,0.0,1.0,0.0,0,1,0.00036270354277617874,0.0,0,1877,,1,False
100000002481974100,peripheral,0.5,6,0.3,"Явное правило роли не сработало: 2 плательщиков и 2 получателей; входящий поток 89,4 тыс. KZT.",3,False,2,2,89447.0,318000.0,2,4,3.5551779265934016,-2.5551779265934016,228553.0,0,0,0.0003316686610389915,3.883678287186913e-05,0,1877,0.18553459119496854,1,False
100000002487222100,boundary,0.5,5,0.3,"Граница выгрузки: колено 4; исходящие здесь не собирались, вывод об удержании невозможен.",4,False,1,0,90000.0,0.0,2,0,0.0,1.0,0.0,0,0,0.0003104273146144327,0.0,0,1877,,1,True
100000002488629100,terminal,0.9,8,0.3332035883748517,Признаки удержания: осталось 100% входящего потока (73 тыс. KZT от 1 плательщиков); колено 2.,2,False,1,0,73050.0,0.0,1,0,0.0,1.0,0.0,0,1,0.00029941451688253495,0.0,0,1877,,1,False
100000002489253100,terminal,0.9,4,0.3231057236061684,Признаки удержания: осталось 100% входящего потока (51 тыс. KZT от 1 плательщиков); колено 2.,2,False,1,0,51000.0,0.0,1,0,0.0,1.0,0.0,0,1,0.00030184449124919286,0.0,0,1877,,1,False
100000002492277100,terminal,0.9,3,0.3666555456702254,"Признаки удержания: осталось 100% входящего потока (138,5 тыс. KZT от 1 плательщиков); колено 2.",2,False,1,0,138500.0,0.0,1,0,0.0,1.0,0.0,0,1,0.00030740347309968685,0.0,0,1877,,1,False
100000002505277100,boundary,0.5,0,0.3,"Граница выгрузки: колено 4; исходящие здесь не собирались, вывод об удержании невозможен.",4,False,1,0,60000.0,0.0,1,0,0.0,1.0,0.0,0,0,0.00040765311721545095,0.0,0,1877,,1,True
100000002506987100,boundary,0.5,7,0.2517830664294188,"Граница выгрузки: колено 4; исходящие здесь не собирались, вывод об удержании невозможен.",4,False,1,0,28200.0,0.0,1,0,0.0,1.0,0.0,0,0,0.0002961253723894798,0.0,0,1877,,1,True
100000002508637100,terminal,0.6817,20,0.40256153618030843,"Признаки удержания: осталось 97% входящего потока (306,4 тыс. KZT от 1 плательщиков); колено 3.",3,False,1,1,306410.0,8000.0,1,1,0.02610880845925394,0.9738911915407461,0.0,0,0,0.00030739263356746913,7.925874055483496e-07,0,1877,0.0,1,False
100000002509598100,terminal,0.7,9,0.3564538849347568,"Признаки удержания: осталось 100% входящего потока (305,6 тыс. KZT от 1 плательщиков); колено 3.",3,False,1,0,305550.0,0.0,1,0,0.0,1.0,0.0,0,0,0.00030012320541723873,0.0,0,1877,,1,False
100000002511581100,terminal,0.7,1,0.20649836892052192,"Признаки удержания: осталось 100% входящего потока (17,6 тыс. KZT от 1 плательщиков); колено 3.",3,False,1,0,17600.0,0.0,1,0,0.0,1.0,0.0,0,0,0.00028831626313090915,0.0,3,270,,1,False
100000002511825100,terminal,0.9,0,0.32693134638196913,Признаки удержания: осталось 100% входящего потока (65 тыс. KZT от 1 плательщиков); колено 1.,1,False,1,0,65000.0,0.0,1,0,0.0,1.0,0.0,1,1,0.00029776670172400603,0.0,0,1877,,1,False
100000002512742100,boundary,0.5,18,0.1802305753262159,"Граница выгрузки: колено 4; исходящие здесь не собирались, вывод об удержании невозможен.",4,False,1,0,6000.0,0.0,1,0,0.0,1.0,0.0,0,0,0.00028878019191604315,0.0,0,1877,,1,True
100000002513028100,peripheral,0.5,60,0.3,"Явное правило роли не сработало: 1 плательщиков и 3 получателей; входящий поток 9,5 тыс. KZT.",3,False,1,3,9500.0,332709.0,1,24,35.022,-34.022,323209.0,0,0,0.0003055978968624265,6.063293652444875e-05,0,1877,0.0,1,False
100000002514975100,boundary,0.5,27,0.27785068208778174,"Граница выгрузки: колено 4; исходящие здесь не собирались, вывод об удержании невозможен.",4,False,1,0,17920.0,0.0,1,0,0.0,1.0,0.0,0,0,0.0005310425183631422,0.0,0,1877,,1,True
100000002516862100,boundary,0.5,60,0.3,"Граница выгрузки: колено 4; исходящие здесь не собирались, вывод об удержании невозможен.",4,False,1,0,81710.0,0.0,5,0,0.0,1.0,0.0,0,0,0.00034943970609758876,0.0,0,1877,,1,True
100000002521039100,terminal,0.7,0,0.365083778173191,"Признаки удержания: осталось 100% входящего потока (349,4 тыс. KZT от 1 плательщиков); колено 3.",3,False,1,0,349370.0,0.0,1,0,0.0,1.0,0.0,0,0,0.00030524580110660585,0.0,0,1877,,1,False
100000002527114100,distributor,1.0,1,0.6910064985567506,"Признаки распределения: 111 получателей; исходящий поток 3,3 млн KZT. Входящие извне выборки не наблюдаются.",0,True,3,111,129000.0,3289249.0,4,113,25.49805426356589,-24.49805426356589,3160249.0,0,1,0.0008111056953132628,0.00019339132695379732,3,270,0.4463742331456208,1,False
100000002528544100,terminal,0.7,20,0.3384378706998814,"Признаки удержания: осталось 100% входящего потока (192,9 тыс. KZT от 1 плательщиков); колено 3.",3,False,1,0,192912.0,0.0,1,0,0.0,1.0,0.0,0,0,0.0002993090025842554,0.0,0,1877,,1,False
100000002528978100,boundary,0.5,7,0.21432755041518387,"Граница выгрузки: колено 4; исходящие здесь не собирались, вывод об удержании невозможен.",4,False,1,0,15900.0,0.0,1,0,0.0,1.0,0.0,0,0,0.0002915211255271421,0.0,0,1877,,1,True
100000002529877100,boundary,0.5,9,0.3,"Граница выгрузки: колено 4; исходящие здесь не собирались, вывод об удержании невозможен.",4,False,1,0,232000.0,0.0,1,0,0.0,1.0,0.0,0,0,0.0003058339492043382,0.0,0,1877,,1,True
100000002529880100,terminal,0.7,2,0.4728165776986951,Признаки удержания: осталось 100% входящего потока (147 тыс. KZT от 2 плательщиков); колено 3.,3,False,2,0,147000.0,0.0,2,0,0.0,1.0,0.0,0,0,0.00030613354851985675,0.0,0,1877,,2,False
100000002530224100,terminal,0.7,2,0.3044076215895611,Признаки удержания: осталось 100% входящего потока (113 тыс. KZT от 1 плательщиков); колено 3.,3,False,1,0,113000.0,0.0,1,0,0.0,1.0,0.0,0,0,0.00029139102055774377,0.0,0,1877,,1,False
100000002531406100,transit,0.9038,20,0.4411736358244366,"Признаки транзита: получено 520 тыс., отправлено 500 тыс. KZT; передано дальше 96% входящего потока. 0% исходящих сумм попали в окно 2 дней после входящего.",3,False,1,1,520000.0,500000.0,1,1,0.9615384615384616,0.038461538461538436,0.0,0,0,0.0003226050843745726,7.925874055483496e-07,0,1877,0.0,1,False
100000002534091100,terminal,0.7,6,0.24003929418742584,"Признаки удержания: осталось 100% входящего потока (22,2 тыс. KZT от 1 плательщиков); колено 3.",3,False,1,0,22200.0,0.0,1,0,0.0,1.0,0.0,0,0,0.00029636616273709014,0.0,0,1877,,1,False
100000002537811100,peripheral,0.5,11,0.3,Явное правило роли не сработало: 1 плательщиков и 1 получателей; входящий поток 52 тыс. KZT.,3,False,1,1,52000.0,15000.0,1,1,0.28846153846153844,0.7115384615384616,0.0,0,0,0.0012313777249476486,2.6353531234482626e-05,0,1877,0.0,1,False
100000002539625100,terminal,0.9,2,0.3689687129300119,"Признаки удержания: осталось 100% входящего потока (94,7 тыс. KZT от 1 плательщиков); колено 2.",2,False,1,0,94700.0,0.0,1,0,0.0,1.0,0.0,0,1,0.0003450202078597562,0.0,0,1877,,1,False
100000002540033100,boundary,0.5,21,0.26512826215895613,"Граница выгрузки: колено 4; исходящие здесь не собирались, вывод об удержании невозможен.",4,False,1,0,10000.0,0.0,1,0,0.0,1.0,0.0,0,0,0.0005960851621180808,0.0,0,1877,,1,True
100000002540623100,terminal,0.9,11,0.3692356168446026,Признаки удержания: осталось 100% входящего потока (100 тыс. KZT от 1 плательщиков); колено 2.,2,False,1,0,100000.0,0.0,1,0,0.0,1.0,0.0,0,1,0.0003332150538717533,0.0,0,1877,,1,False
100000002546921100,terminal,0.7,14,0.22331331553973902,Признаки удержания: осталось 100% входящего потока (20 тыс. KZT от 1 плательщиков); колено 3.,3,False,1,0,20000.0,0.0,1,0,0.0,1.0,0.0,0,0,0.0002912223270400026,0.0,0,1877,,1,False
100000002547110100,consolidator,0.7,2,0.6495217971530248,"Признаки сбора: 6 плательщиков, из них seed: 0; входящий поток 1,5 млн KZT.",3,False,6,0,1500000.0,0.0,10,0,0.0,1.0,0.0,0,0,0.0005516278220472679,0.0,0,1877,,5,False
100000002548759100,terminal,0.7,2,0.5084482502965599,Признаки удержания: осталось 100% входящего потока (375 тыс. KZT от 2 плательщиков); колено 3.,3,False,2,0,375000.0,0.0,2,0,0.0,1.0,0.0,0,0,0.00030852903010496164,0.0,0,1877,,2,False
100000002550141100,terminal,0.7,6,0.32442541518386714,"Признаки удержания: осталось 100% входящего потока (100,6 тыс. KZT от 1 плательщиков); колено 3.",3,False,1,0,100586.0,0.0,1,0,0.0,1.0,0.0,0,0,0.0003077875449747836,0.0,0,1877,,1,False
100000002554175100,terminal,0.7,7,0.24181865361803082,"Признаки удержания: осталось 100% входящего потока (24,6 тыс. KZT от 1 плательщиков); колено 3.",3,False,1,0,24621.0,0.0,1,0,0.0,1.0,0.0,0,0,0.000294742641745906,0.0,0,1877,,1,False
100000002556775100,terminal,0.7,5,0.34775726571767496,Признаки удержания: осталось 100% входящего потока (300 тыс. KZT от 1 плательщиков); колено 3.,3,False,1,0,300000.0,0.0,1,0,0.0,1.0,0.0,0,0,0.0002952920464395158,0.0,0,1877,,1,False
100000002558173100,terminal,0.9,32,0.23889753855278767,"Признаки удержания: осталось 100% входящего потока (9,3 тыс. KZT от 1 плательщиков); колено 2.",2,False,1,0,9300.0,0.0,1,0,0.0,1.0,0.0,0,1,0.0002958286804649773,0.0,0,1877,,1,False
100000002559089100,terminal,0.7,9,0.5485728054567023,Признаки удержания: осталось 100% входящего потока (715 тыс. KZT от 2 плательщиков); колено 3.,3,False,2,0,715000.0,0.0,2,0,0.0,1.0,0.0,0,0,0.00039242595373201265,0.0,0,1877,,2,False
100000002565277100,terminal,0.9,3,0.4670707295373665,"Признаки удержания: осталось 100% входящего потока (483,3 тыс. KZT от 1 плательщиков); колено 1.",1,False,1,0,483319.0,0.0,1,0,0.0,1.0,0.0,1,2,0.0003823473671467781,0.0,0,1877,,1,False
100000002566204100,terminal,0.9,11,0.35504522538552785,"Признаки удержания: осталось 100% входящего потока (80,8 тыс. KZT от 1 плательщиков); колено 2.",2,False,1,0,80805.0,0.0,1,0,0.0,1.0,0.0,0,1,0.00032406945030607917,0.0,0,1877,,1,False
100000002567887100,terminal,0.7,5,0.254363137603796,"Признаки удержания: осталось 100% входящего потока (50,9 тыс. KZT от 1 плательщиков); колено 3.",3,False,1,0,50915.0,0.0,1,0,0.0,1.0,0.0,0,0,0.00028721940731527283,0.0,0,1877,,1,False
100000002570206100,terminal,0.9,16,0.4878076809015421,Признаки удержания: осталось 100% входящего потока (167 тыс. KZT от 2 плательщиков); колено 2.,2,False,2,0,166959.6,0.0,2,0,0.0,1.0,0.0,0,1,0.0003185104657273645,0.0,0,1877,,1,False
100000002575080100,transit,1.0,15,0.4145796263345196,"Признаки транзита: получено 13 тыс., отправлено 12,5 тыс. KZT; передано дальше 96% входящего потока. 100% исходящих сумм попали в окно 2 дней после входящего.",3,False,1,1,13000.0,12500.0,1,1,0.9615384615384616,0.038461538461538436,0.0,0,0,0.0005518178489503663,1.981468513870874e-05,0,1877,1.0,1,False
100000002578405100,distributor,1.0,1,0.8805142132858863,"Признаки распределения: 116 получателей; исходящий поток 3,1 млн KZT.",2,False,2,116,1200351.0,3108352.0,7,120,2.589535894084314,-1.5895358940843138,1908001.0,0,1,0.000570007125644813,0.00017100073274705643,3,270,0.6693176963226816,1,False
100000002578653100,terminal,0.7,47,0.2504930308422301,Признаки удержания: осталось 100% входящего потока (20 тыс. KZT от 1 плательщиков); колено 3.,3,False,1,0,20000.0,0.0,1,0,0.0,1.0,0.0,0,0,0.0003113100744475735,0.0,0,1877,,1,False
100000002580377100,terminal,0.7808,4,0.33106835705812576,"Признаки удержания: осталось 87% входящего потока (37,8 тыс. KZT от 1 плательщиков); колено 1.",1,False,1,1,37750.0,5000.0,2,1,0.13245033112582782,0.8675496688741722,0.0,1,1,0.000289628100737922,1.922024458454748e-05,0,1877,0.0,1,False
100000002581346100,terminal,0.7,5,0.3165962336892052,"Признаки удержания: осталось 100% входящего потока (166,4 тыс. KZT от 1 плательщиков); колено 3.",3,False,1,0,166400.0,0.0,1,0,0.0,1.0,0.0,0,0,0.00029096218078321833,0.0,0,1877,,1,False
100000002589019100,terminal,0.9,12,0.28436017200474495,"Признаки удержания: осталось 100% входящего потока (34,7 тыс. KZT от 1 плательщиков); колено 1.",1,False,1,0,34710.0,0.0,1,0,0.0,1.0,0.0,1,1,0.0002913295941344678,0.0,0,1877,,1,False
100000002591469100,terminal,0.9,10,0.3786217378410439,"Признаки удержания: осталось 100% входящего потока (235,7 тыс. KZT от 1 плательщиков); колено 1.",1,False,1,0,235670.0,0.0,1,0,0.0,1.0,0.0,1,1,0.000299083139623691,0.0,0,1877,,1,False
100000002592567100,peripheral,0.5,4,0.3,"Явное правило роли не сработало: 1 плательщиков и 2 получателей; входящий поток 5,3 тыс. KZT.",1,False,1,2,5297.0,48600.0,1,2,9.175004719652634,-8.175004719652634,43303.0,1,1,0.0002861388173468216,0.0007202476857029619,0,1877,0.0,1,False
100000002593038100,terminal,0.9,12,0.3437462930011862,"Признаки удержания: осталось 100% входящего потока (28,5 тыс. KZT от 1 плательщиков); колено 2.",2,False,1,0,28500.0,0.0,1,0,0.0,1.0,0.0,0,1,0.0006586124144995191,0.0,0,1877,,1,False
100000002593344100,terminal,0.7,2,0.5310016310794781,Признаки удержания: осталось 100% входящего потока (431 тыс. KZT от 2 плательщиков); колено 3.,3,False,2,0,431000.0,0.0,2,0,0.0,1.0,0.0,0,0,0.0003589615897510939,0.0,0,1877,,2,False
100000002594214100,boundary,0.5,39,0.3,"Граница выгрузки: колено 4; исходящие здесь не собирались, вывод об удержании невозможен.",4,False,1,0,1000000.0,0.0,1,0,0.0,1.0,0.0,0,0,0.00036705924336221985,0.0,0,1877,,1,True
100000002596035100,terminal,0.9,11,0.4294817615658363,"Признаки удержания: осталось 100% входящего потока (231,6 тыс. KZT от 1 плательщиков); колено 1.",1,False,1,0,231570.0,0.0,1,0,0.0,1.0,0.0,1,2,0.0003206915567832726,0.0,0,1877,,1,False
100000002596039100,boundary,0.5,6,0.3,"Граница выгрузки: колено 4; исходящие здесь не собирались, вывод об удержании невозможен.",4,False,1,0,280000.0,0.0,1,0,0.0,1.0,0.0,0,0,0.00030434333941669245,0.0,0,1877,,1,True
100000002597003100,peripheral,0.5,0,0.3,"Явное правило роли не сработало: 1 плательщиков и 1 получателей; входящий поток 17,7 тыс. KZT.",1,False,1,1,17700.0,11000.0,1,1,0.6214689265536724,0.37853107344632764,0.0,1,1,0.00028889074210758104,1.922024458454748e-05,0,1877,0.0,1,False
100000002597074100,boundary,0.5,0,0.21957666073546858,"Граница выгрузки: колено 4; исходящие здесь не собирались, вывод об удержании невозможен.",4,False,1,0,8000.0,0.0,1,0,0.0,1.0,0.0,0,0,0.00031042832358882426,0.0,0,1877,,1,True
100000002597623100,terminal,0.7,0,0.19737915183867139,"Признаки удержания: осталось 100% входящего потока (16,4 тыс. KZT от 1 плательщиков); колено 3.",3,False,1,0,16418.0,0.0,1,0,0.0,1.0,0.0,0,0,0.0002864939554363674,0.0,0,1877,,1,False
100000002599729100,boundary,0.5,0,0.3,"Граница выгрузки: колено 4; исходящие здесь не собирались, вывод об удержании невозможен.",4,False,1,0,65000.0,0.0,2,0,0.0,1.0,0.0,0,0,0.00048578643675265784,0.0,0,1877,,1,True
100000002600345100,terminal,0.9,4,0.4200140865954923,"Признаки удержания: осталось 100% входящего потока (52,4 тыс. KZT от 2 плательщиков); колено 1.",1,False,2,0,52400.0,0.0,2,0,0.0,1.0,0.0,1,1,0.0002957205308431163,0.0,0,1877,,1,False
100000002603371100,terminal,0.7,0,0.18857132265717674,"Признаки удержания: осталось 100% входящего потока (9,3 тыс. KZT от 1 плательщиков); колено 3.",3,False,1,0,9300.0,0.0,1,0,0.0,1.0,0.0,0,0,0.0002893766428347351,0.0,0,1877,,1,False
100000002603478100,terminal,0.9,12,0.2575140865954923,"Признаки удержания: осталось 100% входящего потока (23,5 тыс. KZT от 1 плательщиков); колено 1.",1,False,1,0,23500.0,0.0,1,0,0.0,1.0,0.0,1,1,0.0002894692379814412,0.0,0,1877,,1,False
100000002603769100,consolidator,0.7,0,0.6267459964412812,"Признаки сбора: 3 плательщиков, из них seed: 1; входящий поток 1,2 млн KZT.",1,False,3,0,1185368.0,0.0,3,0,0.0,1.0,0.0,1,2,0.0005415388680707106,0.0,0,1877,,1,False
100000002605184100,terminal,0.9,15,0.3908993179122182,Признаки удержания: осталось 100% входящего потока (140 тыс. KZT от 1 плательщиков); колено 2.,2,False,1,0,140000.0,0.0,1,0,0.0,1.0,0.0,0,1,0.00039107352079071505,0.0,0,1877,,1,False
100000002605308100,consolidator,0.7,14,0.6455182384341637,"Признаки сбора: 3 плательщиков, из них seed: 0; входящий поток 2,6 млн KZT.",2,False,3,0,2569521.84,0.0,7,0,0.0,1.0,0.0,0,2,0.0008849814697633089,0.0,0,1877,,1,False
100000002605548100,terminal,0.9,11,0.5389049525504152,"Признаки удержания: осталось 100% входящего потока (116,7 тыс. KZT от 2 плательщиков); колено 1.",1,False,2,0,116695.0,0.0,2,0,0.0,1.0,0.0,1,3,0.00031432137112675444,0.0,0,1877,,1,False
100000002606567100,peripheral,0.5,0,0.3,"Явное правило роли не сработало: 1 плательщиков и 1 получателей; входящий поток 14,1 тыс. KZT.",1,False,1,1,14095.0,53000.0,1,1,3.7601986520042567,-2.7601986520042567,38905.0,1,1,0.00028821425512201625,1.922024458454748e-05,0,1877,0.0,1,False
100000002609774100,peripheral,0.5,7,0.3,"Явное правило роли не сработало: 1 плательщиков и 1 получателей; входящий поток 7,7 тыс. KZT.",1,False,1,1,7700.0,27500.0,1,1,3.5714285714285716,-2.5714285714285716,19800.0,1,1,0.00028639718322944613,0.0002797007929704895,0,1877,0.0,1,False
100000002611334100,peripheral,0.5,0,0.3,"Явное правило роли не сработало: 1 плательщиков и 1 получателей; входящий поток 48,3 тыс. KZT.",3,False,1,1,48288.0,15500.0,1,1,0.3209907223326706,0.6790092776673293,0.0,0,0,0.0003053380307806398,1.922024458454748e-05,0,1877,0.0,1,False
100000002612809100,peripheral,0.5,37,0.3,Явное правило роли не сработало: 1 плательщиков и 3 получателей; входящий поток 30 тыс. KZT.,3,False,1,3,30000.0,114000.0,2,4,3.8,-2.8,84000.0,0,0,0.00042829267239375297,1.5851748110966993e-06,0,1877,0.13157894736842105,1,False
100000002613776100,terminal,0.9,3,0.29659326809015424,Признаки удержания: осталось 100% входящего потока (30 тыс. KZT от 1 плательщиков); колено 2.,2,False,1,0,30000.0,0.0,2,0,0.0,1.0,0.0,0,1,0.00030148630332664647,0.0,0,1877,,1,False
100000002613929100,terminal,0.7,2,0.3127706109134045,"Признаки удержания: осталось 100% входящего потока (28,6 тыс. KZT от 1 плательщиков); колено 3.",3,False,1,0,28560.0,0.0,1,0,0.0,1.0,0.0,0,0,0.000780934097989642,0.0,0,1877,,1,False
100000002614095100,terminal,0.7,1,0.1697990806642942,"Признаки удержания: осталось 100% входящего потока (5,3 тыс. KZT от 1 плательщиков); колено 3.",3,False,1,0,5300.0,0.0,1,0,0.0,1.0,0.0,0,0,0.00028639650644696,0.0,3,270,,1,False
100000002615479100,terminal,0.9,2,0.3864954033214709,Признаки удержания: осталось 100% входящего потока (220 тыс. KZT от 1 плательщиков); колено 1.,1,False,1,0,220000.0,0.0,1,0,0.0,1.0,0.0,1,1,0.00030919582846738493,0.0,0,1877,,1,False
100000002618492100,terminal,0.9,11,0.5873480130486358,"Признаки удержания: осталось 100% входящего потока (296,5 тыс. KZT от 2 плательщиков); колено 1.",1,False,2,0,296500.0,0.0,2,0,0.0,1.0,0.0,1,3,0.00036902681066638884,0.0,0,1877,,1,False
100000002621434100,terminal,0.7,2,0.2821211447212337,Признаки удержания: осталось 100% входящего потока (81 тыс. KZT от 1 плательщиков); колено 3.,3,False,1,0,81000.0,0.0,1,0,0.0,1.0,0.0,0,0,0.0002897423900896509,0.0,0,1877,,1,False
100000002621915100,terminal,0.9,4,0.27879967378410436,Признаки удержания: осталось 100% входящего потока (5 тыс. KZT от 1 плательщиков); колено 2.,2,False,1,0,5000.0,0.0,1,0,0.0,1.0,0.0,0,1,0.000532039201173054,0.0,0,1877,,1,False
100000002621949100,terminal,0.9,3,0.4156917259786477,"Признаки удержания: осталось 100% входящего потока (164,6 тыс. KZT от 1 плательщиков); колено 1.",1,False,1,0,164612.0,0.0,1,0,0.0,1.0,0.0,1,2,0.00031853061405174546,0.0,0,1877,,1,False
100000002622822100,boundary,0.5,21,0.3,"Граница выгрузки: колено 4; исходящие здесь не собирались, вывод об удержании невозможен.",4,False,1,0,750000.0,0.0,1,0,0.0,1.0,0.0,0,0,0.000907686113992107,0.0,0,1877,,1,True
100000002628146100,terminal,0.9,32,0.31171782325029657,"Признаки удержания: осталось 100% входящего потока (30,5 тыс. KZT от 1 плательщиков); колено 2.",2,False,1,0,30500.0,0.0,2,0,0.0,1.0,0.0,0,1,0.0003192156684704561,0.0,0,1877,,1,False
100000002628576100,peripheral,0.5,5,0.3,"Явное правило роли не сработало: 2 плательщиков и 2 получателей; входящий поток 727,9 тыс. KZT.",3,False,2,2,727882.0,539000.0,3,2,0.7405046422359668,0.2594953577640332,0.0,0,0,0.00031139015391323896,3.844048916909496e-05,0,1877,1.0,1,False
100000002632742100,terminal,0.7,2,0.46626260379596685,"Признаки удержания: осталось 100% входящего потока (235,5 тыс. KZT от 2 плательщиков); колено 3.",3,False,2,0,235500.0,0.0,2,0,0.0,1.0,0.0,0,0,0.00031756431519578917,0.0,0,1877,,1,False
100000002633108100,terminal,0.7,14,0.386525059311981,Признаки удержания: осталось 100% входящего потока (320 тыс. KZT от 1 плательщиков); колено 3.,3,False,1,0,320000.0,0.0,3,0,0.0,1.0,0.0,0,0,0.0003760178193806783,0.0,0,1877,,1,False
100000002633701100,terminal,0.9,2,0.3945914887307236,"Признаки удержания: осталось 100% входящего потока (266,9 тыс. KZT от 1 плательщиков); колено 2.",2,False,1,0,266850.0,0.0,1,0,0.0,1.0,0.0,0,1,0.00031067978540157034,0.0,0,1877,,1,False
100000002635746100,boundary,0.5,18,0.17682755041518386,"Граница выгрузки: колено 4; исходящие здесь не собирались, вывод об удержании невозможен.",4,False,1,0,5300.0,0.0,1,0,0.0,1.0,0.0,0,0,0.0002884055871845221,0.0,0,1877,,1,True
100000002635780100,terminal,0.9,10,0.41429789442467374,Признаки удержания: осталось 100% входящего потока (163 тыс. KZT от 1 плательщиков); колено 2.,2,False,1,0,163000.02,0.0,1,0,0.0,1.0,0.0,0,1,0.0005553850086577912,0.0,0,1877,,1,False
100000002644285100,terminal,0.7,9,0.38114249703440095,Признаки удержания: осталось 100% входящего потока (500 тыс. KZT от 1 плательщиков); колено 3.,3,False,1,0,500000.0,0.0,1,0,0.0,1.0,0.0,0,0,0.00030938521828855235,0.0,0,1877,,1,False
100000002645046100,boundary,0.5,18,0.20529730130486357,"Граница выгрузки: колено 4; исходящие здесь не собирались, вывод об удержании невозможен.",4,False,1,0,12000.0,0.0,1,0,0.0,1.0,0.0,0,0,0.00029199108961479553,0.0,0,1877,,1,True
100000002645609100,terminal,0.9,0,0.5708036773428232,"Признаки удержания: осталось 100% входящего потока (546,8 тыс. KZT от 4 плательщиков); колено 1.",1,False,4,0,546820.6799999999,0.0,5,0,0.0,1.0,0.0,1,1,0.00035535788312599583,0.0,0,1877,,1,False
100000002645993100,peripheral,0.5,0,0.3,"Явное правило роли не сработало: 2 плательщиков и 5 получателей; входящий поток 49,6 тыс. KZT.",3,False,2,5,49650.0,86980.0,4,9,1.7518630412890233,-0.7518630412890233,37330.0,0,0,0.0002933085935851203,9.38762407782187e-05,0,1877,1.0,2,False
100000002646745100,terminal,0.7,1,0.18954997034400947,"Признаки удержания: осталось 100% входящего потока (12,3 тыс. KZT от 1 плательщиков); колено 3.",3,False,1,0,12300.0,0.0,1,0,0.0,1.0,0.0,0,0,0.00028748905090124,0.0,3,270,,1,False
100000002646887100,terminal,0.7,2,0.24235246144721234,"Признаки удержания: осталось 100% входящего потока (24,4 тыс. KZT от 1 плательщиков); колено 3.",3,False,1,0,24354.0,0.0,1,0,0.0,1.0,0.0,0,0,0.00029518757307712165,0.0,0,1877,,1,False
100000002648315100,peripheral,0.5,10,0.3,Явное правило роли не сработало: 1 плательщиков и 2 получателей; входящий поток 132 тыс. KZT.,1,False,1,2,132000.0,76000.0,1,3,0.5757575757575758,0.4242424242424242,0.0,1,1,0.0002931384697323959,3.962937027741748e-07,0,1877,0.0,1,False
100000002653187100,boundary,0.5,12,0.26486135824436535,"Граница выгрузки: колено 4; исходящие здесь не собирались, вывод об удержании невозможен.",4,False,1,0,15000.0,0.0,1,0,0.0,1.0,0.0,0,0,0.0004732789140150342,0.0,0,1877,,1,True
100000002653948100,terminal,0.7,5,0.27896278173190986,"Признаки удержания: осталось 100% входящего потока (85,2 тыс. KZT от 1 плательщиков); колено 3.",3,False,1,0,85200.0,0.0,1,0,0.0,1.0,0.0,0,0,0.0002883305558484028,0.0,0,1877,,1,False
100000002659103100,boundary,0.5,45,0.3,"Граница выгрузки: колено 4; исходящие здесь не собирались, вывод об удержании невозможен.",4,False,1,0,165000.0,0.0,1,0,0.0,1.0,0.0,0,0,0.0003497105242568359,0.0,0,1877,,1,True
100000002659265100,boundary,0.5,2,0.3,"Граница выгрузки: колено 4; исходящие здесь не собирались, вывод об удержании невозможен.",4,False,1,0,141000.0,0.0,1,0,0.0,1.0,0.0,0,0,0.00031969973198944335,0.0,0,1877,,1,True
100000002660298100,boundary,0.5,7,0.2589894721233689,"Граница выгрузки: колено 4; исходящие здесь не собирались, вывод об удержании невозможен.",4,False,1,0,30900.0,0.0,1,0,0.0,1.0,0.0,0,0,0.00029713606072511497,0.0,0,1877,,1,True
100000002662768100,terminal,0.9,3,0.3461484282325029,"Признаки удержания: осталось 100% входящего потока (84,3 тыс. KZT от 1 плательщиков); колено 1.",1,False,1,0,84300.0,0.0,1,0,0.0,1.0,0.0,1,1,0.00030645559550582425,0.0,0,1877,,1,False
100000002663511100,terminal,0.7,0,0.36067986358244364,"Признаки удержания: осталось 100% входящего потока (268,9 тыс. KZT от 1 плательщиков); колено 3.",3,False,1,0,268940.0,0.0,1,0,0.0,1.0,0.0,0,0,0.0003094194993991053,0.0,0,1877,,1,False
100000002666248100,terminal,0.9,3,0.3660475978647687,Признаки удержания: осталось 100% входящего потока (70 тыс. KZT от 1 плательщиков); колено 1.,1,False,1,0,70032.0,0.0,1,0,0.0,1.0,0.0,1,2,0.0002995922521465216,0.0,0,1877,,1,False
100000002670463100,boundary,0.5,18,0.26721900948991695,"Граница выгрузки: колено 4; исходящие здесь не собирались, вывод об удержании невозможен.",4,False,1,0,31500.0,0.0,1,0,0.0,1.0,0.0,0,0,0.0003024265071357405,0.0,0,1877,,1,True
100000002670860100,terminal,0.9,9,0.5146315243179123,Признаки удержания: осталось 100% входящего потока (450 тыс. KZT от 2 плательщиков); колено 1.,1,False,2,0,450000.0,0.0,2,0,0.0,1.0,0.0,1,1,0.00030894570400308074,0.0,0,1877,,1,False
100000002670960100,terminal,0.7,9,0.3785179418742586,"Признаки удержания: осталось 100% входящего потока (480,3 тыс. KZT от 1 плательщиков); колено 3.",3,False,1,0,480310.0,0.0,1,0,0.0,1.0,0.0,0,0,0.000308447347198626,0.0,0,1877,,1,False
100000002671326100,boundary,0.5,2,0.3,"Граница выгрузки: колено 4; исходящие здесь не собирались, вывод об удержании невозможен.",4,False,1,0,1050000.0,0.0,2,0,0.0,1.0,0.0,0,0,0.0006294451129335774,0.0,0,1877,,1,True
100000002671806100,terminal,0.9,12,0.2237729833926453,"Признаки удержания: осталось 100% входящего потока (12,4 тыс. KZT от 1 плательщиков); колено 1.",1,False,1,0,12440.0,0.0,1,0,0.0,1.0,0.0,1,1,0.00028763377508648363,0.0,0,1877,,1,False
100000002677201100,peripheral,0.5,2,0.3,Явное правило роли не сработало: 1 плательщиков и 1 получателей; входящий поток 150 тыс. KZT.,3,False,1,1,150000.0,87750.0,1,1,0.585,0.41500000000000004,0.0,0,0,0.00030890584852738594,2.139985994980544e-05,0,1877,0.0,1,False
100000002679516100,terminal,0.9,12,0.5296819395017793,"Признаки удержания: осталось 100% входящего потока (102,3 тыс. KZT от 3 плательщиков); колено 1.",1,False,3,0,102335.0,0.0,3,0,0.0,1.0,0.0,1,2,0.00032682549707084964,0.0,0,1877,,1,False
100000002680477100,terminal,0.9,9,0.2761306346381969,Признаки удержания: осталось 100% входящего потока (25 тыс. KZT от 1 плательщиков); колено 2.,2,False,1,0,25000.0,0.0,1,0,0.0,1.0,0.0,0,1,0.00029455855419957777,0.0,0,1877,,1,False
100000002681449100,peripheral,0.5,40,0.3,"Явное правило роли не сработало: 2 плательщиков и 2 получателей; входящий поток 94,6 тыс. KZT.",1,False,2,2,94638.0,133000.0,2,2,1.4053551427544961,-0.40535514275449613,38362.0,1,1,0.0002951397503203067,1.764761873544182e-05,0,1877,0.09774436090225563,1,False
100000002681544100,terminal,0.7,10,0.49354611506524315,"Признаки удержания: осталось 100% входящего потока (166,1 тыс. KZT от 2 плательщиков); колено 3.",3,False,2,0,166072.0,0.0,2,0,0.0,1.0,0.0,0,0,0.00033571724351569673,0.0,0,1877,,2,False
100000002686226100,boundary,0.5,16,0.3,"Граница выгрузки: колено 4; исходящие здесь не собирались, вывод об удержании невозможен.",4,False,1,0,430000.0,0.0,2,0,0.0,1.0,0.0,0,0,0.0006546162523072485,0.0,0,1877,,1,True
100000002689717100,boundary,0.5,7,0.2862136714116251,"Граница выгрузки: колено 4; исходящие здесь не собирались, вывод об удержании невозможен.",4,False,1,0,47500.0,0.0,1,0,0.0,1.0,0.0,0,0,0.0003033499223442049,0.0,0,1877,,1,True
100000002691583100,terminal,0.7,27,0.379363137603796,"Признаки удержания: осталось 100% входящего потока (285,2 тыс. KZT от 1 плательщиков); колено 3.",3,False,1,0,285200.0,0.0,1,0,0.0,1.0,0.0,0,0,0.0003570895620191624,0.0,0,1877,,1,False
100000002691858100,terminal,0.9,32,0.34419113285883746,"Признаки удержания: осталось 100% входящего потока (51,5 тыс. KZT от 1 плательщиков); колено 2.",2,False,1,0,51500.0,0.0,1,0,0.0,1.0,0.0,0,1,0.000342382024513619,0.0,0,1877,,1,False
100000002692044100,terminal,0.9,12,0.3493067912218268,Признаки удержания: осталось 100% входящего потока (97 тыс. KZT от 1 плательщиков); колено 1.,1,False,1,0,97000.0,0.0,1,0,0.0,1.0,0.0,1,1,0.000301666934435273,0.0,0,1877,,1,False
100000002692750100,peripheral,0.5,8,0.3,"Явное правило роли не сработало: 3 плательщиков и 1 получателей; входящий поток 112,8 тыс. KZT.",2,False,3,1,112830.0,77000.0,3,8,0.682442612780289,0.31755738721971105,0.0,0,1,0.0020142415855483,1.981468513870874e-05,0,1877,0.15584415584415584,1,False
100000002695812100,boundary,0.5,7,0.3,"Граница выгрузки: колено 4; исходящие здесь не собирались, вывод об удержании невозможен.",4,False,1,0,95000.0,0.0,1,0,0.0,1.0,0.0,0,0,0.00032113055047111887,0.0,0,1877,,1,True
100000002696152100,peripheral,0.5,33,0.3,"Явное правило роли не сработало: 1 плательщиков и 2 получателей; входящий поток 21,8 тыс. KZT.",3,False,1,2,21800.0,69000.0,3,8,3.165137614678899,-2.165137614678899,47200.0,0,0,0.0012050605596790834,2.139985994980544e-05,0,1877,0.21739130434782608,1,False
100000002697752100,terminal,0.7,6,0.4631042408066429,"Признаки удержания: осталось 100% входящего потока (190,8 тыс. KZT от 2 плательщиков); колено 3.",3,False,2,0,190785.0,0.0,2,0,0.0,1.0,0.0,0,0,0.00032958004304152585,0.0,0,1877,,1,False
100000002700161100,boundary,0.5,51,0.3,"Граница выгрузки: колено 4; исходящие здесь не собирались, вывод об удержании невозможен.",4,False,1,0,39000.0,0.0,1,0,0.0,1.0,0.0,0,0,0.0009026643078152162,0.0,0,1877,,1,True
100000002702968100,boundary,0.5,7,0.2606353795966785,"Граница выгрузки: колено 4; исходящие здесь не собирались, вывод об удержании невозможен.",4,False,1,0,31600.0,0.0,1,0,0.0,1.0,0.0,0,0,0.00029739809103435365,0.0,0,1877,,1,True
100000002703376100,terminal,0.9,0,0.3005523428232503,"Признаки удержания: осталось 100% входящего потока (46,5 тыс. KZT от 1 плательщиков); колено 2.",2,False,1,0,46501.0,0.0,1,0,0.0,1.0,0.0,0,1,0.00029280302788279564,0.0,0,1877,,1,False
100000002704875100,terminal,0.9,6,0.5228165776986952,"Признаки удержания: осталось 100% входящего потока (244,9 тыс. KZT от 3 плательщиков); колено 1.",1,False,3,0,244891.0,0.0,4,0,0.0,1.0,0.0,1,1,0.00031507379549976304,0.0,0,1877,,1,False
100000002705460100,terminal,0.7,4,0.3605908956109134,Признаки удержания: осталось 100% входящего потока (95 тыс. KZT от 1 плательщиков); колено 3.,3,False,1,0,95000.0,0.0,1,0,0.0,1.0,0.0,0,0,0.000557727242255144,0.0,0,1877,,1,False
100000002706810100,boundary,0.5,18,0.2875037069988138,"Граница выгрузки: колено 4; исходящие здесь не собирались, вывод об удержании невозможен.",4,False,1,0,45000.0,0.0,1,0,0.0,1.0,0.0,0,0,0.0003096510269579332,0.0,0,1877,,1,True
100000002707106100,boundary,0.5,14,0.1928417852906287,"Граница выгрузки: колено 4; исходящие здесь не собирались, вывод об удержании невозможен.",4,False,1,0,15000.0,0.0,2,0,0.0,1.0,0.0,0,0,0.00028660633942148524,0.0,0,1877,,1,True
100000002708624100,terminal,0.7,26,0.2706887603795967,Признаки удержания: осталось 100% входящего потока (25 тыс. KZT от 1 плательщиков); колено 3.,3,False,1,0,25000.0,0.0,1,0,0.0,1.0,0.0,0,0,0.000328736126653088,0.0,0,1877,,1,False
100000002710570100,terminal,0.9,31,0.4232391755634638,Признаки удержания: осталось 100% входящего потока (225 тыс. KZT от 1 плательщиков); колено 2.,2,False,1,0,225015.0,0.0,1,0,0.0,1.0,0.0,0,1,0.0005391306175502206,0.0,0,1877,,1,False
100000002712416100,terminal,0.7,9,0.42960779952550415,"Признаки удержания: осталось 100% входящего потока (116,8 тыс. KZT от 2 плательщиков); колено 3.",3,False,2,0,116800.0,0.0,2,0,0.0,1.0,0.0,0,0,0.0003026575194807802,0.0,0,1877,,1,False
100000002713074100,peripheral,0.5,16,0.3,Явное правило роли не сработало: 2 плательщиков и 1 получателей; входящий поток 700 тыс. KZT.,3,False,2,1,700000.0,430000.0,2,2,0.6142857142857143,0.3857142857142857,0.0,0,0,0.00043360981661775996,1.922024458454748e-05,0,1877,0.0,2,False
100000002713974100,boundary,0.5,6,0.3,"Граница выгрузки: колено 4; исходящие здесь не собирались, вывод об удержании невозможен.",4,False,1,0,50000.0,0.0,1,0,0.0,1.0,0.0,0,0,0.0003299501883700874,0.0,0,1877,,1,True
100000002718366100,consolidator,0.7,2,0.6937092230130486,"Признаки сбора: 6 плательщиков, из них seed: 0; входящий поток 2,5 млн KZT.",2,False,6,0,2525000.0,0.0,10,0,0.0,1.0,0.0,0,1,0.0006811994866182293,0.0,0,1877,,3,False
100000002720627100,terminal,0.9,11,0.4210742882562277,"Признаки удержания: осталось 100% входящего потока (199,3 тыс. KZT от 1 плательщиков); колено 1.",1,False,1,0,199300.0,0.0,1,0,0.0,1.0,0.0,1,2,0.00031579716021634154,0.0,0,1877,,1,False
100000002721825100,terminal,0.9,0,0.2949473606168446,Признаки удержания: осталось 100% входящего потока (11 тыс. KZT от 1 плательщиков); колено 2.,2,False,1,0,11000.0,0.0,1,0,0.0,1.0,0.0,0,1,0.0005314143750831585,0.0,0,1877,,1,False
100000002722108100,terminal,0.7,9,0.39862470344009493,Признаки удержания: осталось 100% входящего потока (800 тыс. KZT от 1 плательщиков); колено 3.,3,False,1,0,800000.0,0.0,2,0,0.0,1.0,0.0,0,0,0.00032367477273130915,0.0,0,1877,,1,False
100000002723439100,boundary,0.5,33,0.2833666963226572,"Граница выгрузки: колено 4; исходящие здесь не собирались, вывод об удержании невозможен.",4,False,1,0,18000.0,0.0,2,0,0.0,1.0,0.0,0,0,0.0005526233540248644,0.0,0,1877,,1,True
100000002723538100,distributor,0.6,6,0.7322115503971978,"Признаки распределения: 12 получателей; исходящий поток 560,5 тыс. KZT.",2,False,3,12,105647.0,560499.0,3,14,5.305394379395534,-4.305394379395534,454852.0,0,1,0.0003203131606128599,0.0002908863985638696,0,1877,0.5698493663681826,1,False
100000002723674100,boundary,0.5,22,0.27971900948991696,"Граница выгрузки: колено 4; исходящие здесь не собирались, вывод об удержании невозможен.",4,False,1,0,30000.0,0.0,1,0,0.0,1.0,0.0,0,0,0.00032717446121334877,0.0,0,1877,,1,True
100000002726055100,boundary,0.5,22,0.23763715895610912,"Граница выгрузки: колено 4; исходящие здесь не собирались, вывод об удержании невозможен.",4,False,1,0,10000.0,0.0,1,0,0.0,1.0,0.0,0,0,0.00034001485733930624,0.0,0,1877,,1,True
100000002727288100,terminal,0.7,15,0.25876705219454327,Признаки удержания: осталось 100% входящего потока (16 тыс. KZT от 1 плательщиков); колено 3.,3,False,1,0,16000.0,0.0,1,0,0.0,1.0,0.0,0,0,0.00036616923373624543,0.0,0,1877,,1,False
100000002728246100,boundary,0.5,5,0.25987915183867144,"Граница выгрузки: колено 4; исходящие здесь не собирались, вывод об удержании невозможен.",4,False,1,0,10000.0,0.0,1,0,0.0,1.0,0.0,0,0,0.0005386393313923881,0.0,0,1877,,1,True
100000002729875100,boundary,0.5,7,0.3,"Граница выгрузки: колено 4; исходящие здесь не собирались, вывод об удержании невозможен.",4,False,1,0,76000.0,0.0,1,0,0.0,1.0,0.0,0,0,0.0003140182992203533,0.0,0,1877,,1,True
100000002731501100,peripheral,0.5,25,0.3,"Явное правило роли не сработало: 3 плательщиков и 7 получателей; входящий поток 570,4 тыс. KZT.",1,False,3,7,570370.0,833960.0,7,20,1.4621386117783193,-0.4621386117783193,263590.0,1,1,0.0004855839777590129,4.4583041562094666e-06,6,17,0.32975202647609,3,False
100000002733083100,boundary,0.5,7,0.2116585112692764,"Граница выгрузки: колено 4; исходящие здесь не собирались, вывод об удержании невозможен.",4,False,1,0,15200.0,0.0,1,0,0.0,1.0,0.0,0,0,0.00029125909521790337,0.0,0,1877,,1,True
100000002733905100,peripheral,0.5,1,0.3,Явное правило роли не сработало: 3 плательщиков и 2 получателей; входящий поток 100 тыс. KZT.,2,False,3,2,100000.0,717839.0,5,3,7.17839,-6.17839,617839.0,0,1,0.0029169603294352297,1.7833216624837866e-06,3,270,0.3273714579453053,2,False
100000002734815100,boundary,0.5,2,0.3,"Граница выгрузки: колено 4; исходящие здесь не собирались, вывод об удержании невозможен.",4,False,1,0,110000.0,0.0,1,0,0.0,1.0,0.0,0,0,0.00031219587687641694,0.0,0,1877,,1,True
100000002736033100,peripheral,0.5,16,0.3,"Явное правило роли не сработало: 1 плательщиков и 1 получателей; входящий поток 34,5 тыс. KZT.",3,False,1,1,34530.0,11000.0,1,1,0.3185635679119606,0.6814364320880394,0.0,0,0,0.0002951801714040789,1.922024458454748e-05,0,1877,0.0,1,False
100000002736316100,terminal,0.7,0,0.5423450474495848,"Признаки удержания: осталось 100% входящего потока (266,9 тыс. KZT от 3 плательщиков); колено 3.",3,False,3,0,266921.0,0.0,3,0,0.0,1.0,0.0,0,0,0.00038382327241415735,0.0,0,1877,,2,False
100000002737980100,terminal,0.7,4,0.25850014827995255,"Признаки удержания: осталось 100% входящего потока (32,9 тыс. KZT от 1 плательщиков); колено 3.",3,False,1,0,32900.0,0.0,1,0,0.0,1.0,0.0,0,0,0.00029542388166028027,0.0,0,1877,,1,False
100000002738256100,transit,0.6872,52,0.501321571767497,"Признаки транзита: получено 150,2 тыс., отправлено 175 тыс. KZT; передано дальше 117% входящего потока. 100% исходящих сумм попали в окно 2 дней после входящего.",2,False,1,1,150200.0,175000.0,1,1,1.1651131824234353,-0.1651131824234353,24800.0,0,1,0.0005073102992973039,0.0,11,5,1.0,1,False
100000002741024100,consolidator,0.6667,0,0.6858059015421115,"Признаки сбора: 5 плательщиков, из них seed: 0; входящий поток 818 тыс. KZT.",2,False,5,6,817980.85,434989.0,9,7,0.5317838431058625,0.46821615689413754,0.0,0,1,0.0028551865328902168,0.00011868996398086536,0,1877,0.06483612229274763,1,False
100000002742067100,terminal,0.9,15,0.23275874851720046,"Признаки удержания: осталось 100% входящего потока (12,7 тыс. KZT от 1 плательщиков); колено 2.",2,False,1,0,12730.0,0.0,1,0,0.0,1.0,0.0,0,1,0.0002896192281984583,0.0,0,1877,,1,False
100000002744581100,terminal,0.9,10,0.2717712040332147,Признаки удержания: осталось 100% входящего потока (12 тыс. KZT от 1 плательщиков); колено 2.,2,False,1,0,12000.0,0.0,1,0,0.0,1.0,0.0,0,1,0.00032495771137883774,0.0,0,1877,,1,False
100000002748040100,boundary,0.5,7,0.22215673190984578,"Граница выгрузки: колено 4; исходящие здесь не собирались, вывод об удержании невозможен.",4,False,1,0,18000.0,0.0,1,0,0.0,1.0,0.0,0,0,0.0002923072164548583,0.0,0,1877,,1,True
100000002748180100,peripheral,0.5,9,0.3,"Явное правило роли не сработало: 1 плательщиков и 8 получателей; входящий поток 9,9 тыс. KZT.",1,False,1,8,9900.0,679743.0,1,9,68.66090909090909,-67.66090909090909,669843.0,1,1,0.0002872122492498478,8.52031460964476e-06,0,1877,0.26480596343029644,1,False
100000002748511100,boundary,0.5,4,0.28892719454329774,"Граница выгрузки: колено 4; исходящие здесь не собирались, вывод об удержании невозможен.",4,False,1,0,20000.0,0.0,1,0,0.0,1.0,0.0,0,0,0.0005674892808776474,0.0,0,1877,,1,True
100000002748532100,peripheral,0.5,21,0.3,"Явное правило роли не сработало: 3 плательщиков и 2 получателей; входящий поток 355,6 тыс. KZT.",2,False,3,2,355575.0,646685.0,3,7,1.8187021022287844,-0.8187021022287844,291110.0,0,1,0.0003391055199443405,3.110905566777272e-05,0,1877,0.0,1,False
100000002748581100,terminal,0.7,14,0.2708222123368921,"Признаки удержания: осталось 100% входящего потока (41,2 тыс. KZT от 1 плательщиков); колено 3.",3,False,1,0,41180.0,0.0,1,0,0.0,1.0,0.0,0,0,0.0002972088887992543,0.0,0,1877,,1,False
100000002748761100,terminal,0.7,9,0.3984467674970344,"Признаки удержания: осталось 100% входящего потока (796,8 тыс. KZT от 1 плательщиков); колено 3.",3,False,1,0,796800.0,0.0,3,0,0.0,1.0,0.0,0,0,0.0003235223508172531,0.0,0,1877,,1,False
100000002750332100,terminal,0.9,2,0.21910216488730722,"Признаки удержания: осталось 100% входящего потока (11,4 тыс. KZT от 1 плательщиков); колено 1.",1,False,1,0,11360.0,0.0,1,0,0.0,1.0,0.0,1,1,0.00028678928253129574,0.0,0,1877,,1,False
100000002750956100,terminal,0.9,0,0.306157325029656,"Признаки удержания: осталось 100% входящего потока (47,4 тыс. KZT от 1 плательщиков); колено 1.",1,False,1,0,47416.0,0.0,1,0,0.0,1.0,0.0,1,1,0.00029446702151480483,0.0,0,1877,,1,False
100000002752565100,boundary,0.5,6,0.3,"Граница выгрузки: колено 4; исходящие здесь не собирались, вывод об удержании невозможен.",4,False,1,0,57000.0,0.0,1,0,0.0,1.0,0.0,0,0,0.00033823599365261585,0.0,0,1877,,1,True
100000002753146100,terminal,0.7,9,0.39889160735468565,"Признаки удержания: осталось 100% входящего потока (803,5 тыс. KZT от 1 плательщиков); колено 3.",3,False,1,0,803540.0,0.0,3,0,0.0,1.0,0.0,0,0,0.00032384338947373374,0.0,0,1877,,1,False
100000002755292100,terminal,0.7,5,0.328295521945433,"Признаки удержания: осталось 100% входящего потока (203,4 тыс. KZT от 1 плательщиков); колено 3.",3,False,1,0,203400.0,0.0,1,0,0.0,1.0,0.0,0,0,0.0002921613202239594,0.0,0,1877,,1,False
100000002757240100,terminal,0.9,3,0.3351163997627521,"Признаки удержания: осталось 100% входящего потока (51,2 тыс. KZT от 1 плательщиков); колено 2.",2,False,1,0,51183.0,0.0,1,0,0.0,1.0,0.0,0,1,0.00031684650947480416,0.0,0,1877,,1,False
100000002757791100,terminal,0.7,8,0.31090228351126925,Признаки удержания: осталось 100% входящего потока (73 тыс. KZT от 1 плательщиков); колено 3.,3,False,1,0,73050.0,0.0,1,0,0.0,1.0,0.0,0,0,0.0003110385580772536,0.0,0,1877,,1,False
100000002757797100,terminal,0.9,12,0.351530990510083,Признаки удержания: осталось 100% входящего потока (100 тыс. KZT от 1 плательщиков); колено 1.,1,False,1,0,100000.0,0.0,1,0,0.0,1.0,0.0,1,1,0.00030216479959665387,0.0,0,1877,,1,False
100000002760175100,terminal,0.9,11,0.4173376334519573,"Признаки удержания: осталось 100% входящего потока (187,4 тыс. KZT от 1 плательщиков); колено 1.",1,False,1,0,187410.0,0.0,1,0,0.0,1.0,0.0,1,2,0.00031399380182834,0.0,0,1877,,1,False
100000002762076100,peripheral,0.5,10,0.3,"Явное правило роли не сработало: 2 плательщиков и 1 получателей; входящий поток 140,3 тыс. KZT.",1,False,2,1,140350.0,30000.0,2,1,0.21375133594584966,0.7862486640541504,0.0,2,2,0.00029914566971164536,3.962937027741748e-07,0,1877,0.0,1,False
100000002769809100,terminal,0.7,17,0.3503150948991696,"Признаки удержания: осталось 100% входящего потока (113,4 тыс. KZT от 1 плательщиков); колено 3.",3,False,1,0,113422.0,0.0,1,0,0.0,1.0,0.0,0,0,0.00037774425946329753,0.0,0,1877,,1,False
100000002773323100,peripheral,0.5,2,0.3,Явное правило роли не сработало: 2 плательщиков и 1 получателей; входящий поток 285 тыс. KZT.,3,False,2,1,285000.0,1171644.0,2,2,4.111031578947369,-3.111031578947369,886644.0,0,0,0.0003254977886002255,2.139985994980544e-05,0,1877,0.0,2,False
100000002774456100,terminal,0.9,11,0.3415814056939501,"Признаки удержания: осталось 100% входящего потока (50,4 тыс. KZT от 1 плательщиков); колено 1.",1,False,1,0,50363.0,0.0,1,0,0.0,1.0,0.0,1,2,0.00029320785927153167,0.0,0,1877,,1,False
100000002778085100,terminal,0.9,4,0.3181680011862396,"Признаки удержания: осталось 100% входящего потока (66,2 тыс. KZT от 1 плательщиков); колено 1.",1,False,1,0,66208.0,0.0,1,0,0.0,1.0,0.0,1,1,0.0002926878495051835,0.0,0,1877,,1,False
100000002779485100,terminal,0.9,6,0.3901430901542111,Признаки удержания: осталось 100% входящего потока (91 тыс. KZT от 1 плательщиков); колено 2.,2,False,1,0,91000.0,0.0,2,0,0.0,1.0,0.0,0,1,0.0005469132844919468,0.0,0,1877,,1,False
100000002781227100,transit,0.8221,63,0.6952372799325661,"Признаки транзита: получено 191,2 тыс., отправлено 212,4 тыс. KZT; передано дальше 111% входящего потока. 81% исходящих сумм попали в окно 2 дней после входящего.",1,False,2,3,191167.62,212420.0,8,10,1.1111714421092862,-0.1111714421092862,21252.380000000005,1,1,0.0023265921896669568,0.00013295653728073565,0,1877,0.8116938141417945,1,False
100000002784085100,terminal,0.9,2,0.3819580367734282,Признаки удержания: осталось 100% входящего потока (200 тыс. KZT от 1 плательщиков); колено 1.,1,False,1,0,200000.0,0.0,1,0,0.0,1.0,0.0,1,1,0.00030704796171737643,0.0,0,1877,,1,False
100000002791494100,boundary,0.5,7,0.3,"Граница выгрузки: колено 4; исходящие здесь не собирались, вывод об удержании невозможен.",4,False,1,0,85860.0,0.0,1,0,0.0,1.0,0.0,0,0,0.00031770918329048745,0.0,0,1877,,1,True
100000002793851100,terminal,0.9,4,0.21870180901542108,"Признаки удержания: осталось 100% входящего потока (11,1 тыс. KZT от 1 плательщиков); колено 1.",1,False,1,0,11052.0,0.0,1,0,0.0,1.0,0.0,1,1,0.0002867575837448675,0.0,0,1877,,1,False
100000002793881100,consolidator,0.6,2,0.6037922597864769,"Признаки сбора: 3 плательщиков, из них seed: 0; входящий поток 785,6 тыс. KZT.",3,False,3,0,785600.0,0.0,3,0,0.0,1.0,0.0,0,0,0.0003750831470797382,0.0,0,1877,,3,False
100000002794197100,terminal,0.9,10,0.2636306346381969,"Признаки удержания: осталось 100% входящего потока (30,1 тыс. KZT от 1 плательщиков); колено 1.",1,False,1,0,30100.0,0.0,1,0,0.0,1.0,0.0,1,1,0.0002872952956036898,0.0,0,1877,,1,False
100000002794374100,boundary,0.5,48,0.3,"Граница выгрузки: колено 4; исходящие здесь не собирались, вывод об удержании невозможен.",4,False,1,0,111000.0,0.0,1,0,0.0,1.0,0.0,0,0,0.0003637625168388325,0.0,0,1877,,1,True
100000002796853100,peripheral,0.5,63,0.3,Явное правило роли не сработало: 1 плательщиков и 1 получателей; входящий поток 199 тыс. KZT.,2,False,1,1,199000.0,46167.62,8,5,0.23199809045226133,0.7680019095477386,0.0,0,1,0.002113598432710708,0.0,0,1877,0.8916989872988904,1,False
100000002799941100,terminal,0.7,17,0.4071211447212337,Признаки удержания: осталось 100% входящего потока (600 тыс. KZT от 1 плательщиков); колено 3.,3,False,1,0,600000.0,0.0,1,0,0.0,1.0,0.0,0,0,0.00038817849293650654,0.0,0,1877,,1,False
100000002807334100,terminal,0.7,5,0.2587225682087782,"Признаки удержания: осталось 100% входящего потока (54,7 тыс. KZT от 1 плательщиков); колено 3.",3,False,1,0,54715.0,0.0,1,0,0.0,1.0,0.0,0,0,0.00028734256217675437,0.0,0,1877,,1,False
100000002809568100,terminal,0.9,0,0.21661106168446023,Признаки удержания: осталось 100% входящего потока (10 тыс. KZT от 1 плательщиков); колено 1.,1,False,1,0,10000.0,0.0,1,0,0.0,1.0,0.0,1,1,0.0002874458184490932,0.0,0,1877,,1,False
100000002809896100,terminal,0.7,7,0.27122256820877816,Признаки удержания: осталось 100% входящего потока (38 тыс. KZT от 1 плательщиков); колено 3.,3,False,1,0,38000.0,0.0,1,0,0.0,1.0,0.0,0,0,0.0002997274196422279,0.0,0,1877,,1,False
100000002810870100,terminal,0.9,1,0.2865843712930012,"Признаки удержания: осталось 100% входящего потока (33,7 тыс. KZT от 1 плательщиков); колено 1.",1,False,1,0,33677.0,0.0,1,0,0.0,1.0,0.0,1,1,0.00029263770204239665,0.0,3,270,,1,False
100000002812641100,peripheral,0.5,2,0.3,Явное правило роли не сработало: 1 плательщиков и 1 получателей; входящий поток 10 тыс. KZT.,2,False,1,1,10000.0,7023.95,1,1,0.702395,0.297605,0.0,0,2,0.0020638538513460315,0.0,0,1877,1.0,1,False
100000002815005100,terminal,0.7,2,0.3857243475682088,"Признаки удержания: осталось 100% входящего потока (476,5 тыс. KZT от 1 плательщиков); колено 3.",3,False,1,0,476500.0,0.0,1,0,0.0,1.0,0.0,0,0,0.00031901272651967556,0.0,0,1877,,1,False
100000002818726100,terminal,0.7,13,0.1960891162514828,"Признаки удержания: осталось 100% входящего потока (10,9 тыс. KZT от 1 плательщиков); колено 3.",3,False,1,0,10879.0,0.0,1,0,0.0,1.0,0.0,0,0,0.0002895964508153981,0.0,0,1877,,1,False
100000002820010100,terminal,0.9,8,0.2775541221826809,Признаки удержания: осталось 100% входящего потока (30 тыс. KZT от 1 плательщиков); колено 2.,2,False,1,0,30000.0,0.0,1,0,0.0,1.0,0.0,0,1,0.00029125521728309953,0.0,0,1877,,1,False
100000002821425100,terminal,0.7,9,0.34964783511269276,Признаки удержания: осталось 100% входящего потока (275 тыс. KZT от 1 плательщиков); колено 3.,3,False,1,0,275000.0,0.0,1,0,0.0,1.0,0.0,0,0,0.00029866805245648467,0.0,0,1877,,1,False
100000002822472100,terminal,0.7,9,0.46688537959667853,"Признаки удержания: осталось 100% входящего потока (266,7 тыс. KZT от 2 плательщиков); колено 3.",3,False,2,0,266722.0,0.0,2,0,0.0,1.0,0.0,0,0,0.00031223557685989975,0.0,0,1877,,1,False
100000002824176100,terminal,0.9,8,0.41618104982206405,Признаки удержания: осталось 100% входящего потока (144 тыс. KZT от 1 плательщиков); колено 1.,1,False,1,0,144000.0,0.0,1,0,0.0,1.0,0.0,1,2,0.0003385981575005863,0.0,0,1877,,1,False
100000002826669100,terminal,0.9,0,0.40388864175563466,"Признаки удержания: осталось 100% входящего потока (159,9 тыс. KZT от 1 плательщиков); колено 2.",2,False,1,0,159900.0,0.0,4,0,0.0,1.0,0.0,0,1,0.0004762394546257399,0.0,0,1877,,1,False
100000002830055100,terminal,0.9,1,0.2300229833926453,Признаки удержания: осталось 100% входящего потока (14 тыс. KZT от 1 плательщиков); колено 1.,1,False,1,0,14000.0,0.0,1,0,0.0,1.0,0.0,1,1,0.0002885077302285591,0.0,3,270,,1,False
100000002831727100,peripheral,0.5,17,0.3,Явное правило роли не сработало: 1 плательщиков и 1 получателей; входящий поток 6 тыс. KZT.,2,False,1,1,6000.0,77000.0,1,3,12.833333333333334,-11.833333333333334,71000.0,0,1,0.0002907462180152881,1.922024458454748e-05,0,1877,0.12987012987012986,1,False
100000002832753100,boundary,0.5,15,0.27584890272835116,"Граница выгрузки: колено 4; исходящие здесь не собирались, вывод об удержании невозможен.",4,False,1,0,12500.0,0.0,1,0,0.0,1.0,0.0,0,0,0.0007555331214190867,0.0,0,1877,,1,True
100000002835874100,boundary,0.5,2,0.2815873368920522,"Граница выгрузки: колено 4; исходящие здесь не собирались, вывод об удержании невозможен.",4,False,1,0,58700.0,0.0,1,0,0.0,1.0,0.0,0,0,0.00029329173220691884,0.0,0,1877,,1,True
100000002836052100,terminal,0.9,3,0.2997664590747331,Признаки удержания: осталось 100% входящего потока (15 тыс. KZT от 1 плательщиков); колено 2.,2,False,1,0,15000.0,0.0,1,0,0.0,1.0,0.0,0,2,0.0003056660501463524,0.0,0,1877,,1,False
100000002836736100,terminal,0.9,8,0.6139494365361803,Признаки удержания: осталось 100% входящего потока (509 тыс. KZT от 2 плательщиков); колено 1.,1,False,2,0,509000.0,0.0,2,0,0.0,1.0,0.0,1,2,0.0004517900546889058,0.0,0,1877,,2,False
100000002838519100,terminal,0.7,14,0.27807310201660734,"Признаки удержания: осталось 100% входящего потока (46,9 тыс. KZT от 1 плательщиков); колено 3.",3,False,1,0,46900.0,0.0,1,0,0.0,1.0,0.0,0,0,0.0002988256561865499,0.0,0,1877,,1,False
100000002838861100,consolidator,0.7,2,0.7248368920521945,"Признаки сбора: 5 плательщиков, из них seed: 2; входящий поток 554,5 тыс. KZT.",1,False,5,1,554523.95,10000.0,5,1,0.018033486200190272,0.9819665137998097,0.0,2,2,0.002119918647260691,1.9418391435934565e-05,0,1877,0.0,2,False
100000002842321100,terminal,0.7,5,0.3142830664294187,Признаки удержания: осталось 100% входящего потока (160 тыс. KZT от 1 плательщиков); колено 3.,3,False,1,0,160000.0,0.0,1,0,0.0,1.0,0.0,0,0,0.00029075476206914423,0.0,0,1877,,1,False
100000002842337100,terminal,0.9,10,0.34641533214709375,Признаки удержания: осталось 100% входящего потока (50 тыс. KZT от 1 плательщиков); колено 2.,2,False,1,0,50000.0,0.0,1,0,0.0,1.0,0.0,0,1,0.0003666617032550871,0.0,0,1877,,1,False
100000002844652100,terminal,0.9,10,0.3037996737841044,"Признаки удержания: осталось 100% входящего потока (61,4 тыс. KZT от 1 плательщиков); колено 1.",1,False,1,0,61360.0,0.0,1,0,0.0,1.0,0.0,1,1,0.0002890878139870397,0.0,0,1877,,1,False
100000002844897100,terminal,0.9,2,0.21790109727164886,"Признаки удержания: осталось 100% входящего потока (10,8 тыс. KZT от 1 плательщиков); колено 1.",1,False,1,0,10800.0,0.0,1,0,0.0,1.0,0.0,1,1,0.00028672914226229553,0.0,0,1877,,1,False
100000002845605100,terminal,0.9,0,0.3207035883748517,"Признаки удержания: осталось 100% входящего потока (57,6 тыс. KZT от 1 плательщиков); колено 1.",1,False,1,0,57567.0,0.0,1,0,0.0,1.0,0.0,1,1,0.00029637188126250733,0.0,0,1877,,1,False
100000002847207100,terminal,0.9,3,0.3381561387900356,"Признаки удержания: осталось 100% входящего потока (46,2 тыс. KZT от 1 плательщиков); колено 1.",1,False,1,0,46243.0,0.0,1,0,0.0,1.0,0.0,1,2,0.0002948288276237539,0.0,0,1877,,1,False
100000002849158100,consolidator,0.6,2,0.7470520462633451,"Признаки сбора: 3 плательщиков, из них seed: 0; входящий поток 723 тыс. KZT.",3,False,3,1,723000.0,1313000.0,3,3,1.8160442600276625,-0.8160442600276625,590000.0,0,0,0.00033624556849174277,2.2786887909515052e-05,0,1877,0.5506473724295506,3,False
100000002852402100,terminal,0.9,15,0.3432569691577699,Признаки удержания: осталось 100% входящего потока (55 тыс. KZT от 1 плательщиков); колено 2.,2,False,1,0,55000.0,0.0,1,0,0.0,1.0,0.0,0,1,0.00032701738322827895,0.0,0,1877,,1,False
100000002858835100,terminal,0.9,1,0.26447583036773425,"Признаки удержания: осталось 100% входящего потока (24,4 тыс. KZT от 1 плательщиков); колено 1.",1,False,1,0,24400.0,0.0,1,0,0.0,1.0,0.0,1,1,0.0002906905684083584,0.0,3,270,,1,False
100000002860934100,boundary,0.5,28,0.3,"Граница выгрузки: колено 4; исходящие здесь не собирались, вывод об удержании невозможен.",4,False,1,0,279500.0,0.0,4,0,0.0,1.0,0.0,0,0,0.0005814420132554214,0.0,0,1877,,1,True
100000002861485100,terminal,0.9,4,0.26607725385527875,"Признаки удержания: осталось 100% входящего потока (29,3 тыс. KZT от 1 плательщиков); колено 1.",1,False,1,0,29323.0,0.0,1,0,0.0,1.0,0.0,1,1,0.00028872204610085294,0.0,0,1877,,1,False
100000002862113100,terminal,0.7,14,0.2798079774614472,"Признаки удержания: осталось 100% входящего потока (47,4 тыс. KZT от 1 плательщиков); колено 3.",3,False,1,0,47405.0,0.0,2,0,0.0,1.0,0.0,0,0,0.00029896839526532333,0.0,0,1877,,1,False
100000002863356100,peripheral,0.5,1,0.3,Явное правило роли не сработало: 1 плательщиков и 1 получателей; входящий поток 45 тыс. KZT.,2,False,1,1,45000.0,20000.0,1,1,0.4444444444444444,0.5555555555555556,0.0,0,1,0.0003008529731942847,1.387027959709612e-06,3,270,0.0,1,False
100000002864256100,terminal,0.9,3,0.4035920818505338,"Признаки удержания: осталось 100% входящего потока (135,8 тыс. KZT от 1 плательщиков); колено 1.",1,False,1,0,135780.0,0.0,1,0,0.0,1.0,0.0,1,2,0.0003127573971935152,0.0,0,1877,,1,False
100000002864680100,terminal,0.9,12,0.31727832147093715,"Признаки удержания: осталось 100% входящего потока (55,9 тыс. KZT от 1 плательщиков); колено 1.",1,False,1,0,55932.0,0.0,1,0,0.0,1.0,0.0,1,1,0.00029485149228607616,0.0,0,1877,,1,False
100000002870463100,terminal,0.8565,8,0.678295521945433,Признаки удержания: осталось 95% входящего потока (207 тыс. KZT от 3 плательщиков); колено 2.,2,False,3,1,207000.0,10000.0,4,1,0.04830917874396135,0.9516908212560387,0.0,0,1,0.0019299755548282868,1.9418391435934565e-05,0,1877,1.0,1,False
100000002870937100,terminal,0.9,10,0.3192356168446026,"Признаки удержания: осталось 100% входящего потока (83,7 тыс. KZT от 1 плательщиков); колено 1.",1,False,1,0,83700.0,0.0,1,0,0.0,1.0,0.0,1,1,0.0002903688396007325,0.0,0,1877,,1,False
100000002871199100,terminal,0.7,14,0.2323435646500593,"Признаки удержания: осталось 100% входящего потока (23,2 тыс. KZT от 1 плательщиков); колено 3.",3,False,1,0,23186.0,0.0,1,0,0.0,1.0,0.0,0,0,0.00029212285516866057,0.0,0,1877,,1,False
100000002872399100,terminal,0.7,10,0.43937203440094896,"Признаки удержания: осталось 100% входящего потока (1,1 млн KZT от 1 плательщиков); колено 3.",3,False,1,0,1090000.0,0.0,9,0,0.0,1.0,0.0,0,0,0.0007057669186571367,0.0,0,1877,,1,False
100000002876914100,boundary,0.5,18,0.20529730130486357,"Граница выгрузки: колено 4; исходящие здесь не собирались, вывод об удержании невозможен.",4,False,1,0,12000.0,0.0,1,0,0.0,1.0,0.0,0,0,0.00029199108961479553,0.0,0,1877,,1,True
100000002877262100,terminal,0.7,2,0.3153061981020166,Признаки удержания: осталось 100% входящего потока (100 тыс. KZT от 1 плательщиков); колено 3.,3,False,1,0,100000.0,0.0,1,0,0.0,1.0,0.0,0,0,0.00029991776286086456,0.0,0,1877,,1,False
100000002878467100,terminal,0.7,2,0.45901171411625147,Признаки удержания: осталось 100% входящего потока (200 тыс. KZT от 2 плательщиков); колено 3.,3,False,2,0,200000.0,0.0,2,0,0.0,1.0,0.0,0,0,0.00031440364212176087,0.0,0,1877,,1,False
100000002878483100,boundary,0.5,18,0.1802305753262159,"Граница выгрузки: колено 4; исходящие здесь не собирались, вывод об удержании невозможен.",4,False,1,0,6000.0,0.0,1,0,0.0,1.0,0.0,0,0,0.00028878019191604315,0.0,0,1877,,1,True
100000002881669100,terminal,0.9,12,0.2436350830367734,"Признаки удержания: осталось 100% входящего потока (18,6 тыс. KZT от 1 плательщиков); колено 1.",1,False,1,0,18600.0,0.0,1,0,0.0,1.0,0.0,1,1,0.0002886560582178524,0.0,0,1877,,1,False
100000002883402100,terminal,0.7,2,0.48343342230130487,Признаки удержания: осталось 100% входящего потока (300 тыс. KZT от 3 плательщиков); колено 3.,3,False,3,0,300000.0,0.0,3,0,0.0,1.0,0.0,0,0,0.00030065707174589223,0.0,0,1877,,1,False
100000002884708100,boundary,0.5,2,0.3,"Граница выгрузки: колено 4; исходящие здесь не собирались, вывод об удержании невозможен.",4,False,1,0,1171644.0,0.0,2,0,0.0,1.0,0.0,0,0,0.0005625754563953265,0.0,0,1877,,1,True
100000002886166100,terminal,0.7,25,0.3559200771055753,Признаки удержания: осталось 100% входящего потока (185 тыс. KZT от 1 плательщиков); колено 3.,3,False,1,0,185000.0,0.0,3,0,0.0,1.0,0.0,0,0,0.0003245911501737052,0.0,6,17,,1,False
100000002890167100,terminal,0.9,4,0.35242067022538554,"Признаки удержания: осталось 100% входящего потока (118,2 тыс. KZT от 1 плательщиков); колено 1.",1,False,1,0,118150.0,0.0,1,0,0.0,1.0,0.0,1,1,0.00029827255224146494,0.0,0,1877,,1,False
100000002891765100,terminal,0.7,14,0.29373146500593117,"Признаки удержания: осталось 100% входящего потока (55,6 тыс. KZT от 1 плательщиков); колено 3.",3,False,1,0,55576.0,0.0,1,0,0.0,1.0,0.0,0,0,0.0003012779418250422,0.0,0,1877,,1,False
100000002893020100,terminal,0.7,7,0.2232688315539739,"Признаки удержания: осталось 100% входящего потока (18,3 тыс. KZT от 1 плательщиков); колено 3.",3,False,1,0,18340.0,0.0,1,0,0.0,1.0,0.0,0,0,0.00029240245264606314,0.0,0,1877,,1,False
100000002894076100,consolidator,0.8,10,0.7206850533807829,"Признаки сбора: 4 плательщиков, из них seed: 2; входящий поток 1,1 млн KZT.",1,False,4,0,1122782.0,0.0,6,0,0.0,1.0,0.0,2,3,0.00038267994337591544,0.0,0,1877,,3,False
100000002896506100,boundary,0.5,5,0.2907065539739027,"Граница выгрузки: колено 4; исходящие здесь не собирались, вывод об удержании невозможен.",4,False,1,0,45000.0,0.0,1,0,0.0,1.0,0.0,0,0,0.00031362964480833715,0.0,0,1877,,1,True
100000002901457100,peripheral,0.5,0,0.3,Явное правило роли не сработало: 1 плательщиков и 3 получателей; входящий поток 340 тыс. KZT.,3,False,1,3,340000.0,119000.0,1,3,0.35,0.65,0.0,0,0,0.00037426561132708236,7.569209722986739e-05,0,1877,0.0,1,False
100000002904919100,terminal,0.6362,0,0.32366918742586004,"Признаки удержания: осталось 91% входящего потока (60,3 тыс. KZT от 1 плательщиков); колено 3.",3,False,1,1,60325.0,5500.0,1,1,0.09117281392457521,0.9088271860754248,0.0,0,0,0.00029091905114297305,1.922024458454748e-05,0,1877,0.0,1,False
100000002906470100,terminal,0.7,17,0.3323435646500593,Признаки удержания: осталось 100% входящего потока (130 тыс. KZT от 1 плательщиков); колено 3.,3,False,1,0,130000.0,0.0,1,0,0.0,1.0,0.0,0,0,0.00030780128727312094,0.0,0,1877,,1,False
100000002908521100,terminal,0.7,1,0.2639494365361803,"Признаки удержания: осталось 100% входящего потока (44,5 тыс. KZT от 1 плательщиков); колено 3.",3,False,1,0,44500.0,0.0,1,0,0.0,1.0,0.0,0,0,0.00029251475539092793,0.0,3,270,,1,False
100000002911170100,terminal,0.9,30,0.405801453143535,Признаки удержания: осталось 100% входящего потока (300 тыс. KZT от 1 плательщиков); колено 2.,2,False,1,0,300000.0,0.0,2,0,0.0,1.0,0.0,0,1,0.00032304938435236005,0.0,0,1877,,1,False
100000002913340100,terminal,0.7,1,0.22360246144721233,"Признаки удержания: осталось 100% входящего потока (23,6 тыс. KZT от 1 плательщиков); колено 3.",3,False,1,0,23600.0,0.0,1,0,0.0,1.0,0.0,0,0,0.00028925272980600625,0.0,3,270,,1,False
100000002914245100,terminal,0.7,20,0.3200215005931198,"Признаки удержания: осталось 100% входящего потока (140,6 тыс. KZT от 1 плательщиков); колено 3.",3,False,1,0,140611.0,0.0,1,0,0.0,1.0,0.0,0,0,0.00029558398554384,0.0,0,1877,,1,False
100000002916006100,peripheral,0.5,19,0.1595072597864769,Явное правило роли не сработало: 0 плательщиков и 1 получателей; входящий поток 0 KZT. Входящие извне выборки не наблюдаются.,0,True,0,1,0.0,32000.0,0,1,,0.0,32000.0,0,0,0.0002855692942172909,0.0,0,1877,0.0,0,False
100000002921047100,peripheral,0.5,10,0.3,Явное правило роли не сработало: 2 плательщиков и 1 получателей; входящий поток 338 тыс. KZT.,1,False,2,1,338000.0,163000.02,2,1,0.48224857988165676,0.5177514201183433,0.0,1,1,0.00031704809387447845,2.159800680119253e-05,0,1877,1.0,1,False
100000002922000100,boundary,0.5,45,0.3,"Граница выгрузки: колено 4; исходящие здесь не собирались, вывод об удержании невозможен.",4,False,1,0,448000.0,0.0,1,0,0.0,1.0,0.0,0,0,0.00045972245214284343,0.0,0,1877,,1,True
100000002926970100,terminal,0.7,7,0.3212670521945433,Признаки удержания: осталось 100% входящего потока (85 тыс. KZT от 1 плательщиков); колено 3.,3,False,1,0,85000.0,0.0,1,0,0.0,1.0,0.0,0,0,0.00031723878529938684,0.0,0,1877,,1,False
100000002933386100,peripheral,0.5,3,0.3,Явное правило роли не сработало: 1 плательщиков и 1 получателей; входящий поток 15 тыс. KZT.,3,False,1,1,15000.0,58000.0,1,1,3.8666666666666667,-2.8666666666666667,43000.0,0,0,0.0006527823249129211,2.0012831990095827e-05,0,1877,0.0,1,False
100000002934441100,terminal,0.9,0,0.46980649466192165,"Признаки удержания: осталось 100% входящего потока (60,8 тыс. KZT от 2 плательщиков); колено 1.",1,False,2,0,60845.6,0.0,2,0,0.0,1.0,0.0,1,1,0.00030248130107500554,0.0,0,1877,,2,False
100000002936322100,terminal,0.7,20,0.5132821767497034,"Признаки удержания: осталось 100% входящего потока (787,1 тыс. KZT от 2 плательщиков); колено 3.",3,False,2,0,787133.0,0.0,2,0,0.0,1.0,0.0,0,0,0.00036638128696323154,0.0,0,1877,,1,False
100000002938501100,peripheral,0.5,4,0.264386862396204,"Явное правило роли не сработало: 1 плательщиков и 1 получателей; входящий поток 8,4 тыс. KZT.",1,False,1,1,8395.0,5000.0,1,1,0.5955926146515783,0.4044073853484217,0.0,1,1,0.00028647190827664715,1.7943915472918004e-05,0,1877,0.0,1,False
100000002939838100,consolidator,0.9,4,0.6352127817319098,"Признаки сбора: 3 плательщиков, из них seed: 1; входящий поток 571,2 тыс. KZT.",1,False,3,0,571233.0,0.0,3,0,0.0,1.0,0.0,1,4,0.0004000333621032979,0.0,0,1877,,1,False
100000002941114100,terminal,0.7949,11,0.6735283214709371,"Признаки удержания: осталось 88% входящего потока (128,5 тыс. KZT от 2 плательщиков); колено 1.",1,False,2,1,128510.0,15000.0,15,1,0.11672243405182477,0.8832775659481752,0.0,1,2,0.0018146321453408293,2.0607272544257092e-05,0,1877,1.0,2,False
100000002943472100,terminal,0.7,2,0.34506598457888493,Признаки удержания: осталось 100% входящего потока (170 тыс. KZT от 1 плательщиков); колено 3.,3,False,1,0,170000.0,0.0,1,0,0.0,1.0,0.0,0,0,0.00030996169091136613,0.0,0,1877,,1,False
100000002945031100,terminal,0.7,13,0.20970121589561092,Признаки удержания: осталось 100% входящего потока (15 тыс. KZT от 1 плательщиков); колено 3.,3,False,1,0,15000.0,0.0,1,0,0.0,1.0,0.0,0,0,0.000291121950616924,0.0,0,1877,,1,False
100000002945626100,terminal,0.7,2,0.5579589264531435,Признаки удержания: осталось 100% входящего потока (584 тыс. KZT от 3 плательщиков); колено 3.,3,False,3,0,584000.0,0.0,3,0,0.0,1.0,0.0,0,0,0.0003377644362503449,0.0,0,1877,,2,False
100000002947299100,terminal,0.9,3,0.3618512752075919,Признаки удержания: осталось 100% входящего потока (85 тыс. KZT от 1 плательщиков); колено 2.,2,False,1,0,85000.0,0.0,1,0,0.0,1.0,0.0,0,1,0.0003375116050800505,0.0,0,1877,,1,False
100000002948492100,terminal,0.7,14,0.23372256820877818,"Признаки удержания: осталось 100% входящего потока (23,7 тыс. KZT от 1 плательщиков); колено 3.",3,False,1,0,23660.0,0.0,1,0,0.0,1.0,0.0,0,0,0.00029225683204655884,0.0,0,1877,,1,False
100000002951898100,terminal,0.7,14,0.26837559311981024,Признаки удержания: осталось 100% входящего потока (40 тыс. KZT от 1 плательщиков); колено 3.,3,False,1,0,39990.0,0.0,1,0,0.0,1.0,0.0,0,0,0.00029687253334630294,0.0,0,1877,,1,False
100000002952631100,terminal,0.9,4,0.2969046559905101,Признаки удержания: осталось 100% входящего потока (48 тыс. KZT от 1 плательщиков); колено 1.,1,False,1,0,48050.0,0.0,1,0,0.0,1.0,0.0,1,1,0.00029073553668924657,0.0,0,1877,,1,False
100000002952756100,terminal,0.7,9,0.3089005041518387,Признаки удержания: осталось 100% входящего потока (47 тыс. KZT от 1 плательщиков); колено 3.,3,False,1,0,47000.0,0.0,1,0,0.0,1.0,0.0,0,0,0.0003677090010006242,0.0,0,1877,,1,False
100000002954780100,terminal,0.7,2,0.31148057532621587,"Признаки удержания: осталось 100% входящего потока (133,4 тыс. KZT от 1 плательщиков); колено 3.",3,False,1,0,133400.0,0.0,1,0,0.0,1.0,0.0,0,0,0.00029244202248115297,0.0,0,1877,,1,False
100000002956769100,consolidator,0.6,9,0.6064168149466193,"Признаки сбора: 3 плательщиков, из них seed: 0; входящий поток 840 тыс. KZT.",3,False,3,0,840000.0,0.0,3,0,0.0,1.0,0.0,0,0,0.00038478275617858006,0.0,0,1877,,3,False
100000002956779100,terminal,0.7,3,0.39800192763938314,Признаки удержания: осталось 100% входящего потока (411 тыс. KZT от 1 плательщиков); колено 3.,3,False,1,0,411000.0,0.0,1,0,0.0,1.0,0.0,0,0,0.0004031072481507853,0.0,0,1877,,1,False
100000002956898100,terminal,0.9,15,0.5214820581257414,"Признаки удержания: осталось 100% входящего потока (290,2 тыс. KZT от 2 плательщиков); колено 2.",2,False,2,0,290240.0,0.0,2,0,0.0,1.0,0.0,0,1,0.00037684131481220104,0.0,0,1877,,1,False
100000002957306100,terminal,0.9,11,0.5943764827995255,"Признаки удержания: осталось 100% входящего потока (398,5 тыс. KZT от 2 плательщиков); колено 1.",1,False,2,0,398490.0,0.0,2,0,0.0,1.0,0.0,2,4,0.00035518687962427057,0.0,0,1877,,1,False
100000002957787100,distributor,0.7833,0,0.885124606950103,"Признаки распределения: 34 получателей; исходящий поток 1,3 млн KZT.",2,False,4,34,84956.0,1276153.96,7,41,15.02135175855737,-14.02135175855737,1191197.96,0,1,0.0006138323786231608,0.004276645426207853,0,1877,0.7551235902602222,2,False
100000002958139100,terminal,0.7,2,0.3434200771055753,"Признаки удержания: осталось 100% входящего потока (209,5 тыс. KZT от 1 плательщиков); колено 3.",3,False,1,0,209500.0,0.0,2,0,0.0,1.0,0.0,0,0,0.00030027317473638757,0.0,0,1877,,1,False
100000002958286100,terminal,0.9,2,0.39539220047449586,Признаки удержания: осталось 100% входящего потока (257 тыс. KZT от 1 плательщиков); колено 1.,1,False,1,0,257000.0,0.0,1,0,0.0,1.0,0.0,1,1,0.0003131693819549008,0.0,0,1877,,1,False
100000002958343100,peripheral,0.5,10,0.3,"Явное правило роли не сработало: 1 плательщиков и 2 получателей; входящий поток 2,9 млн KZT.",2,False,1,2,2900000.0,1390000.0,4,17,0.4793103448275862,0.5206896551724138,0.0,0,1,0.0006295066258876751,3.962937027741748e-07,0,1877,0.1079136690647482,1,False
100000002958345100,terminal,0.7,9,0.3566318208778173,Признаки удержания: осталось 100% входящего потока (307 тыс. KZT от 1 плательщиков); колено 3.,3,False,1,0,307000.0,0.0,1,0,0.0,1.0,0.0,0,0,0.0003001922715970454,0.0,0,1877,,1,False
100000002963189100,peripheral,0.5,14,0.3,Явное правило роли не сработало: 1 плательщиков и 7 получателей; входящий поток 490 тыс. KZT.,3,False,1,7,490000.0,5219000.0,3,15,10.651020408163266,-9.651020408163266,4729000.0,0,0,0.0004240685983737279,8.540784150822377e-05,0,1877,0.0,1,False
100000002964966100,terminal,0.9,3,0.40695803677342823,Признаки удержания: осталось 100% входящего потока (200 тыс. KZT от 1 плательщиков); колено 2.,2,False,1,0,200000.0,0.0,1,0,0.0,1.0,0.0,0,1,0.00039541593494282827,0.0,0,1877,,1,False
100000002968096100,boundary,0.5,6,0.3,"Граница выгрузки: колено 4; исходящие здесь не собирались, вывод об удержании невозможен.",4,False,1,0,70000.0,0.0,1,0,0.0,1.0,0.0,0,0,0.0003194824114349239,0.0,0,1877,,1,True
100000002969048100,terminal,0.9,8,0.35829255634638196,"Признаки удержания: осталось 100% входящего потока (108,5 тыс. KZT от 1 плательщиков); колено 2.",2,False,1,0,108470.0,0.0,1,0,0.0,1.0,0.0,0,1,0.00030612769671556627,0.0,0,1877,,1,False
100000002970466100,peripheral,0.5,0,0.3,"Явное правило роли не сработало: 1 плательщиков и 2 получателей; входящий поток 23,3 тыс. KZT.",3,False,1,2,23317.0,93000.0,1,3,3.9885062400823434,-2.9885062400823434,69683.0,0,0,0.0002868825068890663,3.844048916909496e-05,0,1877,0.43010752688172044,1,False
100000002971593100,boundary,0.5,5,0.3,"Граница выгрузки: колено 4; исходящие здесь не собирались, вывод об удержании невозможен.",4,False,1,0,49050.0,0.0,1,0,0.0,1.0,0.0,0,0,0.000530380154395715,0.0,0,1877,,1,True
100000002973903100,terminal,0.9,12,0.5194061387900356,"Признаки удержания: осталось 100% входящего потока (92,9 тыс. KZT от 3 плательщиков); колено 1.",1,False,3,0,92880.0,0.0,3,0,0.0,1.0,0.0,1,2,0.00031686903979445306,0.0,0,1877,,1,False
100000002974256100,terminal,0.9,12,0.28524985172004746,"Признаки удержания: осталось 100% входящего потока (7,2 тыс. KZT от 1 плательщиков); колено 2.",2,False,1,0,7200.0,0.0,1,0,0.0,1.0,0.0,0,1,0.0005319059485796735,0.0,0,1877,,1,False
100000002975287100,terminal,0.7,16,0.20278395610913405,Признаки удержания: осталось 100% входящего потока (15 тыс. KZT от 1 плательщиков); колено 3.,3,False,1,0,15000.0,0.0,1,0,0.0,1.0,0.0,0,0,0.00028919231957213884,0.0,0,1877,,1,False
100000002975437100,terminal,0.6888,31,0.4148613582443654,Признаки удержания: осталось 98% входящего потока (530 тыс. KZT от 1 плательщиков); колено 3.,3,False,1,1,530000.0,8500.0,2,1,0.016037735849056604,0.9839622641509433,0.0,0,0,0.0005210057143091022,0.0,0,1877,0.0,1,False
100000002981489100,boundary,0.5,5,0.18692541518386713,"Граница выгрузки: колено 4; исходящие здесь не собирались, вывод об удержании невозможен.",4,False,1,0,10000.0,0.0,1,0,0.0,1.0,0.0,0,0,0.00028833129648364,0.0,0,1877,,1,True
100000002981527100,terminal,0.9,2,0.3728388196915777,Признаки удержания: осталось 100% входящего потока (168 тыс. KZT от 1 плательщиков); колено 1.,1,False,1,0,168000.0,0.0,1,0,0.0,1.0,0.0,1,1,0.0003036113749173627,0.0,0,1877,,1,False
100000002982252100,terminal,0.9,1,0.2548672894424674,"Признаки удержания: осталось 100% входящего потока (20,3 тыс. KZT от 1 плательщиков); колено 1.",1,False,1,0,20320.0,0.0,1,0,0.0,1.0,0.0,1,1,0.0002898342241993602,0.0,3,270,,1,False
100000002983426100,terminal,0.7,7,0.324025059311981,"Признаки удержания: осталось 100% входящего потока (88,9 тыс. KZT от 1 плательщиков); колено 3.",3,False,1,0,88945.0,0.0,1,0,0.0,1.0,0.0,0,0,0.0003187086222678441,0.0,0,1877,,1,False
100000002983879100,terminal,0.9,3,0.5063575029655991,"Признаки удержания: осталось 100% входящего потока (200,1 тыс. KZT от 2 плательщиков); колено 2.",2,False,2,0,200050.0,0.0,2,0,0.0,1.0,0.0,0,1,0.0003580797764870863,0.0,0,1877,,1,False
100000002984403100,peripheral,0.5,26,0.3,Явное правило роли не сработало: 1 плательщиков и 1 получателей; входящий поток 20 тыс. KZT.,3,False,1,1,20000.0,25000.0,1,1,1.25,-0.25,5000.0,0,0,0.00032010276016592864,2.0012831990095827e-05,0,1877,0.0,1,False
100000002986245100,boundary,0.5,18,0.17900726571767497,"Граница выгрузки: колено 4; исходящие здесь не собирались, вывод об удержании невозможен.",4,False,1,0,5750.0,0.0,1,0,0.0,1.0,0.0,0,0,0.0002886464045119285,0.0,0,1877,,1,True
100000002988894100,peripheral,0.5,3,0.3,"Явное правило роли не сработало: 1 плательщиков и 3 получателей; входящий поток 306,1 тыс. KZT.",1,False,1,3,306121.0,77500.0,1,3,0.25316786499456095,0.746832135005439,0.0,1,2,0.0003468658715569931,7.133286649935147e-05,0,1877,0.3741935483870968,1,False
100000002989353100,peripheral,0.5,9,0.3,Явное правило роли не сработало: 1 плательщиков и 2 получателей; входящий поток 500 тыс. KZT.,3,False,1,2,500000.0,321160.0,2,2,0.64232,0.35768,0.0,0,0,0.00030938521828855235,2.774055919419224e-06,0,1877,0.9341138373396438,1,False
100000002990675100,terminal,0.7,5,0.2549859134045077,"Признаки удержания: осталось 100% входящего потока (51,1 тыс. KZT от 1 плательщиков); колено 3.",3,False,1,0,51143.0,0.0,1,0,0.0,1.0,0.0,0,0,0.00028722679660696173,0.0,0,1877,,1,False
100000002991079100,terminal,0.8335,4,0.6167964116251483,"Признаки удержания: осталось 93% входящего потока (148,9 тыс. KZT от 2 плательщиков); колено 1.",1,False,2,1,148900.0,11000.0,3,1,0.07387508394895903,0.926124916051041,0.0,1,1,0.0003951739742726748,1.981468513870874e-05,0,1877,1.0,1,False
100000002992171100,terminal,0.9,1,0.23178010083036774,"Признаки удержания: осталось 100% входящего потока (14,6 тыс. KZT от 1 плательщиков); колено 1.",1,False,1,0,14627.0,0.0,1,0,0.0,1.0,0.0,1,1,0.0002886393301842066,0.0,3,270,,1,False
100000002994441100,boundary,0.5,6,0.24995922301304863,"Граница выгрузки: колено 4; исходящие здесь не собирались, вывод об удержании невозможен.",4,False,1,0,5000.0,0.0,1,0,0.0,1.0,0.0,0,0,0.0005532703163220673,0.0,0,1877,,1,True
100000002999140100,boundary,0.5,12,0.19217452550415184,"Граница выгрузки: колено 4; исходящие здесь не собирались, вывод об удержании невозможен.",4,False,1,0,10000.0,0.0,2,0,0.0,1.0,0.0,0,0,0.0002894826040557577,0.0,0,1877,,1,True
100000003001138100,boundary,0.5,28,0.27549303084223015,"Граница выгрузки: колено 4; исходящие здесь не собирались, вывод об удержании невозможен.",4,False,1,0,30000.0,0.0,1,0,0.0,1.0,0.0,0,0,0.0003173266522535839,0.0,0,1877,,1,True
100000003001564100,peripheral,0.5,4,0.3,"Явное правило роли не сработало: 1 плательщиков и 1 получателей; входящий поток 23,5 тыс. KZT.",1,False,1,1,23520.0,180000.0,1,1,7.653061224489796,-6.653061224489796,156480.0,1,1,0.00028809811883623776,1.922024458454748e-05,0,1877,0.0,1,False
100000003001661100,peripheral,0.5,28,0.3,Явное правило роли не сработало: 1 плательщиков и 5 получателей; входящий поток 110 тыс. KZT.,3,False,1,5,110000.0,439500.0,1,8,3.9954545454545456,-2.9954545454545456,329500.0,0,0,0.0005464870342921869,8.322167758257671e-05,0,1877,0.0,1,False
100000003003821100,terminal,0.9,3,0.34263419335705814,Признаки удержания: осталось 100% входящего потока (40 тыс. KZT от 1 плательщиков); колено 2.,2,False,1,0,40000.0,0.0,1,0,0.0,1.0,0.0,0,1,0.0004379372905540045,0.0,0,1877,,1,False
100000003004487100,peripheral,0.5,31,0.3,"Явное правило роли не сработало: 4 плательщиков и 2 получателей; входящий поток 183,7 тыс. KZT.",1,False,4,2,183702.8,265015.0,9,3,1.4426290726107605,-0.44262907261076045,81312.20000000001,1,1,0.0003508724817163427,0.00019279688639963605,0,1877,0.9245325736279079,2,False
100000003005167100,boundary,0.5,18,0.18492363582443652,"Граница выгрузки: колено 4; исходящие здесь не собирались, вывод об удержании невозможен.",4,False,1,0,7000.0,0.0,1,0,0.0,1.0,0.0,0,0,0.00028931534153250194,0.0,0,1877,,1,True
100000003006633100,terminal,0.7,35,0.20334000593119808,Признаки удержания: осталось 100% входящего потока (10 тыс. KZT от 1 плательщиков); колено 3.,3,False,1,0,10000.0,0.0,1,0,0.0,1.0,0.0,0,0,0.0002931965366687916,0.0,0,1877,,1,False
100000003009900100,terminal,0.7,7,0.21450548635824435,Признаки удержания: осталось 100% входящего потока (16 тыс. KZT от 1 плательщиков); колено 3.,3,False,1,0,15998.0,0.0,1,0,0.0,1.0,0.0,0,0,0.0002915298650211894,0.0,0,1877,,1,False
100000003010908100,boundary,0.5,7,0.26517274614472125,"Граница выгрузки: колено 4; исходящие здесь не собирались, вывод об удержании невозможен.",4,False,1,0,17000.0,0.0,1,0,0.0,1.0,0.0,0,0,0.00039940942699817443,0.0,0,1877,,1,True
100000003014659100,terminal,0.9,11,0.43833407473309605,Признаки удержания: осталось 100% входящего потока (280 тыс. KZT от 1 плательщиков); колено 1.,1,False,1,0,280000.0,0.0,1,0,0.0,1.0,0.0,1,2,0.0003280369433880595,0.0,0,1877,,1,False
100000003016438100,peripheral,0.5,2,0.3,Явное правило роли не сработало: 1 плательщиков и 1 получателей; входящий поток 200 тыс. KZT.,3,False,1,1,200000.0,300000.0,1,3,1.5,-0.5,100000.0,0,0,0.00031668469996408427,2.139985994980544e-05,0,1877,0.6666666666666666,1,False
100000003016635100,coordinator,1.0,4,0.7430723606168446,Признаки координации: 8 плательщиков → 73 получателей; оборот 10 млн KZT; достижимы seed-клиенты: 1 в пределах 2 шагов. Входящие извне выборки не наблюдаются.,0,True,8,73,586981.0,9414081.0,36,151,16.038135817002594,-15.038135817002594,8827100.0,0,1,0.0011896363343877673,0.00721546908244629,0,1877,0.9350810769527053,3,False
100000003016773100,terminal,0.9,2,0.32670892645314353,"Признаки удержания: осталось 100% входящего потока (46,6 тыс. KZT от 1 плательщиков); колено 2.",2,False,1,0,46555.0,0.0,1,0,0.0,1.0,0.0,0,1,0.00031479566469907517,0.0,0,1877,,1,False
100000003022835100,terminal,0.9,3,0.39996663701067614,Признаки удержания: осталось 100% входящего потока (125 тыс. KZT от 1 плательщиков); колено 1.,1,False,1,0,125000.0,0.0,1,0,0.0,1.0,0.0,1,2,0.0003105988484375593,0.0,0,1877,,1,False
100000003024542100,terminal,0.9,3,0.2588263641755635,"Признаки удержания: осталось 100% входящего потока (8,5 тыс. KZT от 1 плательщиков); колено 2.",2,False,1,0,8500.0,0.0,1,0,0.0,1.0,0.0,0,1,0.00031794749343884253,0.0,0,1877,,1,False
100000003025903100,boundary,0.5,5,0.3,"Граница выгрузки: колено 4; исходящие здесь не собирались, вывод об удержании невозможен.",4,False,1,0,386300.0,0.0,6,0,0.0,1.0,0.0,0,0,0.0005264518149577612,0.0,0,1877,,1,True
100000003031003100,terminal,0.7,9,0.5239286773428232,"Признаки удержания: осталось 100% входящего потока (280,1 тыс. KZT от 3 плательщиков); колено 3.",3,False,3,0,280090.0,0.0,3,0,0.0,1.0,0.0,0,0,0.00031149881059583785,0.0,0,1877,,2,False
100000003031633100,terminal,0.7,2,0.3786069098457888,Признаки удержания: осталось 100% входящего потока (414 тыс. KZT от 1 плательщиков); колено 3.,3,False,1,0,414000.0,0.0,2,0,0.0,1.0,0.0,0,0,0.00031462612731946766,0.0,0,1877,,1,False
100000003031761100,terminal,0.7,20,0.38434534400948994,"Признаки удержания: осталось 100% входящего потока (460,4 тыс. KZT от 1 плательщиков); колено 3.",3,False,1,0,460408.0,0.0,1,0,0.0,1.0,0.0,0,0,0.0003183607828225481,0.0,0,1877,,1,False
100000003031890100,terminal,0.9,25,0.4083815243179122,Признаки удержания: осталось 100% входящего потока (215 тыс. KZT от 1 плательщиков); колено 2.,2,False,1,0,215000.0,0.0,10,0,0.0,1.0,0.0,0,1,0.0003921222300159283,0.0,6,17,,1,False
100000003034546100,terminal,0.9,2,0.4239954033214709,"Признаки удержания: осталось 100% входящего потока (486,7 тыс. KZT от 1 плательщиков); колено 2.",2,False,1,0,486715.0,0.0,2,0,0.0,1.0,0.0,0,1,0.000331369004604237,0.0,0,1877,,1,False
100000003035737100,terminal,0.6943,5,0.6267459964412812,"Признаки удержания: осталось 99% входящего потока (809,2 тыс. KZT от 2 плательщиков); колено 3.",3,False,2,1,809170.0,6544.53,3,1,0.008087954323566123,0.9919120456764339,0.0,0,0,0.0003788112784639957,1.922024458454748e-05,0,1877,1.0,1,False
100000003036198100,terminal,0.9,3,0.23004522538552788,Признаки удержания: осталось 100% входящего потока (15 тыс. KZT от 1 плательщиков); колено 2.,2,False,1,0,15000.0,0.0,1,0,0.0,1.0,0.0,0,1,0.0002879340067316298,0.0,0,1877,,1,False
100000003037476100,boundary,0.5,2,0.3,"Граница выгрузки: колено 4; исходящие здесь не собирались, вывод об удержании невозможен.",4,False,3,0,555000.0,0.0,3,0,0.0,1.0,0.0,0,0,0.0003593540563280306,0.0,0,1877,,2,True
100000003037660100,terminal,0.9,3,0.3501223309608541,Признаки удержания: осталось 100% входящего потока (53 тыс. KZT от 1 плательщиков); колено 1.,1,False,1,0,53000.0,0.0,1,0,0.0,1.0,0.0,1,2,0.0002961818252066847,0.0,0,1877,,1,False
100000003039473100,terminal,0.9,4,0.2905434460260973,Признаки удержания: осталось 100% входящего потока (23 тыс. KZT от 1 плательщиков); колено 2.,2,False,1,0,23000.0,0.0,1,0,0.0,1.0,0.0,0,1,0.0003122138956605188,0.0,0,1877,,1,False
100000003040087100,boundary,0.5,7,0.253651393831554,"Граница выгрузки: колено 4; исходящие здесь не собирались, вывод об удержании невозможен.",4,False,1,0,29000.0,0.0,1,0,0.0,1.0,0.0,0,0,0.0002964248356000384,0.0,0,1877,,1,True
100000003042994100,terminal,0.9,4,0.40073027876631073,"Признаки удержания: осталось 100% входящего потока (286,1 тыс. KZT от 1 плательщиков); колено 1.",1,False,1,0,286086.0,0.0,3,0,0.0,1.0,0.0,1,1,0.0003163287040785169,0.0,0,1877,,1,False
100000003044431100,terminal,0.9,3,0.4354945136417556,Признаки удержания: осталось 100% входящего потока (60 тыс. KZT от 2 плательщиков); колено 2.,2,False,2,0,60000.0,0.0,2,0,0.0,1.0,0.0,0,1,0.00030245857854886894,0.0,0,1877,,1,False
100000003044518100,terminal,0.9,10,0.2691021648873072,"Признаки удержания: осталось 100% входящего потока (34,4 тыс. KZT от 1 плательщиков); колено 1.",1,False,1,0,34423.0,0.0,1,0,0.0,1.0,0.0,1,1,0.00028754318610180955,0.0,0,1877,,1,False
100000003047800100,boundary,0.5,9,0.2499147390272835,"Граница выгрузки: колено 4; исходящие здесь не собирались, вывод об удержании невозможен.",4,False,1,0,12212.0,0.0,1,0,0.0,1.0,0.0,0,0,0.00037457034348758035,0.0,0,1877,,1,True
100000003050771100,terminal,0.7,13,0.3741140272835113,Признаки удержания: осталось 100% входящего потока (229 тыс. KZT от 1 плательщиков); колено 3.,3,False,1,0,229000.0,0.0,1,0,0.0,1.0,0.0,0,0,0.00037033984858502356,0.0,0,1877,,1,False
100000003054328100,peripheral,0.5,9,0.3,Явное правило роли не сработало: 1 плательщиков и 2 получателей; входящий поток 140 тыс. KZT.,2,False,1,2,140000.0,193720.0,1,2,1.3837142857142857,-0.3837142857142857,53720.0,0,1,0.00033590915011809754,7.925874055483496e-07,0,1877,0.9638653727028701,1,False
100000003057225100,terminal,0.9,4,0.39040999406880184,Признаки удержания: осталось 100% входящего потока (236 тыс. KZT от 1 плательщиков); колено 1.,1,False,1,0,236000.0,0.0,1,0,0.0,1.0,0.0,1,1,0.000310943554849581,0.0,0,1877,,1,False
100000003060187100,terminal,0.7,17,0.31357132265717674,Признаки удержания: осталось 100% входящего потока (93 тыс. KZT от 1 плательщиков); колено 3.,3,False,1,0,93046.0,0.0,1,0,0.0,1.0,0.0,0,0,0.0003014815867240045,0.0,0,1877,,1,False
100000003060517100,terminal,0.7,16,0.3839449881376038,Признаки удержания: осталось 100% входящего потока (316 тыс. KZT от 1 плательщиков); колено 3.,3,False,1,0,315955.0,0.0,1,0,0.0,1.0,0.0,0,0,0.00036188349261669046,0.0,0,1877,,1,False
100000003061115100,boundary,0.5,0,0.3,"Граница выгрузки: колено 4; исходящие здесь не собирались, вывод об удержании невозможен.",4,False,1,0,45000.0,0.0,1,0,0.0,1.0,0.0,0,0,0.0005339039923107205,0.0,0,1877,,1,True
100000003062895100,terminal,0.9,2,0.5288663997627521,"Признаки удержания: осталось 100% входящего потока (328,4 тыс. KZT от 2 плательщиков); колено 2.",2,False,2,0,328444.0,0.0,2,0,0.0,1.0,0.0,0,1,0.00040765067095518504,0.0,0,1877,,1,False
100000003066385100,terminal,0.9,0,0.362407325029656,Признаки удержания: осталось 100% входящего потока (20 тыс. KZT от 2 плательщиков); колено 1.,1,False,2,0,20000.0,0.0,2,0,0.0,1.0,0.0,1,1,0.00029153974169365685,0.0,0,1877,,1,False
100000003068941100,peripheral,0.5,0,0.3,Явное правило роли не сработало: 3 плательщиков и 1 получателей; входящий поток 94 тыс. KZT.,2,False,3,1,94000.0,25000.0,3,2,0.26595744680851063,0.7340425531914894,0.0,0,1,0.000320174383735057,1.981468513870874e-05,0,1877,1.0,1,False
100000003069463100,peripheral,0.5,27,0.2792807639383155,"Явное правило роли не сработало: 1 плательщиков и 1 получателей; входящий поток 11,5 тыс. KZT.",3,False,1,1,11500.0,17920.0,1,1,1.5582608695652174,-0.5582608695652174,6420.0,0,0,0.0002884531759834954,1.9616538287321655e-05,0,1877,0.0,1,False
100000003071649100,terminal,0.7,2,0.3314538849347568,"Признаки удержания: осталось 100% входящего потока (189,5 тыс. KZT от 1 плательщиков); колено 3.",3,False,1,0,189500.0,0.0,1,0,0.0,1.0,0.0,0,0,0.00029533227777052824,0.0,0,1877,,1,False
100000003071930100,terminal,0.8906,2,0.6750481909845789,"Признаки удержания: осталось 99% входящего потока (477,6 тыс. KZT от 3 плательщиков); колено 1.",1,False,3,1,477610.0,5000.0,4,1,0.010468792529469651,0.9895312074705304,0.0,1,1,0.0003483674806474176,4.279971989961088e-05,0,1877,1.0,1,False
100000003072205100,boundary,0.5,2,0.3,"Граница выгрузки: колено 4; исходящие здесь не собирались, вывод об удержании невозможен.",4,False,2,0,163000.0,0.0,2,0,0.0,1.0,0.0,0,0,0.0003189739255881063,0.0,0,1877,,2,True
100000003072676100,terminal,0.7,16,0.25240584223013046,"Признаки удержания: осталось 100% входящего потока (31,5 тыс. KZT от 1 плательщиков); колено 3.",3,False,1,0,31545.0,0.0,1,0,0.0,1.0,0.0,0,0,0.00029318851653853617,0.0,0,1877,,1,False
100000003073398100,terminal,0.9,8,0.3486395314353499,Признаки удержания: осталось 100% входящего потока (93 тыс. KZT от 1 плательщиков); колено 2.,2,False,1,0,92960.0,0.0,1,0,0.0,1.0,0.0,0,1,0.0003031880744905432,0.0,0,1877,,1,False
100000003073635100,terminal,0.7,6,0.3349236358244365,"Признаки удержания: осталось 100% входящего потока (129,2 тыс. KZT от 1 плательщиков); колено 3.",3,False,1,0,129231.0,0.0,1,0,0.0,1.0,0.0,0,0,0.0003118625039951041,0.0,0,1877,,1,False
100000003074515100,boundary,0.5,2,0.3,"Граница выгрузки: колено 4; исходящие здесь не собирались, вывод об удержании невозможен.",4,False,1,0,105000.0,0.0,1,0,0.0,1.0,0.0,0,0,0.0002993828545053818,0.0,0,1877,,1,True
100000003078839100,boundary,0.5,6,0.23750370699881376,"Граница выгрузки: колено 4; исходящие здесь не собирались, вывод об удержании невозможен.",4,False,1,0,14000.0,0.0,2,0,0.0,1.0,0.0,0,0,0.0003147926722848661,0.0,0,1877,,1,True
100000003083865100,boundary,0.5,7,0.20990139383155398,"Граница выгрузки: колено 4; исходящие здесь не собирались, вывод об удержании невозможен.",4,False,1,0,15000.0,0.0,1,0,0.0,1.0,0.0,0,0,0.00029118422941526375,0.0,0,1877,,1,True
100000003084870100,boundary,0.5,9,0.2310980130486358,"Граница выгрузки: колено 4; исходящие здесь не собирались, вывод об удержании невозможен.",4,False,1,0,6500.0,0.0,1,0,0.0,1.0,0.0,0,0,0.00034517865606512906,0.0,0,1877,,1,True
100000003086040100,terminal,0.9,0,0.2980167556346382,"Признаки удержания: осталось 100% входящего потока (10,5 тыс. KZT от 1 плательщиков); колено 2.",2,False,1,0,10500.0,0.0,1,0,0.0,1.0,0.0,0,1,0.0005480623170204785,0.0,0,1877,,1,False
100000003087877100,terminal,0.7,20,0.2962670521945433,"Признаки удержания: осталось 100% входящего потока (91,5 тыс. KZT от 1 плательщиков); колено 3.",3,False,1,0,91486.0,0.0,1,0,0.0,1.0,0.0,0,0,0.00029208517171407756,0.0,0,1877,,1,False
100000003089018100,terminal,0.9,2,0.38636195136417556,Признаки удержания: осталось 100% входящего потока (230 тыс. KZT от 1 плательщиков); колено 2.,2,False,1,0,230000.0,0.0,1,0,0.0,1.0,0.0,0,1,0.0003072122133568235,0.0,0,1877,,1,False
100000003089553100,terminal,0.7,2,0.3366140272835113,Признаки удержания: осталось 100% входящего потока (150 тыс. KZT от 1 плательщиков); колено 3.,3,False,1,0,150000.0,0.0,1,0,0.0,1.0,0.0,0,0,0.0003070919971826514,0.0,0,1877,,1,False
100000003091142100,boundary,0.5,0,0.3,"Граница выгрузки: колено 4; исходящие здесь не собирались, вывод об удержании невозможен.",4,False,1,0,40000.0,0.0,1,0,0.0,1.0,0.0,0,0,0.0004098644410749577,0.0,0,1877,,1,True
100000003093299100,terminal,0.7,0,0.19226349347568208,Признаки удержания: осталось 100% входящего потока (15 тыс. KZT от 1 плательщиков); колено 3.,3,False,1,0,15000.0,0.0,1,0,0.0,1.0,0.0,0,0,0.00028641409372308623,0.0,0,1877,,1,False
100000003095610100,terminal,0.7,7,0.23879374258600236,"Признаки удержания: осталось 100% входящего потока (23,7 тыс. KZT от 1 плательщиков); колено 3.",3,False,1,0,23665.0,0.0,1,0,0.0,1.0,0.0,0,0,0.00029438645311679446,0.0,0,1877,,1,False
100000003096787100,boundary,0.5,7,0.21615139383155396,"Граница выгрузки: колено 4; исходящие здесь не собирались, вывод об удержании невозможен.",4,False,1,0,16400.0,0.0,1,0,0.0,1.0,0.0,0,0,0.00029170829003374117,0.0,0,1877,,1,True
100000003097324100,terminal,0.7,21,0.510627965599051,Признаки удержания: осталось 100% входящего потока (294 тыс. KZT от 2 плательщиков); колено 3.,3,False,2,0,294000.0,0.0,2,0,0.0,1.0,0.0,0,0,0.0003260131114572481,0.0,0,1877,,2,False
100000003097947100,boundary,0.5,6,0.3,"Граница выгрузки: колено 4; исходящие здесь не собирались, вывод об удержании невозможен.",4,False,1,0,52980.0,0.0,1,0,0.0,1.0,0.0,0,0,0.0003200783823355938,0.0,0,1877,,1,True
100000003102157100,terminal,0.9,0,0.35139753855278766,"Признаки удержания: осталось 100% входящего потока (96,7 тыс. KZT от 1 плательщиков); колено 1.",1,False,1,0,96746.0,0.0,2,0,0.0,1.0,0.0,1,1,0.0003037239155502857,0.0,0,1877,,1,False
100000003104347100,terminal,0.8311,23,0.4734171115065243,Признаки удержания: осталось 92% входящего потока (418 тыс. KZT от 1 плательщиков); колено 2.,2,False,1,1,418000.0,32000.0,1,1,0.07655502392344497,0.9234449760765551,0.0,0,1,0.00036431706006781635,1.922024458454748e-05,0,1877,0.0,1,False
100000003105089100,boundary,0.5,22,0.21421634045077106,"Граница выгрузки: колено 4; исходящие здесь не собирались, вывод об удержании невозможен.",4,False,1,0,10000.0,0.0,1,0,0.0,1.0,0.0,0,0,0.00029943768321597685,0.0,0,1877,,1,True
100000003105929100,peripheral,0.5,5,0.3,"Явное правило роли не сработало: 1 плательщиков и 1 получателей; входящий поток 429,6 тыс. KZT.",3,False,1,1,429567.0,156354.0,2,1,0.3639804733603838,0.6360195266396163,0.0,0,0,0.0002994912058967726,1.922024458454748e-05,0,1877,0.0,1,False
100000003109805100,terminal,0.7,16,0.2536958778173191,"Признаки удержания: осталось 100% входящего потока (36,9 тыс. KZT от 1 плательщиков); колено 3.",3,False,1,0,36929.0,0.0,1,0,0.0,1.0,0.0,0,0,0.00029138188362469686,0.0,0,1877,,1,False
100000003111305100,terminal,0.7,8,0.5764976275207592,"Признаки удержания: осталось 100% входящего потока (509,3 тыс. KZT от 4 плательщиков); колено 3.",3,False,4,0,509338.0,0.0,4,0,0.0,1.0,0.0,0,0,0.0004036018095361804,0.0,0,1877,,2,False
100000003112436100,terminal,0.9,4,0.3848198398576512,Признаки удержания: осталось 100% входящего потока (100 тыс. KZT от 1 плательщиков); колено 2.,2,False,1,0,100000.0,0.0,1,0,0.0,1.0,0.0,0,2,0.0003021326407143058,0.0,0,1877,,1,False
100000003112578100,terminal,0.7,9,0.29688982799525504,"Признаки удержания: осталось 100% входящего потока (101,1 тыс. KZT от 1 плательщиков); колено 3.",3,False,1,0,101080.0,0.0,1,0,0.0,1.0,0.0,0,0,0.0002903839214275371,0.0,0,1877,,1,False
100000003115284100,consolidator,0.9,11,0.8291481316725978,"Признаки сбора: 8 плательщиков, из них seed: 2; входящий поток 2,2 млн KZT.",1,False,8,2,2160500.0,517000.0,15,4,0.23929645915297384,0.7607035408470262,0.0,2,4,0.0015286375827955766,0.00012780471914467138,0,1877,0.9864603481624759,7,False
100000003116106100,terminal,0.7,5,0.37366918742586,"Признаки удержания: осталось 100% входящего потока (494,1 тыс. KZT от 1 плательщиков); колено 3.",3,False,1,0,494050.0,0.0,2,0,0.0,1.0,0.0,0,0,0.0003015810466685917,0.0,0,1877,,1,False
100000003119550100,terminal,0.9,1,0.25600163107947804,Признаки удержания: осталось 100% входящего потока (21 тыс. KZT от 1 плательщиков); колено 1.,1,False,1,0,21000.0,0.0,1,0,0.0,1.0,0.0,1,1,0.00028997694823419326,0.0,3,270,,1,False
100000003122817100,terminal,0.7,27,0.39964783511269275,"Признаки удержания: осталось 100% входящего потока (444,7 тыс. KZT от 1 плательщиков); колено 3.",3,False,1,0,444680.0,0.0,1,0,0.0,1.0,0.0,0,0,0.0003970827328082313,0.0,0,1877,,1,False
100000003123296100,terminal,0.9,12,0.3408993179122182,"Признаки удержания: осталось 100% входящего потока (86,2 тыс. KZT от 1 плательщиков); колено 1.",1,False,1,0,86200.0,0.0,2,0,0.0,1.0,0.0,1,1,0.00029987461985430183,0.0,0,1877,,1,False
100000003125997100,boundary,0.5,2,0.3,"Граница выгрузки: колено 4; исходящие здесь не собирались, вывод об удержании невозможен.",4,False,1,0,87750.0,0.0,1,0,0.0,1.0,0.0,0,0,0.0005483720399494517,0.0,0,1877,,1,True
100000003128638100,boundary,0.5,2,0.3,"Граница выгрузки: колено 4; исходящие здесь не собирались, вывод об удержании невозможен.",4,False,1,0,300000.0,0.0,1,0,0.0,1.0,0.0,0,0,0.0003581872469239982,0.0,0,1877,,1,True
100000003131016100,peripheral,0.5,6,0.3,"Явное правило роли не сработало: 1 плательщиков и 1 получателей; входящий поток 405,7 тыс. KZT.",2,False,1,1,405700.0,126000.0,7,4,0.31057431599704216,0.6894256840029578,0.0,0,1,0.0016774572234080627,0.0,0,1877,0.3253968253968254,1,False
100000003131693100,terminal,0.9,3,0.45274688612099645,"Признаки удержания: осталось 100% входящего потока (353,3 тыс. KZT от 1 плательщиков); колено 1.",1,False,1,0,353277.0,0.0,1,0,0.0,1.0,0.0,1,2,0.0003563082208274809,0.0,0,1877,,1,False
100000003132484100,terminal,0.7,2,0.3544965895610913,Признаки удержания: осталось 100% входящего потока (90 тыс. KZT от 1 плательщиков); колено 3.,3,False,1,0,90000.0,0.0,1,0,0.0,1.0,0.0,0,0,0.0005388233251189476,0.0,0,1877,,1,False
100000003133045100,boundary,0.5,2,0.3,"Граница выгрузки: колено 4; исходящие здесь не собирались, вывод об удержании невозможен.",4,False,1,0,68000.0,0.0,1,0,0.0,1.0,0.0,0,0,0.00033304955989506193,0.0,0,1877,,1,True
100000003134474100,terminal,0.7,5,0.2976905397390273,Признаки удержания: осталось 100% входящего потока (116 тыс. KZT от 1 плательщиков); колено 3.,3,False,1,0,116000.0,0.0,1,0,0.0,1.0,0.0,0,0,0.0002893287584098846,0.0,0,1877,,1,False
100000003134550100,boundary,0.5,2,0.3,"Граница выгрузки: колено 4; исходящие здесь не собирались, вывод об удержании невозможен.",4,False,1,0,100000.0,0.0,1,0,0.0,1.0,0.0,0,0,0.0002988459392483642,0.0,0,1877,,1,True
100000003134934100,terminal,0.9,0,0.601112099644128,"Признаки удержания: осталось 100% входящего потока (379,4 тыс. KZT от 4 плательщиков); колено 2.",2,False,4,0,379354.0,0.0,4,0,0.0,1.0,0.0,0,1,0.00042447911385230455,0.0,0,1877,,2,False
100000003134937100,terminal,0.9,4,0.21741177342823248,"Признаки удержания: осталось 100% входящего потока (10,3 тыс. KZT от 1 плательщиков); колено 1.",1,False,1,0,10286.0,0.0,1,0,0.0,1.0,0.0,1,1,0.000286675224915866,0.0,0,1877,,1,False
100000003146511100,boundary,0.5,13,0.225804418742586,"Граница выгрузки: колено 4; исходящие здесь не собирались, вывод об удержании невозможен.",4,False,1,0,10000.0,0.0,1,0,0.0,1.0,0.0,0,0,0.000311813667487197,0.0,0,1877,,1,True
100000003147719100,terminal,0.7,2,0.29662292408066426,Признаки удержания: осталось 100% входящего потока (100 тыс. KZT от 1 плательщиков); колено 3.,3,False,1,0,100000.0,0.0,1,0,0.0,1.0,0.0,0,0,0.00029072126443008105,0.0,0,1877,,1,False
100000003148220100,peripheral,0.5,59,0.3,"Явное правило роли не сработало: 1 плательщиков и 2 получателей; входящий поток 5,7 тыс. KZT.",1,False,1,2,5650.0,43400.0,1,4,7.68141592920354,-6.68141592920354,37750.0,1,1,0.0009182428014100989,3.962937027741748e-07,9,4,0.22119815668202766,1,False
100000003149149100,terminal,0.7,5,0.3376816429418742,Признаки удержания: осталось 100% входящего потока (245 тыс. KZT от 1 плательщиков); колено 3.,3,False,1,0,245000.0,0.0,1,0,0.0,1.0,0.0,0,0,0.00029350954186544125,0.0,0,1877,,1,False
100000003152964100,terminal,0.6729,6,0.38590228351126926,"Признаки удержания: осталось 96% входящего потока (141,8 тыс. KZT от 1 плательщиков); колено 3.",3,False,1,1,141847.0,5500.0,1,1,0.03877417217142414,0.9612258278285759,0.0,0,0,0.0003144293427145823,1.922024458454748e-05,0,1877,0.0,1,False
100000003154105100,peripheral,0.5,22,0.3,Явное правило роли не сработало: 1 плательщиков и 7 получателей; входящий поток 60 тыс. KZT.,3,False,1,7,60000.0,338000.0,1,9,5.633333333333334,-4.633333333333334,278000.0,0,0,0.000550680796574537,0.0001400898239306708,0,1877,0.16272189349112426,1,False
100000003157333100,terminal,0.9,8,0.2775541221826809,Признаки удержания: осталось 100% входящего потока (30 тыс. KZT от 1 плательщиков); колено 2.,2,False,1,0,30000.0,0.0,1,0,0.0,1.0,0.0,0,1,0.00029125521728309953,0.0,0,1877,,1,False
100000003157679100,terminal,0.7,2,0.5738285883748517,Признаки удержания: осталось 100% входящего потока (541 тыс. KZT от 4 плательщиков); колено 3.,3,False,4,0,541000.0,0.0,4,0,0.0,1.0,0.0,0,0,0.0003728530959036694,0.0,0,1877,,2,False
100000003158727100,terminal,0.9,10,0.5679381672597864,"Признаки удержания: осталось 100% входящего потока (367,9 тыс. KZT от 3 плательщиков); колено 1.",1,False,3,0,367940.0,0.0,3,0,0.0,1.0,0.0,1,1,0.00031412912735274626,0.0,0,1877,,2,False
100000003159641100,peripheral,0.5,58,0.3,Явное правило роли не сработало: 4 плательщиков и 1 получателей; входящий поток 64 тыс. KZT.,2,False,4,1,64000.0,197800.0,7,1,3.090625,-2.090625,133800.0,0,1,0.0003052153968344314,5.8849614861964964e-05,0,1877,1.0,1,False
100000003163256100,transit,0.7191,4,0.30282585616844604,"Признаки транзита: получено 13,5 тыс., отправлено 15 тыс. KZT; передано дальше 111% входящего потока. 0% исходящих сумм попали в окно 2 дней после входящего.",1,False,1,1,13485.0,15000.0,1,1,1.1123470522803114,-0.11234705228031139,1515.0,1,1,0.00028701917516909777,1.922024458454748e-05,0,1877,0.0,1,False
100000003163886100,terminal,0.7,55,0.4260713226571768,Признаки удержания: осталось 100% входящего потока (500 тыс. KZT от 1 плательщиков); колено 3.,3,False,1,0,500000.0,0.0,1,0,0.0,1.0,0.0,0,0,0.0007338350680593711,0.0,0,1877,,1,False
100000003164661100,terminal,0.7,29,0.42633822657176745,"Признаки удержания: осталось 100% входящего потока (596,2 тыс. KZT от 1 плательщиков); колено 3.",3,False,1,0,596200.0,0.0,3,0,0.0,1.0,0.0,0,0,0.0006007384807220605,0.0,5,13,,1,False
100000003166017100,boundary,0.5,7,0.20990139383155398,"Граница выгрузки: колено 4; исходящие здесь не собирались, вывод об удержании невозможен.",4,False,1,0,15000.0,0.0,1,0,0.0,1.0,0.0,0,0,0.00029118422941526375,0.0,0,1877,,1,True
100000003166755100,terminal,0.9,3,0.25949362396204034,Признаки удержания: осталось 100% входящего потока (24 тыс. KZT от 1 плательщиков); колено 2.,2,False,1,0,24010.0,0.0,1,0,0.0,1.0,0.0,0,1,0.0002893544107152427,0.0,0,1877,,1,False
100000003171006100,terminal,0.7,2,0.5296226275207593,Признаки удержания: осталось 100% входящего потока (485 тыс. KZT от 2 плательщиков); колено 3.,3,False,2,0,485000.0,0.0,2,0,0.0,1.0,0.0,0,0,0.0003349679442942915,0.0,0,1877,,2,False
100000003171587100,peripheral,0.5,5,0.3,Явное правило роли не сработало: 2 плательщиков и 2 получателей; входящий поток 700 тыс. KZT.,3,False,2,2,700000.0,431300.0,2,7,0.6161428571428571,0.3838571428571429,0.0,0,0,0.00031601841593021003,3.883678287186913e-05,0,1877,0.0,2,False
100000003173783100,boundary,0.5,30,0.27126705219454333,"Граница выгрузки: колено 4; исходящие здесь не собирались, вывод об удержании невозможен.",4,False,1,0,23500.0,0.0,2,0,0.0,1.0,0.0,0,0,0.0003468224290716631,0.0,0,1877,,1,True
100000003177533100,boundary,0.5,6,0.2621923190984579,"Граница выгрузки: колено 4; исходящие здесь не собирались, вывод об удержании невозможен.",4,False,1,0,20000.0,0.0,3,0,0.0,1.0,0.0,0,0,0.0003381973769821903,0.0,0,1877,,1,True
100000003178549100,peripheral,0.5,16,0.3,Явное правило роли не сработало: 2 плательщиков и 4 получателей; входящий поток 250 тыс. KZT.,3,False,2,4,250000.0,89080.0,2,4,0.35632,0.64368,0.0,0,0,0.00035215781948056465,0.00027212202015205507,0,1877,0.0,1,False
100000003180305100,boundary,0.5,0,0.3,"Граница выгрузки: колено 4; исходящие здесь не собирались, вывод об удержании невозможен.",4,False,1,0,144000.0,0.0,1,0,0.0,1.0,0.0,0,0,0.0005280565512084164,0.0,0,1877,,1,True
100000003180820100,boundary,0.5,2,0.3,"Граница выгрузки: колено 4; исходящие здесь не собирались, вывод об удержании невозможен.",4,False,1,0,101000.0,0.0,1,0,0.0,1.0,0.0,0,0,0.0002988566236372641,0.0,0,1877,,1,True
100000003186579100,boundary,0.5,6,0.3,"Граница выгрузки: колено 4; исходящие здесь не собирались, вывод об удержании невозможен.",4,False,1,0,110000.0,0.0,2,0,0.0,1.0,0.0,0,0,0.0005151815504625246,0.0,0,1877,,1,True
100000003187359100,terminal,0.9,1,0.24837262752075917,"Признаки удержания: осталось 100% входящего потока (19,1 тыс. KZT от 1 плательщиков); колено 1.",1,False,1,0,19072.0,0.0,1,0,0.0,1.0,0.0,1,1,0.0002895722836177843,0.0,3,270,,1,False
100000003188607100,peripheral,0.5,10,0.3,Явное правило роли не сработало: 1 плательщиков и 1 получателей; входящий поток 18 тыс. KZT.,2,False,1,1,18000.0,5000.0,1,1,0.2777777777777778,0.7222222222222222,0.0,0,1,0.0003147625614708975,5.944405541612623e-07,0,1877,0.0,1,False
100000003190207100,peripheral,0.5,19,0.3,Явное правило роли не сработало: 1 плательщиков и 1 получателей; входящий поток 5 тыс. KZT.,3,False,1,1,5000.0,377000.0,1,8,75.4,-74.4,372000.0,0,0,0.0002991258827616204,2.1003566247031264e-05,0,1877,0.10610079575596817,1,False
100000003191430100,terminal,0.9,4,0.41251853499406876,Признаки удержания: осталось 100% входящего потока (180 тыс. KZT от 1 плательщиков); колено 2.,2,False,1,0,180000.0,0.0,1,0,0.0,1.0,0.0,0,1,0.0005307375952815097,0.0,0,1877,,1,False
100000003192220100,terminal,0.9,54,0.36750074139976274,Признаки удержания: осталось 100% входящего потока (60 тыс. KZT от 1 плательщиков); колено 2.,2,False,1,0,60000.0,0.0,2,0,0.0,1.0,0.0,0,1,0.0005031715963348392,0.0,0,1877,,1,False
100000003192309100,peripheral,0.5,1,0.3,"Явное правило роли не сработало: 1 плательщиков и 1 получателей; входящий поток 17,2 тыс. KZT.",3,False,1,1,17200.0,213000.0,1,1,12.383720930232558,-11.383720930232558,195800.0,0,0,0.000288253832019236,1.387027959709612e-06,3,270,0.0,1,False
100000003194831100,boundary,0.5,9,0.1888382265717675,"Граница выгрузки: колено 4; исходящие здесь не собирались, вывод об удержании невозможен.",4,False,1,0,6265.0,0.0,1,0,0.0,1.0,0.0,0,0,0.00029082672336293444,0.0,0,1877,,1,True
100000003199390100,boundary,0.5,5,0.3,"Граница выгрузки: колено 4; исходящие здесь не собирались, вывод об удержании невозможен.",4,False,1,0,260000.0,0.0,1,0,0.0,1.0,0.0,0,0,0.0003766331907775371,0.0,0,1877,,1,True
100000003200071100,peripheral,0.5,68,0.15613558718861212,Явное правило роли не сработало: 0 плательщиков и 1 получателей; входящий поток 0 KZT. Входящие извне выборки не наблюдаются.,0,True,0,1,0.0,30000.0,0,1,,0.0,30000.0,0,0,0.0002855692942172909,0.0,12,2,0.0,0,False
100000003204491100,peripheral,0.5,0,0.3,Явное правило роли не сработало: 1 плательщиков и 1 получателей; входящий поток 140 тыс. KZT.,3,False,1,1,140000.0,100000.0,1,2,0.7142857142857143,0.2857142857142857,0.0,0,0,0.00029798480966852173,1.922024458454748e-05,0,1877,1.0,1,False
100000003205210100,terminal,0.9,3,0.40421485765124554,"Признаки удержания: осталось 100% входящего потока (137,6 тыс. KZT от 1 плательщиков); колено 1.",1,False,1,0,137563.0,0.0,1,0,0.0,1.0,0.0,1,2,0.0003131144187549131,0.0,0,1877,,1,False
100000003207060100,boundary,0.5,0,0.3,"Граница выгрузки: колено 4; исходящие здесь не собирались, вывод об удержании невозможен.",4,False,1,0,53000.0,0.0,1,0,0.0,1.0,0.0,0,0,0.0004274431125866972,0.0,0,1877,,1,True
100000003213473100,distributor,0.5917,0,0.5650232799525504,Признаки распределения: 11 получателей; исходящий поток 240 тыс. KZT.,3,False,1,11,57500.0,240000.0,2,12,4.173913043478261,-3.1739130434782608,182500.0,0,0,0.00028880769232283976,0.00010972673620999489,0,1877,0.1875,1,False
100000003214786100,boundary,0.5,0,0.2365473013048636,"Граница выгрузки: колено 4; исходящие здесь не собирались, вывод об удержании невозможен.",4,False,1,0,5000.0,0.0,1,0,0.0,1.0,0.0,0,0,0.00042028195414468963,0.0,0,1877,,1,True
100000003215448100,peripheral,0.5,6,0.3,"Явное правило роли не сработало: 1 плательщиков и 2 получателей; входящий поток 91,3 тыс. KZT.",3,False,1,2,91309.0,124000.0,1,4,1.3580260434349298,-0.35802604343492983,32691.0,0,0,0.00030414693187081325,3.844048916909496e-05,0,1877,0.06451612903225806,1,False
100000003216073100,peripheral,0.5,20,0.3,Явное правило роли не сработало: 1 плательщиков и 1 получателей; входящий поток 37 тыс. KZT.,3,False,1,1,37001.0,70000.0,1,1,1.891840761060512,-0.8918407610605119,32999.0,0,0,0.0002882046043550016,7.925874055483496e-07,0,1877,0.0,1,False
100000003218308100,terminal,0.7,0,0.1839894721233689,"Признаки удержания: осталось 100% входящего потока (11,2 тыс. KZT от 1 плательщиков); колено 3.",3,False,1,0,11165.0,0.0,1,0,0.0,1.0,0.0,0,0,0.0002861981066494379,0.0,0,1877,,1,False
100000003219438100,terminal,0.9,34,0.3346270759193357,Признаки удержания: осталось 100% входящего потока (32 тыс. KZT от 1 плательщиков); колено 2.,2,False,1,0,32000.0,0.0,1,0,0.0,1.0,0.0,0,1,0.00044715563704310536,0.0,0,1877,,1,False
100000003220685100,boundary,0.5,5,0.3,"Граница выгрузки: колено 4; исходящие здесь не собирались, вывод об удержании невозможен.",4,False,1,0,1306000.0,0.0,2,0,0.0,1.0,0.0,0,0,0.0005375987236644607,0.0,0,1877,,1,True
100000003221384100,terminal,0.9,15,0.4426786773428233,"Признаки удержания: осталось 100% входящего потока (511,2 тыс. KZT от 1 плательщиков); колено 2.",2,False,1,0,511200.0,0.0,1,0,0.0,1.0,0.0,0,1,0.0004482029353149174,0.0,0,1877,,1,False
100000003221510100,peripheral,0.5,0,0.3,Явное правило роли не сработало: 1 плательщиков и 2 получателей; входящий поток 24 тыс. KZT.,3,False,1,2,24000.0,120000.0,1,3,5.0,-4.0,96000.0,0,0,0.00028692097342656345,3.844048916909496e-05,0,1877,0.0,1,False
100000003230328100,boundary,0.5,6,0.3,"Граница выгрузки: колено 4; исходящие здесь не собирались, вывод об удержании невозможен.",4,False,3,0,26572.0,0.0,3,0,0.0,1.0,0.0,0,0,0.00035168013741866146,0.0,0,1877,,1,True
100000003230329100,boundary,0.5,2,0.3,"Граница выгрузки: колено 4; исходящие здесь не собирались, вывод об удержании невозможен.",4,False,1,0,110000.0,0.0,1,0,0.0,1.0,0.0,0,0,0.00030004064309052897,0.0,0,1877,,1,True
100000003232675100,boundary,0.5,13,0.3,"Граница выгрузки: колено 4; исходящие здесь не собирались, вывод об удержании невозможен.",4,False,1,0,44000.0,0.0,2,0,0.0,1.0,0.0,0,0,0.00040104453660487797,0.0,0,1877,,1,True
100000003235780100,terminal,0.9,0,0.41778988730723604,Признаки удержания: осталось 100% входящего потока (65 тыс. KZT от 2 плательщиков); колено 1.,1,False,2,0,65000.0,0.0,2,0,0.0,1.0,0.0,1,1,0.00029120007891764556,0.0,0,1877,,1,False
100000003237045100,peripheral,0.5,4,0.3,"Явное правило роли не сработало: 1 плательщиков и 1 получателей; входящий поток 340,2 тыс. KZT.",2,False,1,1,340200.0,150000.0,2,1,0.4409171075837742,0.5590828924162258,0.0,0,1,0.00039413443206538995,0.0,0,1877,0.0,1,False
100000003239379100,terminal,0.9,12,0.34579255634638195,"Признаки удержания: осталось 100% входящего потока (92,5 тыс. KZT от 1 плательщиков); колено 1.",1,False,1,0,92500.0,0.0,1,0,0.0,1.0,0.0,1,1,0.00030092013669320166,0.0,0,1877,,1,False
100000003239859100,terminal,0.9,12,0.2436350830367734,"Признаки удержания: осталось 100% входящего потока (18,6 тыс. KZT от 1 плательщиков); колено 1.",1,False,1,0,18600.0,0.0,1,0,0.0,1.0,0.0,1,1,0.0002886560582178524,0.0,0,1877,,1,False
100000003241965100,terminal,0.7,7,0.20979018386714116,Признаки удержания: осталось 100% входящего потока (15 тыс. KZT от 1 плательщиков); колено 3.,3,False,1,0,15000.0,0.0,1,0,0.0,1.0,0.0,0,0,0.0002911580279376608,0.0,0,1877,,1,False
100000003242289100,distributor,0.6917,16,0.8662922597864768,"Признаки распределения: 23 получателей; исходящий поток 2,4 млн KZT.",2,False,3,23,550791.0,2377741.0,8,26,4.316956885642648,-3.3169568856426483,1826950.0,0,1,0.0004397217042853967,0.0010013456094342644,0,1877,0.3309300718623265,2,False
100000003242795100,terminal,0.7,5,0.2951549525504152,Признаки удержания: осталось 100% входящего потока (111 тыс. KZT от 1 плательщиков); колено 3.,3,False,1,0,111000.0,0.0,1,0,0.0,1.0,0.0,0,0,0.00028916671253951414,0.0,0,1877,,1,False
100000003246024100,terminal,0.72,6,0.4517385824436536,Признаки удержания: осталось 80% входящего потока (25 тыс. KZT от 1 плательщиков); колено 2.,2,False,1,1,25000.0,5000.0,1,1,0.2,0.8,0.0,0,1,0.0003713400564301804,0.001611690577703376,0,1877,1.0,1,False
100000003247600100,boundary,0.5,3,0.3,"Граница выгрузки: колено 4; исходящие здесь не собирались, вывод об удержании невозможен.",4,False,1,0,58000.0,0.0,1,0,0.0,1.0,0.0,0,0,0.0008412090951663765,0.0,0,1877,,1,True
100000003249054100,consolidator,0.7333,3,0.6234430604982206,"Признаки сбора: 7 плательщиков, из них seed: 0; входящий поток 99,7 тыс. KZT.",2,False,7,1,99700.0,15000.0,11,1,0.15045135406218657,0.8495486459378134,0.0,0,1,0.0004314632286065654,3.962937027741748e-05,0,1877,0.0,2,False
100000003252446100,boundary,0.5,2,0.3,"Граница выгрузки: колено 4; исходящие здесь не собирались, вывод об удержании невозможен.",4,False,1,0,108600.0,0.0,1,0,0.0,1.0,0.0,0,0,0.00029998773072103645,0.0,0,1877,,1,True
100000003254277100,transit,0.8864,0,0.3945618327402135,"Признаки транзита: получено 49,2 тыс., отправлено 45 тыс. KZT; передано дальше 91% входящего потока. 100% исходящих сумм попали в окно 2 дней после входящего.",3,False,1,1,49200.0,44997.0,1,1,0.9145731707317073,0.0854268292682927,0.0,0,0,0.0002883402365962997,1.922024458454748e-05,0,1877,1.0,1,False
100000003254723100,terminal,0.9,3,0.4267534104389087,"Признаки удержания: осталось 100% входящего потока (269,9 тыс. KZT от 1 плательщиков); колено 2.",2,False,1,0,269850.0,0.0,6,0,0.0,1.0,0.0,0,1,0.0005300436631859101,0.0,0,1877,,1,False
100000003265158100,transit,0.9614,12,0.7063268913641755,"Признаки транзита: получено 146,1 тыс., отправлено 154,2 тыс. KZT; передано дальше 106% входящего потока. 100% исходящих сумм попали в окно 2 дней после входящего.",1,False,3,2,146100.4,154200.0,3,4,1.055438588806054,-0.05543858880605401,8099.600000000006,2,2,0.0003846709844220265,0.00017654884458589488,0,1877,1.0,1,False
100000003265658100,peripheral,0.5,73,0.03172597864768684,Явное правило роли не сработало: 0 плательщиков и 0 получателей; входящий поток 0 KZT. Входящие извне выборки не наблюдаются.,0,True,0,0,0.0,0.0,0,0,,0.0,0.0,0,0,0.0002855692942172909,0.0,13,1,,0,False
100000003270419100,terminal,0.7,13,0.3847456998813761,Признаки удержания: осталось 100% входящего потока (150 тыс. KZT от 1 плательщиков); колено 3.,3,False,1,0,150000.0,0.0,1,0,0.0,1.0,0.0,0,0,0.0008334814098706033,0.0,0,1877,,1,False
100000003271151100,terminal,0.7,6,0.3343453440094899,"Признаки удержания: осталось 100% входящего потока (127,3 тыс. KZT от 1 плательщиков); колено 3.",3,False,1,0,127294.0,0.0,1,0,0.0,1.0,0.0,0,0,0.00031146840391586903,0.0,0,1877,,1,False
100000003275398100,terminal,0.84,25,0.4260861506524318,Признаки удержания: осталось 93% входящего потока (300 тыс. KZT от 1 плательщиков); колено 2.,2,False,1,1,300000.0,20000.0,1,1,0.06666666666666667,0.9333333333333333,0.0,0,1,0.0004342478092851571,0.0,6,17,0.0,1,False
100000003278020100,terminal,0.9,0,0.39023205812574135,Признаки удержания: осталось 100% входящего потока (190 тыс. KZT от 1 плательщиков); колено 2.,2,False,1,0,190000.0,0.0,1,0,0.0,1.0,0.0,0,1,0.0003245512930395254,0.0,0,1877,,1,False
100000003284932100,terminal,0.9,3,0.3648465302491103,"Признаки удержания: осталось 100% входящего потока (69,9 тыс. KZT от 1 плательщиков); колено 1.",1,False,1,0,69925.0,0.0,1,0,0.0,1.0,0.0,1,2,0.000299570826848109,0.0,0,1877,,1,False
100000003286537100,terminal,0.7,2,0.47063686239620406,Признаки удержания: осталось 100% входящего потока (153 тыс. KZT от 2 плательщиков); колено 3.,3,False,2,0,153000.0,0.0,2,0,0.0,1.0,0.0,0,0,0.0003010947151858364,0.0,0,1877,,2,False
100000003289281100,boundary,0.5,0,0.3,"Граница выгрузки: колено 4; исходящие здесь не собирались, вывод об удержании невозможен.",4,False,1,0,40000.0,0.0,1,0,0.0,1.0,0.0,0,0,0.000596717915072709,0.0,0,1877,,1,True
100000003289405100,terminal,0.9,3,0.416166221826809,Признаки удержания: осталось 100% входящего потока (355 тыс. KZT от 1 плательщиков); колено 2.,2,False,1,0,355000.0,0.0,1,0,0.0,1.0,0.0,0,1,0.00033900466723614563,0.0,0,1877,,1,False
100000003292191100,terminal,0.7,21,0.31953217674970347,Признаки удержания: осталось 100% входящего потока (112 тыс. KZT от 1 плательщиков); колено 3.,3,False,1,0,112000.0,0.0,1,0,0.0,1.0,0.0,0,0,0.0002996284816997216,0.0,0,1877,,1,False
100000003292979100,terminal,0.9,3,0.33578365954922895,Признаки удержания: осталось 100% входящего потока (49 тыс. KZT от 1 плательщиков); колено 2.,2,False,1,0,48950.0,0.0,1,0,0.0,1.0,0.0,0,1,0.0003303145122730734,0.0,0,1877,,1,False
100000003293377100,terminal,0.7,5,0.2523168742586003,Признаки удержания: осталось 100% входящего потока (50 тыс. KZT от 1 плательщиков); колено 3.,3,False,1,0,50000.0,0.0,1,0,0.0,1.0,0.0,0,0,0.000287189752920995,0.0,0,1877,,1,False
100000003299365100,transit,1.0,3,0.5161217378410439,"Признаки транзита: получено 200 тыс., отправлено 200 тыс. KZT; передано дальше 100% входящего потока. 100% исходящих сумм попали в окно 2 дней после входящего.",1,False,1,1,200000.0,200000.0,1,1,1.0,0.0,0.0,1,2,0.0003256165809697203,0.0,0,1877,1.0,1,False
100000003321423100,terminal,0.9,33,0.40117511862396205,Признаки удержания: осталось 100% входящего потока (100 тыс. KZT от 1 плательщиков); колено 2.,2,False,1,0,100000.0,0.0,2,0,0.0,1.0,0.0,0,1,0.0006711029646605617,0.0,0,1877,,1,False
100000003321895100,peripheral,0.5,62,0.3,Явное правило роли не сработало: 1 плательщиков и 2 получателей; входящий поток 24 тыс. KZT.,3,False,1,2,24000.0,553830.0,1,3,23.07625,-22.07625,529830.0,0,0,0.00031125966376989726,3.962937027741748e-05,0,1877,0.0,1,False
100000003336565100,terminal,0.9,1,0.24850607947805456,"Признаки удержания: осталось 100% входящего потока (16,6 тыс. KZT от 1 плательщиков); колено 2.",2,False,1,0,16550.0,0.0,1,0,0.0,1.0,0.0,0,1,0.0002911902917077186,0.0,3,270,,1,False
100000003338583100,terminal,0.7,25,0.22433644721233686,"Признаки удержания: осталось 100% входящего потока (21,8 тыс. KZT от 1 плательщиков); колено 3.",3,False,1,0,21765.0,0.0,1,0,0.0,1.0,0.0,0,0,0.00029016016283832526,0.0,6,17,,1,False
100000003345947100,boundary,0.5,6,0.3,"Граница выгрузки: колено 4; исходящие здесь не собирались, вывод об удержании невозможен.",4,False,1,0,79500.0,0.0,6,0,0.0,1.0,0.0,0,0,0.000494765923207766,0.0,0,1877,,1,True
100000003349739100,peripheral,0.5,74,0.03172597864768684,Явное правило роли не сработало: 0 плательщиков и 0 получателей; входящий поток 0 KZT. Входящие извне выборки не наблюдаются.,0,True,0,0,0.0,0.0,0,0,,0.0,0.0,0,0,0.0002855692942172909,0.0,14,1,,0,False
100000003360542100,terminal,0.7529,11,0.6310609430604982,Признаки удержания: осталось 84% входящего потока (317 тыс. KZT от 2 плательщиков); колено 2.,2,False,2,2,317000.0,51800.0,3,5,0.16340694006309148,0.8365930599369085,0.0,0,2,0.0014564325480065506,9.90734256935437e-07,0,1877,0.29922779922779924,1,False
100000003366154100,peripheral,0.5,3,0.3,Явное правило роли не сработало: 1 плательщиков и 3 получателей; входящий поток 125 тыс. KZT.,1,False,1,3,125000.0,289170.0,1,3,2.31336,-1.3133599999999999,164170.0,1,2,0.0003105988484375593,6.146709644545516e-05,0,1877,1.0,1,False
100000003366471100,terminal,0.6575,6,0.6019239323843416,"Признаки удержания: осталось 94% входящего потока (329,8 тыс. KZT от 2 плательщиков); колено 3.",3,False,2,1,329789.0,20000.0,5,1,0.0606448365470043,0.9393551634529957,0.0,0,0,0.0003604911511540956,1.922024458454748e-05,0,1877,1.0,2,False
100000003370425100,boundary,0.5,13,0.29208555753262155,"Граница выгрузки: колено 4; исходящие здесь не собирались, вывод об удержании невозможен.",4,False,1,0,20000.0,0.0,1,0,0.0,1.0,0.0,0,0,0.0006479504805603652,0.0,0,1877,,1,True
100000003377795100,terminal,0.9,10,0.20580145314353498,Признаки удержания: осталось 100% входящего потока (7 тыс. KZT от 1 плательщиков); колено 1.,1,False,1,0,7000.0,0.0,1,0,0.0,1.0,0.0,1,1,0.00028597068988854644,0.0,0,1877,,1,False
100000003390036100,peripheral,0.5,11,0.3,"Явное правило роли не сработало: 2 плательщиков и 2 получателей; входящий поток 231,3 тыс. KZT.",2,False,2,2,231300.0,62000.0,4,2,0.2680501513186338,0.7319498486813663,0.0,0,2,0.0013242239371446286,7.826800629789953e-05,0,1877,0.16129032258064516,1,False
100000003404627100,consolidator,0.9,40,0.745729537366548,"Признаки сбора: 4 плательщиков, из них seed: 1; входящий поток 877,7 тыс. KZT.",1,False,4,0,877700.0,0.0,5,0,0.0,1.0,0.0,1,4,0.0013785777125656829,0.0,0,1877,,3,False
100000003406094100,peripheral,0.5,4,0.3,Явное правило роли не сработало: 1 плательщиков и 3 получателей; входящий поток 70 тыс. KZT.,3,False,1,3,70000.0,47000.0,4,3,0.6714285714285714,0.3285714285714286,0.0,0,0,0.0007781507813786751,3.883678287186913e-05,0,1877,0.14893617021276595,1,False
100000003447411100,boundary,0.5,6,0.3,"Граница выгрузки: колено 4; исходящие здесь не собирались, вывод об удержании невозможен.",4,False,1,0,302000.0,0.0,3,0,0.0,1.0,0.0,0,0,0.000305818442968074,0.0,0,1877,,1,True
100000003448713100,boundary,0.5,6,0.3,"Граница выгрузки: колено 4; исходящие здесь не собирались, вывод об удержании невозможен.",4,False,1,0,266750.0,0.0,1,0,0.0,1.0,0.0,0,0,0.00030345492477779225,0.0,0,1877,,1,True
100000003449074100,terminal,0.9,0,0.21661106168446023,Признаки удержания: осталось 100% входящего потока (10 тыс. KZT от 1 плательщиков); колено 1.,1,False,1,0,10000.0,0.0,1,0,0.0,1.0,0.0,1,1,0.0002874458184490932,0.0,0,1877,,1,False
100000003457710100,peripheral,0.5,5,0.3,"Явное правило роли не сработало: 1 плательщиков и 1 получателей; входящий поток 326,6 тыс. KZT.",3,False,1,1,326555.0,1306000.0,1,2,3.999326300316945,-2.999326300316945,979445.0,0,0,0.0002961526720570532,1.922024458454748e-05,0,1877,1.0,1,False
100000003470579100,boundary,0.5,27,0.3,"Граница выгрузки: колено 4; исходящие здесь не собирались, вывод об удержании невозможен.",4,False,1,0,357000.0,0.0,2,0,0.0,1.0,0.0,0,0,0.0005685326159317399,0.0,0,1877,,1,True
100000003476560100,terminal,0.9,3,0.34496218861209965,Признаки удержания: осталось 100% входящего потока (50 тыс. KZT от 1 плательщиков); колено 1.,1,False,1,0,50000.0,0.0,1,0,0.0,1.0,0.0,1,2,0.00029558111590539824,0.0,0,1877,,1,False
100000003481025100,boundary,0.5,0,0.25378484578884936,"Граница выгрузки: колено 4; исходящие здесь не собирались, вывод об удержании невозможен.",4,False,1,0,9000.0,0.0,1,0,0.0,1.0,0.0,0,0,0.0005310260909453556,0.0,0,1877,,1,True
100000003484058100,terminal,0.6618,14,0.37967452550415187,Признаки удержания: осталось 95% входящего потока (110 тыс. KZT от 1 плательщиков); колено 3.,3,False,1,1,110000.0,6000.0,1,1,0.05454545454545454,0.9454545454545454,0.0,0,0,0.0003166609747422053,1.922024458454748e-05,0,1877,0.0,1,False
100000003486846100,boundary,0.5,4,0.2989360913404508,"Граница выгрузки: колено 4; исходящие здесь не собирались, вывод об удержании невозможен.",4,False,1,0,27000.0,0.0,2,0,0.0,1.0,0.0,0,0,0.0005311359663531782,0.0,0,1877,,1,True
100000003486970100,terminal,0.7,5,0.30987915183867143,Признаки удержания: осталось 100% входящего потока (150 тыс. KZT от 1 плательщиков); колено 3.,3,False,1,0,150000.0,0.0,1,0,0.0,1.0,0.0,0,0,0.00029043067032840335,0.0,0,1877,,1,False
100000003497735100,terminal,0.7,17,0.3304752372479241,Признаки удержания: осталось 100% входящего потока (125 тыс. KZT от 1 плательщиков); колено 3.,3,False,1,0,125000.0,0.0,1,0,0.0,1.0,0.0,0,0,0.0003069462106171275,0.0,0,1877,,1,False
100000003500764100,boundary,0.5,16,0.2855908956109134,"Граница выгрузки: колено 4; исходящие здесь не собирались, вывод об удержании невозможен.",4,False,1,0,21000.0,0.0,1,0,0.0,1.0,0.0,0,0,0.0005301918184248245,0.0,0,1877,,1,True
100000003509750100,transit,0.8818,8,0.6352808694652239,"Признаки транзита: получено 82,3 тыс., отправлено 78,4 тыс. KZT; передано дальше 95% входящего потока. 74% исходящих сумм попали в окно 2 дней после входящего.",2,False,3,3,82290.0,78400.0,4,5,0.9527281565196257,0.047271843480374276,0.0,0,1,0.001687048026555684,1.981468513870874e-06,0,1877,0.7448979591836735,1,False
100000003528285100,peripheral,0.5,3,0.3,"Явное правило роли не сработало: 4 плательщиков и 4 получателей; входящий поток 118,9 тыс. KZT.",3,False,4,4,118870.0,548000.0,5,6,4.6100782367292,-3.6100782367292004,429130.0,0,0,0.00040427564554845465,0.00011504626015844329,0,1877,0.6204379562043796,1,False
100000003557488100,peripheral,0.5,31,0.3,Явное правило роли не сработало: 1 плательщиков и 2 получателей; входящий поток 665 тыс. KZT.,3,False,1,2,664992.0,138000.0,3,4,0.20752129348924497,0.792478706510755,0.0,0,0,0.000580971814726147,1.981468513870874e-05,0,1877,0.855072463768116,1,False
100000003561031100,peripheral,0.5,6,0.25245032621589564,"Явное правило роли не сработало: 1 плательщиков и 1 получателей; входящий поток 13,3 тыс. KZT.",3,False,1,1,13300.0,5000.0,1,1,0.37593984962406013,0.6240601503759399,0.0,0,0,0.00028827529889143965,1.922024458454748e-05,0,1877,0.0,1,False
100000003567087100,terminal,0.9,1,0.3266199584816133,"Признаки удержания: осталось 100% входящего потока (62,1 тыс. KZT от 1 плательщиков); колено 1.",1,False,1,0,62115.0,0.0,1,0,0.0,1.0,0.0,1,1,0.0002986065051344285,0.0,3,270,,1,False
100000003568904100,boundary,0.5,13,0.3,"Граница выгрузки: колено 4; исходящие здесь не собирались, вывод об удержании невозможен.",4,False,1,0,49000.0,0.0,1,0,0.0,1.0,0.0,0,0,0.0005317310119569392,0.0,0,1877,,1,True
100000003574895100,peripheral,0.5,0,0.3,Явное правило роли не сработало: 1 плательщиков и 1 получателей; входящий поток 28 тыс. KZT.,3,False,1,1,27968.0,20000.0,1,1,0.7151029748283753,0.28489702517162474,0.0,0,0,0.00028714445105582987,1.922024458454748e-05,0,1877,1.0,1,False
100000003581109100,terminal,0.7,0,0.24564427639383157,"Признаки удержания: осталось 100% входящего потока (42,8 тыс. KZT от 1 плательщиков); колено 3.",3,False,1,0,42750.0,0.0,1,0,0.0,1.0,0.0,0,0,0.00028797697280880764,0.0,0,1877,,1,False
100000003582677100,peripheral,0.5,3,0.3,"Явное правило роли не сработало: 2 плательщиков и 4 получателей; входящий поток 29,8 тыс. KZT.",3,False,2,4,29756.989999999998,56000.0,2,5,1.881910771217116,-0.8819107712171159,26243.010000000002,0,0,0.00029329270913900144,0.00017888146244571463,0,1877,0.0,1,False
100000003589877100,peripheral,0.5,2,0.3,Явное правило роли не сработало: 2 плательщиков и 6 получателей; входящий поток 176 тыс. KZT.,1,False,2,6,176000.0,416129.0,2,6,2.364369318181818,-1.3643693181818182,240129.0,1,1,0.0003069751599714215,9.545724565572936e-05,0,1877,0.8798449519259652,1,False
100000003594472100,terminal,0.7,31,0.23132043297746144,Признаки удержания: осталось 100% входящего потока (20 тыс. KZT от 1 плательщиков); колено 3.,3,False,1,0,20000.0,0.0,1,0,0.0,1.0,0.0,0,0,0.0002944536874283026,0.0,0,1877,,1,False
100000003603979100,terminal,0.9,25,0.4170559015421115,Признаки удержания: осталось 100% входящего потока (165 тыс. KZT от 1 плательщиков); колено 2.,2,False,1,0,165000.0,0.0,3,0,0.0,1.0,0.0,0,1,0.0005856463349534348,0.0,6,17,,1,False
100000003610172100,terminal,0.7,5,0.26886491696322656,Признаки удержания: осталось 100% входящего потока (70 тыс. KZT от 1 плательщиков); колено 3.,3,False,1,0,70000.0,0.0,1,0,0.0,1.0,0.0,0,0,0.0002878379364024767,0.0,0,1877,,1,False
100000003616818100,peripheral,0.5,25,0.3,Явное правило роли не сработало: 3 плательщиков и 3 получателей; входящий поток 78 тыс. KZT.,1,False,3,3,78000.0,240100.0,4,8,3.0782051282051284,-2.0782051282051284,162100.0,1,1,0.0005130034108689025,1.981468513870874e-06,6,17,0.0,1,False
100000003617552100,terminal,0.9,29,0.3316021648873072,Признаки удержания: осталось 100% входящего потока (25 тыс. KZT от 1 плательщиков); колено 2.,2,False,1,0,25000.0,0.0,1,0,0.0,1.0,0.0,0,1,0.0005510452542740759,0.0,5,13,,1,False
100000003622955100,boundary,0.5,11,0.2859912514827995,"Граница выгрузки: колено 4; исходящие здесь не собирались, вывод об удержании невозможен.",4,False,1,0,15000.0,0.0,1,0,0.0,1.0,0.0,0,0,0.001334263775828019,0.0,0,1877,,1,True
100000003626268100,boundary,0.5,6,0.24488804863582442,"Граница выгрузки: колено 4; исходящие здесь не собирались, вывод об удержании невозможен.",4,False,1,0,5000.0,0.0,1,0,0.0,1.0,0.0,0,0,0.0005308903791336683,0.0,0,1877,,1,True
100000003631015100,boundary,0.5,41,0.3,"Граница выгрузки: колено 4; исходящие здесь не собирались, вывод об удержании невозможен.",4,False,1,0,266000.0,0.0,1,0,0.0,1.0,0.0,0,0,0.00032225093674487795,0.0,0,1877,,1,True
100000003632533100,boundary,0.5,5,0.25013715895610916,"Граница выгрузки: колено 4; исходящие здесь не собирались, вывод об удержании невозможен.",4,False,1,0,10000.0,0.0,1,0,0.0,1.0,0.0,0,0,0.00042894910408558583,0.0,0,1877,,1,True
100000003635170100,transit,0.9603,33,0.7611061684460261,"Признаки транзита: получено 268,5 тыс., отправлено 253,5 тыс. KZT; передано дальше 94% входящего потока. 100% исходящих сумм попали в окно 2 дней после входящего.",1,False,3,4,268500.0,253500.0,13,10,0.9441340782122905,0.05586592178770955,0.0,1,2,0.0011481911115018492,0.00018804136196634596,0,1877,1.0,2,False
100000003635660100,terminal,0.7,0,0.21806420521945433,Признаки удержания: осталось 100% входящего потока (19 тыс. KZT от 1 плательщиков); колено 3.,3,False,1,0,18985.0,0.0,1,0,0.0,1.0,0.0,0,0,0.0002905219400417891,0.0,0,1877,,1,False
100000003636627100,terminal,0.6091,8,0.36864249703440094,Признаки удержания: осталось 87% входящего потока (77 тыс. KZT от 1 плательщиков); колено 3.,3,False,1,1,77000.0,10000.0,8,1,0.12987012987012986,0.8701298701298701,0.0,0,0,0.0019763124102948008,0.0,0,1877,0.0,1,False
100000003646145100,boundary,0.5,32,0.25467452550415187,"Граница выгрузки: колено 4; исходящие здесь не собирались, вывод об удержании невозможен.",4,False,1,0,5000.0,0.0,1,0,0.0,1.0,0.0,0,0,0.0006536813277109188,0.0,0,1877,,1,True
100000003647799100,terminal,0.7,5,0.2893053084223013,Признаки удержания: осталось 100% входящего потока (100 тыс. KZT от 1 плательщиков); колено 3.,3,False,1,0,100000.0,0.0,1,0,0.0,1.0,0.0,0,0,0.00028881021162469923,0.0,0,1877,,1,False
100000003650146100,terminal,0.7,4,0.22535957888493474,"Признаки удержания: осталось 100% входящего потока (14,4 тыс. KZT от 1 плательщиков); колено 3.",3,False,1,0,14400.0,0.0,1,0,0.0,1.0,0.0,0,0,0.00030012735117663754,0.0,0,1877,,1,False
100000003664994100,boundary,0.5,42,0.3,"Граница выгрузки: колено 4; исходящие здесь не собирались, вывод об удержании невозможен.",4,False,1,0,338271.0,0.0,2,0,0.0,1.0,0.0,0,0,0.0003911208228878406,0.0,0,1877,,1,True
100000003671721100,terminal,0.7,7,0.25067096678529066,Признаки удержания: осталось 100% входящего потока (5 тыс. KZT от 1 плательщиков); колено 3.,3,False,1,0,5000.0,0.0,1,0,0.0,1.0,0.0,0,0,0.000558742155523584,0.0,0,1877,,1,False
100000003677936100,terminal,0.5718,10,0.3714985970435259,Признаки удержания: осталось 82% входящего потока (71 тыс. KZT от 1 плательщиков); колено 3.,3,False,1,1,71000.0,13000.0,1,2,0.18309859154929578,0.8169014084507042,0.0,0,0,0.000308883638599444,1.922024458454748e-05,0,1877,0.46153846153846156,1,False
100000003684369100,coordinator,1.0,3,0.7977224199288256,"Признаки координации: 24 плательщиков → 62 получателей; оборот 12,4 млн KZT; достижимы seed-клиенты: 4 в пределах 2 шагов. Входящие извне выборки не наблюдаются.",0,True,24,62,3848436.0,8588655.0,58,67,2.2317260830113845,-1.2317260830113845,4740219.0,1,4,0.002020291208486867,0.0023030748381841454,0,1877,1.0,6,False
100000003692843100,boundary,0.5,62,0.3,"Граница выгрузки: колено 4; исходящие здесь не собирались, вывод об удержании невозможен.",4,False,1,0,510000.0,0.0,2,0,0.0,1.0,0.0,0,0,0.0005294957412060607,0.0,0,1877,,1,True
100000003696422100,boundary,0.5,31,0.3,"Граница выгрузки: колено 4; исходящие здесь не собирались, вывод об удержании невозможен.",4,False,1,0,118000.0,0.0,2,0,0.0,1.0,0.0,0,0,0.0007085171420194981,0.0,0,1877,,1,True
100000003701161100,consolidator,0.7,23,0.7823695136417557,"Признаки сбора: 4 плательщиков, из них seed: 1; входящий поток 1,5 млн KZT.",1,False,4,3,1527103.0,349000.0,13,7,0.22853730232996727,0.7714626976700327,0.0,1,2,0.0016488161626324828,0.00021300786524111896,0,1877,1.0,2,False
100000003711830100,terminal,0.7,6,0.2785846678529063,Признаки удержания: осталось 100% входящего потока (50 тыс. KZT от 1 плательщиков); колено 3.,3,False,1,0,50000.0,0.0,1,0,0.0,1.0,0.0,0,0,0.00029574224412010574,0.0,0,1877,,1,False
100000003713616100,terminal,0.9,4,0.23129077698695136,"Признаки удержания: осталось 100% входящего потока (15,9 тыс. KZT от 1 плательщиков); колено 1.",1,False,1,0,15893.0,0.0,1,0,0.0,1.0,0.0,1,1,0.00028727807864198997,0.0,0,1877,,1,False
100000003718221100,peripheral,0.5,23,0.3,Явное правило роли не сработало: 2 плательщиков и 4 получателей; входящий поток 350 тыс. KZT.,2,False,2,4,350000.0,423500.0,6,8,1.21,-0.20999999999999996,73500.0,0,1,0.0010434682866013794,3.923307657464331e-05,0,1877,0.8028335301062574,1,False
100000003718715100,boundary,0.5,13,0.3,"Граница выгрузки: колено 4; исходящие здесь не собирались, вывод об удержании невозможен.",4,False,1,0,915000.0,0.0,3,0,0.0,1.0,0.0,0,0,0.0005755764809645311,0.0,0,1877,,1,True
100000003724440100,terminal,0.9,3,0.4310016310794781,Признаки удержания: осталось 100% входящего потока (50 тыс. KZT от 2 плательщиков); колено 2.,2,False,2,0,50000.0,0.0,2,0,0.0,1.0,0.0,0,1,0.00030808789580780914,0.0,0,1877,,1,False
100000003736419100,peripheral,0.5,0,0.3,"Явное правило роли не сработало: 1 плательщиков и 1 получателей; входящий поток 23,3 тыс. KZT.",3,False,1,1,23300.0,10000.0,1,1,0.4291845493562232,0.5708154506437768,0.0,0,0,0.0002916476006545207,1.922024458454748e-05,0,1877,1.0,1,False
100000003739818100,terminal,0.9,3,0.35501556939501777,"Признаки удержания: осталось 100% входящего потока (57,3 тыс. KZT от 1 плательщиков); колено 1.",1,False,1,0,57293.0,0.0,1,0,0.0,1.0,0.0,1,2,0.00029704144021682556,0.0,0,1877,,1,False
100000003741418100,consolidator,0.8,5,0.6618883451957295,"Признаки сбора: 9 плательщиков, из них seed: 0; входящий поток 151,9 тыс. KZT.",2,False,9,3,151900.0,39920.0,13,3,0.2628044766293614,0.7371955233706387,0.0,0,1,0.0006325013799441044,5.275485580830812e-05,0,1877,0.0,2,False
100000003747133100,consolidator,0.6667,47,0.6933540941874259,"Признаки сбора: 5 плательщиков, из них seed: 0; входящий поток 237,1 тыс. KZT.",2,False,5,2,237068.0,250000.0,8,2,1.0545497494389795,-0.0545497494389795,12932.0,0,1,0.0003780707341340088,9.610122292273739e-05,0,1877,0.92,2,False
100000003760160100,terminal,0.7,5,0.29244142941874257,"Признаки удержания: осталось 100% входящего потока (104,5 тыс. KZT от 1 плательщиков); колено 3.",3,False,1,0,104470.0,0.0,1,0,0.0,1.0,0.0,0,0,0.00028895508063281035,0.0,0,1877,,1,False
100000003770083100,peripheral,0.5,75,0.03172597864768684,Явное правило роли не сработало: 0 плательщиков и 0 получателей; входящий поток 0 KZT. Входящие извне выборки не наблюдаются.,0,True,0,0,0.0,0.0,0,0,,0.0,0.0,0,0,0.0002855692942172909,0.0,15,1,,0,False
100000003781406100,terminal,0.7,12,0.3320766607354686,Признаки удержания: осталось 100% входящего потока (45 тыс. KZT от 1 плательщиков); колено 3.,3,False,1,0,45000.0,0.0,2,0,0.0,1.0,0.0,0,0,0.0007228806641155316,0.0,0,1877,,1,False
100000003782913100,boundary,0.5,14,0.3,"Граница выгрузки: колено 4; исходящие здесь не собирались, вывод об удержании невозможен.",4,False,1,0,200000.0,0.0,1,0,0.0,1.0,0.0,0,0,0.0002993965636065486,0.0,0,1877,,1,True
100000003786516100,boundary,0.5,0,0.19061758600237247,"Граница выгрузки: колено 4; исходящие здесь не собирались, вывод об удержании невозможен.",4,False,1,0,5000.0,0.0,1,0,0.0,1.0,0.0,0,0,0.0002931596479812034,0.0,0,1877,,1,True
100000003792647100,boundary,0.5,5,0.24257488137603797,"Граница выгрузки: колено 4; исходящие здесь не собирались, вывод об удержании невозможен.",4,False,1,0,8000.0,0.0,1,0,0.0,1.0,0.0,0,0,0.00040027314211192686,0.0,0,1877,,1,True
100000003795588100,terminal,0.7,0,0.3814094009489917,Признаки удержания: осталось 100% входящего потока (400 тыс. KZT от 1 плательщиков); колено 3.,3,False,1,0,400000.0,0.0,2,0,0.0,1.0,0.0,0,0,0.00032104219550652184,0.0,0,1877,,1,False
100000003796063100,distributor,0.625,5,0.7918290539739028,"Признаки распределения: 15 получателей; исходящий поток 959,1 тыс. KZT.",3,False,1,15,35000.0,959150.0,1,23,27.404285714285713,-26.404285714285713,924150.0,0,0,0.0006852648705720575,0.0011789271739411364,0,1877,0.07350258040973778,1,False
100000003798151100,terminal,0.9,4,0.4420114175563464,Признаки удержания: осталось 100% входящего потока (350 тыс. KZT от 1 плательщиков); колено 2.,2,False,1,0,350000.0,0.0,3,0,0.0,1.0,0.0,0,1,0.0005753929174195443,0.0,0,1877,,1,False
100000003809101100,peripheral,0.5,11,0.3,"Явное правило роли не сработало: 2 плательщиков и 2 получателей; входящий поток 166,1 тыс. KZT.",1,False,2,2,166050.0,55200.0,3,4,0.3324299909665763,0.6675700090334237,0.0,1,2,0.00036194707754243303,0.00013333962119341738,0,1877,0.18478260869565216,1,False
100000003814002100,terminal,0.7,5,0.2267385824436536,Признаки удержания: осталось 100% входящего потока (30 тыс. KZT от 1 плательщиков); колено 3.,3,False,1,0,30000.0,0.0,1,0,0.0,1.0,0.0,0,0,0.00028654156943951336,0.0,0,1877,,1,False
100000003819173100,boundary,0.5,6,0.3,"Граница выгрузки: колено 4; исходящие здесь не собирались, вывод об удержании невозможен.",4,False,1,0,143777.0,0.0,1,0,0.0,1.0,0.0,0,0,0.0002952095652766993,0.0,0,1877,,1,True
100000003823811100,peripheral,0.5,19,0.3,Явное правило роли не сработало: 1 плательщиков и 3 получателей; входящий поток 30 тыс. KZT.,2,False,1,3,30000.0,66130.0,1,3,2.2043333333333335,-1.2043333333333335,36130.0,0,2,0.0003569753080281231,0.00012452339757262022,0,1877,0.0,1,False
100000003824464100,terminal,0.9,23,0.39238953143534994,Признаки удержания: осталось 100% входящего потока (200 тыс. KZT от 1 плательщиков); колено 2.,2,False,1,0,200000.0,0.0,1,0,0.0,1.0,0.0,0,1,0.000323247651083571,0.0,0,1877,,1,False
100000003831201100,terminal,0.9,0,0.35161995848161326,"Признаки удержания: осталось 100% входящего потока (40,5 тыс. KZT от 1 плательщиков); колено 2.",2,False,1,0,40500.0,0.0,3,0,0.0,1.0,0.0,0,1,0.0005343335334517986,0.0,0,1877,,1,False
100000003831324100,terminal,0.9,10,0.5065799228944247,Признаки удержания: осталось 100% входящего потока (300 тыс. KZT от 2 плательщиков); колено 1.,1,False,2,0,300000.0,0.0,2,0,0.0,1.0,0.0,1,1,0.00031519260326985687,0.0,0,1877,,1,False
100000003832231100,terminal,0.9,3,0.32147464412811383,Признаки удержания: осталось 100% входящего потока (35 тыс. KZT от 1 плательщиков); колено 1.,1,False,1,0,35000.0,0.0,1,0,0.0,1.0,0.0,1,2,0.00029257756939896605,0.0,0,1877,,1,False
100000003834495100,terminal,0.6768,0,0.6631338967971531,"Признаки удержания: осталось 97% входящего потока (602,4 тыс. KZT от 3 плательщиков); колено 3.",3,False,3,1,602441.0,20000.0,5,1,0.0331982716979754,0.9668017283020246,0.0,0,0,0.0006208601664329539,2.8717140104600026e-06,0,1877,1.0,2,False
100000003835149100,peripheral,0.5,24,0.3,"Явное правило роли не сработало: 1 плательщиков и 2 получателей; входящий поток 248,5 тыс. KZT.",1,False,1,2,248500.0,4600440.0,1,13,18.512837022132796,-17.512837022132796,4351940.0,1,1,0.0004889016554646476,1.7833216624837866e-06,0,1877,0.0,1,False
100000003838587100,boundary,0.5,14,0.254007265717675,"Граница выгрузки: колено 4; исходящие здесь не собирались, вывод об удержании невозможен.",4,False,1,0,6000.0,0.0,1,0,0.0,1.0,0.0,0,0,0.0005550324069085224,0.0,0,1877,,1,True
100000003843844100,peripheral,0.5,13,0.3,"Явное правило роли не сработало: 1 плательщиков и 1 получателей; входящий поток 16,7 тыс. KZT.",3,False,1,1,16680.0,238000.0,1,1,14.268585131894485,-13.268585131894485,221320.0,0,0,0.00029174384813368293,1.922024458454748e-05,0,1877,0.0,1,False
100000003854444100,distributor,0.6167,17,0.8720957654973085,"Признаки распределения: 14 получателей; исходящий поток 2,3 млн KZT.",2,False,1,14,210000.0,2322909.0,4,14,11.061471428571428,-10.061471428571428,2112909.0,0,1,0.00046676162714719263,0.001075259811904019,0,1877,0.7448307273337009,1,False
100000003865939100,terminal,0.9,69,0.37888864175563464,"Признаки удержания: осталось 100% входящего потока (81,5 тыс. KZT от 1 плательщиков); колено 1.",1,False,1,0,81465.0,0.0,1,0,0.0,1.0,0.0,1,1,0.0005285862410602083,0.0,16,2,,1,False
100000003873332100,peripheral,0.5,17,0.3,"Явное правило роли не сработало: 1 плательщиков и 4 получателей; входящий поток 23,5 тыс. KZT.",1,False,1,4,23468.0,286000.0,1,8,12.186807567751833,-11.186807567751833,262532.0,1,1,0.0002899731212844846,0.0008935591491820594,0,1877,0.0,1,False
100000003877908100,terminal,0.9,3,0.32923709964412806,Признаки удержания: осталось 100% входящего потока (40 тыс. KZT от 1 плательщиков); колено 1.,1,False,1,0,40000.0,0.0,1,0,0.0,1.0,0.0,1,2,0.0002935787515677768,0.0,0,1877,,1,False
100000003880331100,distributor,0.6333,6,0.7817822657079235,"Признаки распределения: 16 получателей; исходящий поток 3,9 млн KZT.",3,False,1,16,100000.0,3904908.0,1,31,39.04908,-38.04908,3804908.0,0,0,0.0003076581045462558,0.0006596540844331799,0,1877,0.4467150058336842,1,False
100000003886323100,terminal,0.8119,4,0.5498183570581258,"Признаки удержания: осталось 90% входящего потока (78,2 тыс. KZT от 2 плательщиков); колено 1.",1,False,2,1,78168.0,7650.0,6,1,0.09786613447958244,0.9021338655204175,0.0,1,1,0.0018048414724057059,1.922024458454748e-05,0,1877,0.0,1,False
100000003888197100,terminal,0.7,5,0.276872034400949,"Признаки удержания: осталось 100% входящего потока (83,2 тыс. KZT от 1 плательщиков); колено 3.",3,False,1,0,83167.0,0.0,1,0,0.0,1.0,0.0,0,0,0.00028826466799751016,0.0,0,1877,,1,False
100000003888271100,peripheral,0.5,44,0.3,"Явное правило роли не сработало: 1 плательщиков и 2 получателей; входящий поток 12,2 тыс. KZT.",1,False,1,2,12177.0,25590.0,2,3,2.10150283321015,-1.1015028332101502,13413.0,1,1,0.0002913863210858299,3.962937027741748e-07,4,6,0.27002735443532627,1,False
100000003888527100,terminal,0.7,42,0.2891051304863583,Признаки удержания: осталось 100% входящего потока (30 тыс. KZT от 1 плательщиков); колено 3.,3,False,1,0,30000.0,0.0,1,0,0.0,1.0,0.0,0,0,0.0003666748083508476,0.0,0,1877,,1,False
100000003896956100,peripheral,0.5,4,0.3,Явное правило роли не сработало: 1 плательщиков и 1 получателей; входящий поток 10 тыс. KZT.,3,False,1,1,10000.0,27000.0,1,2,2.7,-1.7000000000000002,17000.0,0,0,0.0002885646095495065,1.922024458454748e-05,0,1877,0.6666666666666666,1,False
100000003899325100,terminal,0.7,6,0.28149836892052194,"Признаки удержания: осталось 100% входящего потока (50,1 тыс. KZT от 1 плательщиков); колено 3.",3,False,1,0,50120.0,0.0,1,0,0.0,1.0,0.0,0,0,0.0002966402059541681,0.0,0,1877,,1,False
100000003899899100,terminal,0.668,4,0.6152024021352313,"Признаки удержания: осталось 95% входящего потока (218,5 тыс. KZT от 2 плательщиков); колено 3.",3,False,2,1,218500.0,10000.0,5,1,0.04576659038901602,0.954233409610984,0.0,0,0,0.0006539846029635868,1.9418391435934565e-05,0,1877,1.0,1,False
100000003900547100,terminal,0.9,4,0.2521982502965599,"Признаки удержания: осталось 100% входящего потока (23,7 тыс. KZT от 1 плательщиков); колено 1.",1,False,1,0,23700.0,0.0,1,0,0.0,1.0,0.0,1,1,0.00028811747208587257,0.0,0,1877,,1,False
100000003904497100,boundary,0.5,2,0.23799303084223014,"Граница выгрузки: колено 4; исходящие здесь не собирались, вывод об удержании невозможен.",4,False,1,0,10000.0,0.0,1,0,0.0,1.0,0.0,0,0,0.0003412568244192844,0.0,0,1877,,1,True
100000003917461100,peripheral,0.5,12,0.3,Явное правило роли не сработало: 1 плательщиков и 2 получателей; входящий поток 10 тыс. KZT.,3,False,1,2,10000.0,140000.0,1,5,14.0,-13.0,130000.0,0,0,0.00039913166986850154,2.0210978841482916e-05,0,1877,0.07142857142857142,1,False
100000003920950100,terminal,0.7,10,0.3887937425860024,"Признаки удержания: осталось 100% входящего потока (323,3 тыс. KZT от 1 плательщиков); колено 3.",3,False,1,0,323290.0,0.0,1,0,0.0,1.0,0.0,0,0,0.0003917283702075202,0.0,0,1877,,1,False
100000003922499100,terminal,0.9,12,0.36242956702253853,Признаки удержания: осталось 100% входящего потока (50 тыс. KZT от 1 плательщиков); колено 2.,2,False,1,0,50000.0,0.0,1,0,0.0,1.0,0.0,0,1,0.0005352399237782651,0.0,0,1877,,1,False
100000003923946100,peripheral,0.5,8,0.3,Явное правило роли не сработало: 1 плательщиков и 4 получателей; входящий поток 282 тыс. KZT.,1,False,1,4,282000.0,675000.0,3,4,2.393617021276596,-1.393617021276596,393000.0,1,2,0.00038941748481374446,1.981468513870874e-06,0,1877,1.0,1,False
100000003927792100,terminal,0.9,15,0.2342267200474496,"Признаки удержания: осталось 100% входящего потока (13,1 тыс. KZT от 1 плательщиков); колено 2.",2,False,1,0,13067.0,0.0,1,0,0.0,1.0,0.0,0,1,0.00028972644169034,0.0,0,1877,,1,False
100000003934614100,peripheral,0.5,34,0.3,Явное правило роли не сработало: 2 плательщиков и 1 получателей; входящий поток 17 тыс. KZT.,3,False,2,1,17000.0,11500.0,2,2,0.6764705882352942,0.32352941176470584,0.0,0,0,0.0003134906893691794,6.604895046236247e-08,0,1877,1.0,1,False
100000003942602100,transit,1.0,1,0.37898502372479237,"Признаки транзита: получено 30 тыс., отправлено 30 тыс. KZT; передано дальше 100% входящего потока. 100% исходящих сумм попали в окно 2 дней после входящего.",1,False,1,1,30000.0,30000.0,1,1,1.0,0.0,0.0,1,1,0.0002918659428128657,0.0,3,270,1.0,1,False
100000003943247100,terminal,0.7,0,0.24288626927639384,Признаки удержания: осталось 100% входящего потока (40 тыс. KZT от 1 плательщиков); колено 3.,3,False,1,0,40000.0,0.0,1,0,0.0,1.0,0.0,0,0,0.0002878220928994118,0.0,0,1877,,1,False
100000003943483100,terminal,0.9,12,0.26772316132858837,Признаки удержания: осталось 100% входящего потока (10 тыс. KZT от 1 плательщиков); колено 2.,2,False,1,0,10000.0,0.0,1,0,0.0,1.0,0.0,0,1,0.0003289649862338494,0.0,0,1877,,1,False
100000003946524100,transit,0.7945,3,0.600859359252669,"Признаки транзита: получено 133,8 тыс., отправлено 144,8 тыс. KZT; передано дальше 108% входящего потока. 0% исходящих сумм попали в окно 2 дней после входящего.",1,False,2,2,133757.0,144750.0,2,2,1.0821863528637754,-0.0821863528637754,10993.0,1,2,0.0003260605758889203,0.0001194825513864137,0,1877,0.0,1,False
100000003950749100,boundary,0.5,4,0.23874925860023724,"Граница выгрузки: колено 4; исходящие здесь не собирались, вывод об удержании невозможен.",4,False,1,0,7000.0,0.0,1,0,0.0,1.0,0.0,0,0,0.00038424128954841564,0.0,0,1877,,1,True
100000003951827100,peripheral,0.5,0,0.3,Явное правило роли не сработало: 1 плательщиков и 2 получателей; входящий поток 9 тыс. KZT.,3,False,1,2,9000.0,17000.0,1,2,1.8888888888888888,-0.8888888888888888,8000.0,0,0,0.0002860761739207681,1.3265244417163453e-06,0,1877,0.0,1,False
100000003962994100,terminal,0.7,38,0.25347345788849346,Признаки удержания: осталось 100% входящего потока (10 тыс. KZT от 1 плательщиков); колено 3.,3,False,1,0,10000.0,0.0,1,0,0.0,1.0,0.0,0,0,0.0004812298257349217,0.0,0,1877,,1,False
100000003964910100,terminal,0.7,16,0.5629856168446026,Признаки удержания: осталось 100% входящего потока (1 млн KZT от 2 плательщиков); колено 3.,3,False,2,0,1000000.0,0.0,2,0,0.0,1.0,0.0,0,0,0.0005093616966720359,0.0,0,1877,,2,False
100000003968044100,peripheral,0.5,6,0.3,Явное правило роли не сработало: 1 плательщиков и 3 получателей; входящий поток 40 тыс. KZT.,3,False,1,3,40000.0,311000.0,1,4,7.775,-6.775,271000.0,0,0,0.000296004155053737,6.561503152343142e-05,0,1877,0.0,1,False
100000003970394100,terminal,0.9,12,0.33974273428232504,Признаки удержания: осталось 100% входящего потока (85 тыс. KZT от 1 плательщиков); колено 1.,1,False,1,0,85000.0,0.0,1,0,0.0,1.0,0.0,1,1,0.00029967547378974946,0.0,0,1877,,1,False
100000003971049100,terminal,0.9,0,0.31585483392645314,"Признаки удержания: осталось 100% входящего потока (55,9 тыс. KZT от 1 плательщиков); колено 2.",2,False,1,0,55900.0,0.0,7,0,0.0,1.0,0.0,0,1,0.00029426514402485876,0.0,0,1877,,1,False
100000003975102100,peripheral,0.5,4,0.3,"Явное правило роли не сработало: 1 плательщиков и 2 получателей; входящий поток 25,6 тыс. KZT. Входящие извне выборки не наблюдаются.",0,True,1,2,25650.0,88500.0,1,2,3.4502923976608186,-2.4502923976608186,62850.0,0,1,0.0003454652180169808,5.914683513904559e-06,0,1877,0.3615819209039548,1,False
100000003977183100,peripheral,0.5,8,0.3,"Явное правило роли не сработало: 2 плательщиков и 4 получателей; входящий поток 123,8 тыс. KZT. Входящие извне выборки не наблюдаются.",0,True,2,4,123800.0,766000.0,2,6,6.187399030694669,-5.187399030694669,642200.0,1,2,0.000331460381699444,1.5851748110966993e-06,0,1877,0.21148825065274152,1,False
100000003980083100,terminal,0.9,68,0.3355167556346382,Признаки удержания: осталось 100% входящего потока (30 тыс. KZT от 1 плательщиков); колено 1.,1,False,1,0,30000.0,0.0,1,0,0.0,1.0,0.0,1,1,0.0005285862410602083,0.0,12,2,,1,False
100000003985389100,boundary,0.5,6,0.3,"Граница выгрузки: колено 4; исходящие здесь не собирались, вывод об удержании невозможен.",4,False,1,0,422698.0,0.0,16,0,0.0,1.0,0.0,0,0,0.0004903551059552773,0.0,0,1877,,1,True
100000003986141100,terminal,0.7,16,0.17100014827995255,"Признаки удержания: осталось 100% входящего потока (5,3 тыс. KZT от 1 плательщиков); колено 3.",3,False,1,0,5286.32,0.0,1,0,0.0,1.0,0.0,0,0,0.0002868461256435469,0.0,0,1877,,1,False
100000003988112100,peripheral,0.5,19,0.3,Явное правило роли не сработало: 1 плательщиков и 1 получателей; входящий поток 92 тыс. KZT.,2,False,1,1,92000.0,64000.0,2,5,0.6956521739130435,0.30434782608695654,0.0,0,2,0.0005045477365705099,0.0,0,1877,0.6875,1,False
100000003989033100,boundary,0.5,9,0.3,"Граница выгрузки: колено 4; исходящие здесь не собирались, вывод об удержании невозможен.",4,False,1,0,373400.0,0.0,13,0,0.0,1.0,0.0,0,0,0.0005989171063455112,0.0,0,1877,,1,True
100000003996562100,terminal,0.7,0,0.22847345788849346,"Признаки удержания: осталось 100% входящего потока (7,7 тыс. KZT от 1 плательщиков); колено 3.",3,False,1,0,7700.0,0.0,1,0,0.0,1.0,0.0,0,0,0.0003281736881837659,0.0,0,1877,,1,False
100000004004621100,terminal,0.9,13,0.5305864472123369,"Признаки удержания: осталось 100% входящего потока (75,4 тыс. KZT от 3 плательщиков); колено 1.",1,False,3,0,75389.0,0.0,3,0,0.0,1.0,0.0,1,2,0.00030077440313347714,0.0,0,1877,,2,False
100000004005964100,peripheral,0.5,25,0.3,"Явное правило роли не сработало: 3 плательщиков и 3 получателей; входящий поток 97,9 тыс. KZT.",1,False,3,3,97900.0,72000.0,9,5,0.7354443309499489,0.2645556690500511,0.0,1,1,0.0004045246914881722,4.953671284677185e-07,6,17,0.625,1,False
100000004006327100,boundary,0.5,2,0.3,"Граница выгрузки: колено 4; исходящие здесь не собирались, вывод об удержании невозможен.",4,False,1,0,300000.0,0.0,3,0,0.0,1.0,0.0,0,0,0.0005549673062458664,0.0,0,1877,,1,True
100000004007116100,consolidator,0.6,25,0.5623110833253182,"Признаки сбора: 3 плательщиков, из них seed: 0; входящий поток 764,7 тыс. KZT. Входящие извне выборки не наблюдаются.",0,True,3,4,764704.0,148000.0,24,6,0.19353893794200108,0.806461062057999,0.0,0,1,0.000627776957324843,3.962937027741748e-07,6,17,0.9324324324324325,1,False
100000004007197100,terminal,0.7,25,0.18701438315539737,Признаки удержания: осталось 100% входящего потока (10 тыс. KZT от 1 плательщиков); колено 3.,3,False,1,0,10048.0,0.0,1,0,0.0,1.0,0.0,0,0,0.00028768870831810195,0.0,6,17,,1,False
100000004013952100,boundary,0.5,0,0.24871367141162515,"Граница выгрузки: колено 4; исходящие здесь не собирались, вывод об удержании невозможен.",4,False,1,0,5500.0,0.0,1,0,0.0,1.0,0.0,0,0,0.0005331412160251214,0.0,0,1877,,1,True
100000004015047100,consolidator,0.9,8,0.7793112396204033,"Признаки сбора: 9 плательщиков, из них seed: 3; входящий поток 919,1 тыс. KZT.",1,False,9,1,919104.0,69195.0,18,7,0.07528527783580531,0.9247147221641947,0.0,3,4,0.002278597110650873,2.2885961335208597e-05,0,1877,0.636346556832141,2,False
100000004017410100,peripheral,0.5,34,0.3,"Явное правило роли не сработало: 2 плательщиков и 5 получателей; входящий поток 193,7 тыс. KZT.",3,False,2,5,193650.0,1330915.0,6,11,6.872785954040795,-5.872785954040795,1137265.0,0,0,0.0011315419625793077,4.0587080059121736e-05,0,1877,0.04132495313374633,2,False
100000004019056100,boundary,0.5,13,0.3,"Граница выгрузки: колено 4; исходящие здесь не собирались, вывод об удержании невозможен.",4,False,1,0,50000.0,0.0,1,0,0.0,1.0,0.0,0,0,0.0005409213827074575,0.0,0,1877,,1,True
100000004019124100,consolidator,0.9,4,0.5004122182680901,"Признаки сбора: 3 плательщиков, из них seed: 2; входящий поток 193 тыс. KZT. Входящие извне выборки не наблюдаются.",0,True,3,0,193000.0,0.0,3,0,0.0,1.0,0.0,2,4,0.0012028680902033705,0.0,0,1877,,1,False
100000004021459100,peripheral,0.5,76,0.03172597864768684,Явное правило роли не сработало: 0 плательщиков и 0 получателей; входящий поток 0 KZT. Входящие извне выборки не наблюдаются.,0,True,0,0,0.0,0.0,0,0,,0.0,0.0,0,0,0.0002855692942172909,0.0,17,1,,0,False
100000004030553100,boundary,0.5,20,0.3,"Граница выгрузки: колено 4; исходящие здесь не собирались, вывод об удержании невозможен.",4,False,1,0,70000.0,0.0,1,0,0.0,1.0,0.0,0,0,0.0005308297210537953,0.0,0,1877,,1,True
100000004035925100,boundary,0.5,64,0.3,"Граница выгрузки: колено 4; исходящие здесь не собирались, вывод об удержании невозможен.",4,False,1,0,1111588.0,0.0,2,0,0.0,1.0,0.0,0,0,0.0004624126239356535,0.0,0,1877,,1,True
100000004041163100,peripheral,0.5,19,0.3,Явное правило роли не сработало: 1 плательщиков и 2 получателей; входящий поток 50 тыс. KZT. Входящие извне выборки не наблюдаются.,0,True,1,2,50000.0,866000.0,1,6,17.32,-16.32,816000.0,1,7,0.0020847480556725217,2.3381328463676314e-05,0,1877,0.05542725173210162,1,False
100000004041294100,boundary,0.5,26,0.23665851126927637,"Граница выгрузки: колено 4; исходящие здесь не собирались, вывод об удержании невозможен.",4,False,1,0,17800.0,0.0,2,0,0.0,1.0,0.0,0,0,0.0003008542855735774,0.0,0,1877,,1,True
100000004047887100,boundary,0.5,39,0.23096456109134045,"Граница выгрузки: колено 4; исходящие здесь не собирались, вывод об удержании невозможен.",4,False,1,0,30000.0,0.0,1,0,0.0,1.0,0.0,0,0,0.00028801399269163874,0.0,0,1877,,1,True
100000004049912100,boundary,0.5,17,0.23314427639383153,"Граница выгрузки: колено 4; исходящие здесь не собирались, вывод об удержании невозможен.",4,False,1,0,10000.0,0.0,1,0,0.0,1.0,0.0,0,0,0.0003245564257590689,0.0,0,1877,,1,True
100000004058740100,terminal,0.9,1,0.27904433570581255,Признаки удержания: осталось 100% входящего потока (30 тыс. KZT от 1 плательщиков); колено 1.,1,False,1,0,30000.0,0.0,1,0,0.0,1.0,0.0,1,1,0.0002918659428128657,0.0,3,270,,1,False
100000004064431100,peripheral,0.5,25,0.3,Явное правило роли не сработало: 1 плательщиков и 1 получателей; входящий поток 26 тыс. KZT.,3,False,1,1,26000.0,10000.0,1,1,0.38461538461538464,0.6153846153846154,0.0,0,0,0.0002910534469463005,9.90734256935437e-07,6,17,1.0,1,False
100000004066370100,boundary,0.5,37,0.3,"Граница выгрузки: колено 4; исходящие здесь не собирались, вывод об удержании невозможен.",4,False,1,0,65000.0,0.0,2,0,0.0,1.0,0.0,0,0,0.0005893461583954324,0.0,0,1877,,1,True
100000004066647100,terminal,0.7,17,0.27789516607354686,Признаки удержания: осталось 100% входящего потока (51 тыс. KZT от 1 плательщиков); колено 3.,3,False,1,0,51000.0,0.0,1,0,0.0,1.0,0.0,0,0,0.0002942910761084242,0.0,0,1877,,1,False
100000004070318100,distributor,0.6583,0,0.7288050068238433,"Признаки распределения: 19 получателей; исходящий поток 551,9 тыс. KZT.",1,False,4,19,207246.55,551860.0,6,37,2.662818753798314,-1.6628187537983141,344613.45,1,1,0.00031412234761755547,0.002073265129736242,0,1877,0.5405972529264669,2,False
100000004070530100,boundary,0.5,39,0.20761046856465007,"Граница выгрузки: колено 4; исходящие здесь не собирались, вывод об удержании невозможен.",4,False,1,0,20000.0,0.0,1,0,0.0,1.0,0.0,0,0,0.00028719909320018945,0.0,0,1877,,1,True
100000004071070100,terminal,0.7683,0,0.5435312870699882,Признаки удержания: осталось 85% входящего потока (41 тыс. KZT от 2 плательщиков); колено 2.,2,False,2,1,41000.0,6000.0,5,1,0.14634146341463414,0.8536585365853658,0.0,0,1,0.0011875923340219302,0.0,0,1877,1.0,1,False
100000004071080100,consolidator,0.8,0,0.700467918914782,"Признаки сбора: 9 плательщиков, из них seed: 1; входящий поток 238,6 тыс. KZT.",1,False,9,2,238600.0,46500.0,16,5,0.19488683989941324,0.8051131601005868,0.0,1,1,0.0013690045738923454,2.813685289696641e-05,0,1877,0.8709677419354839,2,False
100000004071444100,peripheral,0.5,0,0.3,"Явное правило роли не сработало: 1 плательщиков и 1 получателей; входящий поток 247,3 тыс. KZT.",3,False,1,1,247350.0,100000.0,1,1,0.40428542551041036,0.5957145744895896,0.0,0,0,0.0003075048495520191,1.922024458454748e-05,0,1877,0.0,1,False
100000004076740100,peripheral,0.5,34,0.3,"Явное правило роли не сработало: 3 плательщиков и 6 получателей; входящий поток 93,2 тыс. KZT.",1,False,3,6,93250.0,125000.0,5,10,1.3404825737265416,-0.34048257372654156,31750.0,1,1,0.0007414546780411359,0.00043516040067393183,0,1877,0.184,1,False
100000004077081100,peripheral,0.5,3,0.3,Явное правило роли не сработало: 1 плательщиков и 4 получателей; входящий поток 140 тыс. KZT.,3,False,1,4,140000.0,615000.0,1,6,4.392857142857143,-3.3928571428571432,475000.0,0,0,0.0002901065785876625,0.00011599154155885528,0,1877,0.6829268292682927,1,False
100000004094958100,transit,1.0,49,0.4716394721233689,"Признаки транзита: получено 39 тыс., отправлено 40 тыс. KZT; передано дальше 103% входящего потока. 100% исходящих сумм попали в окно 2 дней после входящего.",1,False,1,1,39000.0,40000.0,1,1,1.0256410256410255,-0.02564102564102555,1000.0,1,1,0.00039146494703152303,1.981468513870874e-07,18,6,1.0,1,False
100000004096559100,terminal,0.7,10,0.3366140272835113,"Признаки удержания: осталось 100% входящего потока (46,2 тыс. KZT от 1 плательщиков); колено 3.",3,False,1,0,46200.0,0.0,1,0,0.0,1.0,0.0,0,0,0.0009765877187482858,0.0,0,1877,,1,False
100000004097972100,terminal,0.6411,0,0.5107095195729537,"Признаки удержания: осталось 92% входящего потока (118,9 тыс. KZT от 1 плательщиков); колено 3.",3,False,1,2,118878.0,10000.0,1,2,0.0841198539679335,0.9158801460320665,0.0,0,0,0.0003165811788801667,3.844048916909496e-05,0,1877,0.5,1,False
100000004099450100,terminal,0.7,0,0.25756598457888497,Признаки удержания: осталось 100% входящего потока (31 тыс. KZT от 1 плательщиков); колено 3.,3,False,1,0,31000.0,0.0,1,0,0.0,1.0,0.0,0,0,0.00029616586394753193,0.0,0,1877,,1,False
100000004105288100,terminal,0.9,3,0.585257265717675,Признаки удержания: осталось 100% входящего потока (215 тыс. KZT от 2 плательщиков); колено 1.,1,False,2,0,215000.0,0.0,2,0,0.0,1.0,0.0,1,3,0.0004630401380988289,0.0,0,1877,,1,False
100000004107228100,boundary,0.5,3,0.17607132265717673,"Граница выгрузки: колено 4; исходящие здесь не собирались, вывод об удержании невозможен.",4,False,1,0,5000.0,0.0,1,0,0.0,1.0,0.0,0,0,0.0002887085719064815,0.0,0,1877,,1,True
100000004114962100,terminal,0.7,5,0.49206331553973903,Признаки удержания: осталось 100% входящего потока (165 тыс. KZT от 2 плательщиков); колено 3.,3,False,2,0,165000.0,0.0,2,0,0.0,1.0,0.0,0,0,0.0007112908662345295,0.0,0,1877,,1,False
100000004130144100,terminal,0.9,10,0.3705923784104389,Признаки удержания: осталось 100% входящего потока (200 тыс. KZT от 1 плательщиков); колено 1.,1,False,1,0,200000.0,0.0,1,0,0.0,1.0,0.0,1,1,0.0002970377419674501,0.0,0,1877,,1,False
100000004134060100,terminal,0.9,20,0.36096159549228946,"Признаки удержания: осталось 100% входящего потока (88,2 тыс. KZT от 1 плательщиков); колено 2.",2,False,1,0,88179.0,0.0,1,0,0.0,1.0,0.0,0,1,0.0003280105841798639,0.0,0,1877,,1,False
100000004135268100,transit,0.6182,52,0.7058274577290948,"Признаки транзита: получено 1,2 млн, отправлено 1 млн KZT; передано дальше 81% входящего потока. 85% исходящих сумм попали в окно 2 дней после входящего.",1,False,2,3,1239000.0,1000200.0,3,4,0.8072639225181598,0.19273607748184018,0.0,1,1,0.0017405273422577779,1.1888811083225246e-06,11,5,0.8498300339932013,1,False
100000004140487100,distributor,0.5833,3,0.5781215664294187,"Признаки распределения: 10 получателей; исходящий поток 262,6 тыс. KZT.",3,False,1,10,24510.0,262600.0,1,19,10.713994288045695,-9.713994288045695,238090.0,0,0,0.000289427144859754,0.0003253704385731911,0,1877,0.29588728103579587,1,False
100000004140994100,terminal,0.7,1,0.20943431198102017,"Признаки удержания: осталось 100% входящего потока (18,6 тыс. KZT от 1 плательщиков); колено 3.",3,False,1,0,18650.0,0.0,1,0,0.0,1.0,0.0,0,0,0.00028848014479905114,0.0,3,270,,1,False
100000004144536100,terminal,0.9,25,0.5959964412811388,Признаки удержания: осталось 100% входящего потока (168 тыс. KZT от 4 плательщиков); колено 1.,1,False,4,0,168000.0,0.0,6,0,0.0,1.0,0.0,1,1,0.0009685966718954048,0.0,6,17,,2,False
100000004150593100,distributor,0.5917,4,0.8060394710762121,"Признаки распределения: 11 получателей; исходящий поток 871,2 тыс. KZT.",2,False,1,11,57000.0,871165.0,2,16,15.28359649122807,-14.28359649122807,814165.0,0,1,0.0003066265725556523,0.00022164097899513528,0,1877,0.815867258211705,1,False
100000004156082100,coordinator,0.7687,15,0.9830151537230628,"Признаки координации: 5 плательщиков → 26 получателей; оборот 2,7 млн KZT; достижимы seed-клиенты: 3 в пределах 2 шагов.",1,False,5,26,377366.11,2319556.0,7,29,6.146699288921308,-5.146699288921308,1942189.8900000001,1,3,0.0008669668928480435,0.0020400351394137825,0,1877,0.9590438859850765,2,False
100000004158362100,terminal,0.9,0,0.2373405990510083,Признаки удержания: осталось 100% входящего потока (12 тыс. KZT от 1 плательщиков); колено 2.,2,False,1,0,12000.0,0.0,1,0,0.0,1.0,0.0,0,1,0.0002913822339326508,0.0,0,1877,,1,False
100000004159526100,peripheral,0.5,14,0.3,Явное правило роли не сработало: 4 плательщиков и 4 получателей; входящий поток 275 тыс. KZT.,1,False,4,4,275037.0,68000.0,4,6,0.24723946232688693,0.752760537673113,0.0,1,2,0.0008532026216190938,9.788454458522118e-05,0,1877,0.4411764705882353,2,False
100000004160650100,distributor,0.5833,25,0.8440336081427612,"Признаки распределения: 10 получателей; исходящий поток 1,5 млн KZT.",2,False,2,10,75100.0,1489827.0,4,40,19.83790945406125,-18.83790945406125,1414727.0,0,1,0.0003692276667102103,5.34996498745136e-06,6,17,0.8165223210480143,1,False
100000004167082100,boundary,0.5,13,0.2534289739027284,"Граница выгрузки: колено 4; исходящие здесь не собирались, вывод об удержании невозможен.",4,False,1,0,13300.0,0.0,1,0,0.0,1.0,0.0,0,0,0.00038491480925942914,0.0,0,1877,,1,True
100000004174835100,peripheral,0.5,77,0.03172597864768684,Явное правило роли не сработало: 0 плательщиков и 0 получателей; входящий поток 0 KZT. Входящие извне выборки не наблюдаются.,0,True,0,0,0.0,0.0,0,0,,0.0,0.0,0,0,0.0002855692942172909,0.0,19,1,,0,False
100000004177936100,boundary,0.5,6,0.23661402728351127,"Граница выгрузки: колено 4; исходящие здесь не собирались, вывод об удержании невозможен.",4,False,1,0,10000.0,0.0,1,0,0.0,1.0,0.0,0,0,0.00033700711990315843,0.0,0,1877,,1,True
100000004180097100,peripheral,0.5,0,0.3,"Явное правило роли не сработало: 3 плательщиков и 3 получателей; входящий поток 104,9 тыс. KZT.",1,False,3,3,104854.0,47800.0,5,7,0.4558719743643542,0.5441280256356458,0.0,1,1,0.0008565318930578582,0.0003136664657457594,0,1877,0.8577405857740585,1,False
100000004183610100,peripheral,0.5,13,0.3,Явное правило роли не сработало: 1 плательщиков и 1 получателей; входящий поток 22 тыс. KZT.,3,False,1,1,22000.0,915000.0,1,3,41.59090909090909,-40.59090909090909,893000.0,0,0,0.0003407627226653414,1.9616538287321655e-05,0,1877,0.01639344262295082,1,False
100000004184158100,terminal,0.7,0,0.3473346678529063,"Признаки удержания: осталось 100% входящего потока (203,8 тыс. KZT от 1 плательщиков); колено 3.",3,False,1,0,203805.0,0.0,1,0,0.0,1.0,0.0,0,0,0.0003036431808354202,0.0,0,1877,,1,False
100000004185681100,terminal,0.7,3,0.2592118920521946,Признаки удержания: осталось 100% входящего потока (10 тыс. KZT от 1 плательщиков); колено 3.,3,False,1,0,10000.0,0.0,1,0,0.0,1.0,0.0,0,0,0.0005352962052822023,0.0,0,1877,,1,False
100000004186824100,terminal,0.8861,4,0.5775318801897984,"Признаки удержания: осталось 98% входящего потока (451,7 тыс. KZT от 2 плательщиков); колено 1.",1,False,2,1,451700.0,7000.0,7,1,0.015497011290679655,0.9845029887093203,0.0,1,1,0.0003819271547747407,2.1796153652579613e-06,0,1877,0.0,1,False
100000004188160100,peripheral,0.5,4,0.3,"Явное правило роли не сработало: 2 плательщиков и 5 получателей; входящий поток 87,9 тыс. KZT.",1,False,2,5,87862.0,133846.0,5,6,1.5233661878855478,-0.5233661878855478,45984.0,1,2,0.0002968274021349181,0.0024601048266471638,0,1877,0.38653377762503177,1,False
100000004192107100,terminal,0.9,3,0.28347049228944243,Признаки удержания: осталось 100% входящего потока (25 тыс. KZT от 1 плательщиков); колено 2.,2,False,1,0,25000.0,0.0,1,0,0.0,1.0,0.0,0,1,0.0002993001243079831,0.0,0,1877,,1,False
100000004192865100,terminal,0.9,29,0.37893312574139976,"Признаки удержания: осталось 100% входящего потока (66,7 тыс. KZT от 1 плательщиков); колено 2.",2,False,1,0,66666.0,0.0,1,0,0.0,1.0,0.0,0,1,0.0005558092873800479,0.0,5,13,,1,False
100000004193835100,terminal,0.8043,4,0.3740599051008304,Признаки удержания: осталось 89% входящего потока (47 тыс. KZT от 1 плательщиков); колено 0. Входящие извне выборки не наблюдаются.,0,True,1,1,47000.0,5000.0,1,1,0.10638297872340426,0.8936170212765957,0.0,0,1,0.0004699301396955852,6.6775488917448465e-06,0,1877,1.0,1,False
100000004200745100,boundary,0.5,12,0.3,"Граница выгрузки: колено 4; исходящие здесь не собирались, вывод об удержании невозможен.",4,False,1,0,130000.0,0.0,4,0,0.0,1.0,0.0,0,0,0.0006010148962169087,0.0,0,1877,,1,True
100000004206046100,terminal,0.9,4,0.21883526097271647,"Признаки удержания: осталось 100% входящего потока (11,1 тыс. KZT от 1 плательщиков); колено 1.",1,False,1,0,11075.0,0.0,1,0,0.0,1.0,0.0,1,1,0.00028676005666009854,0.0,0,1877,,1,False
100000004209339100,peripheral,0.5,33,0.3,"Явное правило роли не сработало: 1 плательщиков и 2 получателей; входящий поток 138,5 тыс. KZT.",2,False,1,2,138500.0,238500.0,6,11,1.7220216606498195,-0.7220216606498195,100000.0,0,1,0.0008195334277812209,2.1003566247031264e-05,0,1877,0.2830188679245283,1,False
100000004213658100,terminal,0.9,1,0.26821248517200474,"Признаки удержания: осталось 100% входящего потока (25,3 тыс. KZT от 1 плательщиков); колено 1.",1,False,1,0,25347.0,0.0,1,0,0.0,1.0,0.0,1,1,0.00029088933261569206,0.0,3,270,,1,False
100000004217419100,terminal,0.6544,6,0.5909586298932384,"Признаки удержания: осталось 93% входящего потока (118,2 тыс. KZT от 2 плательщиков); колено 3.",3,False,2,1,118200.0,7700.0,3,1,0.06514382402707276,0.9348561759729273,0.0,0,0,0.0005841829530235464,1.9418391435934565e-05,0,1877,1.0,1,False
100000004218576100,terminal,0.9,1,0.26974718268090153,"Признаки удержания: осталось 100% входящего потока (26,1 тыс. KZT от 1 плательщиков); колено 1.",1,False,1,0,26144.0,0.0,1,0,0.0,1.0,0.0,1,1,0.0002910566135800478,0.0,3,270,,1,False
100000004221668100,consolidator,0.6333,8,0.7318586305776325,"Признаки сбора: 4 плательщиков, из них seed: 0; входящий поток 1,1 млн KZT.",2,False,4,3,1128300.0,731440.0,8,10,0.6482673047948241,0.3517326952051759,0.0,0,1,0.0030901749053247364,4.5573775819030105e-06,0,1877,0.9841408727988625,1,False
100000004222274100,boundary,0.5,0,0.27469231909845787,"Граница выгрузки: колено 4; исходящие здесь не собирались, вывод об удержании невозможен.",4,False,1,0,15500.0,0.0,1,0,0.0,1.0,0.0,0,0,0.0005454170226679215,0.0,0,1877,,1,True
100000004225615100,terminal,0.9,2,0.3332480723606168,Признаки удержания: осталось 100% входящего потока (90 тыс. KZT от 1 плательщиков); колено 2.,2,False,1,0,90000.0,0.0,2,0,0.0,1.0,0.0,0,1,0.0002940382625762384,0.0,0,1877,,1,False
100000004226848100,terminal,0.9,3,0.4464746441281139,"Признаки удержания: осталось 100% входящего потока (301,9 тыс. KZT от 1 плательщиков); колено 1.",1,False,1,0,301866.0,0.0,1,0,0.0,1.0,0.0,1,2,0.0003460138655313352,0.0,0,1877,,1,False
100000004232712100,boundary,0.5,5,0.26299303084223014,"Граница выгрузки: колено 4; исходящие здесь не собирались, вывод об удержании невозможен.",4,False,1,0,12500.0,0.0,1,0,0.0,1.0,0.0,0,0,0.0005292762077277109,0.0,0,1877,,1,True
100000004235471100,boundary,0.5,5,0.3,"Граница выгрузки: колено 4; исходящие здесь не собирались, вывод об удержании невозможен.",4,False,1,0,180000.0,0.0,1,0,0.0,1.0,0.0,0,0,0.00034861353029746133,0.0,0,1877,,1,True
100000004241142100,boundary,0.5,0,0.29866918742586,"Граница выгрузки: колено 4; исходящие здесь не собирались, вывод об удержании невозможен.",4,False,1,0,27102.0,0.0,1,0,0.0,1.0,0.0,0,0,0.0005301329725055738,0.0,0,1877,,1,True
100000004254434100,terminal,0.9,1,0.3025096381969158,"Признаки удержания: осталось 100% входящего потока (44,4 тыс. KZT от 1 плательщиков); колено 1.",1,False,1,0,44445.0,0.0,2,0,0.0,1.0,0.0,1,1,0.00029489777911163493,0.0,3,270,,1,False
100000004257714100,terminal,0.7,1,0.27789516607354686,"Признаки удержания: осталось 100% входящего потока (52,2 тыс. KZT от 1 плательщиков); колено 3.",3,False,1,0,52220.0,0.0,1,0,0.0,1.0,0.0,0,0,0.0002937196758462196,0.0,3,270,,1,False
100000004260869100,boundary,0.5,4,0.2705997924080664,"Граница выгрузки: колено 4; исходящие здесь не собирались, вывод об удержании невозможен.",4,False,1,0,10000.0,0.0,1,0,0.0,1.0,0.0,0,0,0.0008422084803364151,0.0,0,1877,,1,True
100000004261340100,boundary,0.5,0,0.3,"Граница выгрузки: колено 4; исходящие здесь не собирались, вывод об удержании невозможен.",4,False,1,0,48500.0,0.0,4,0,0.0,1.0,0.0,0,0,0.0003473850492015366,0.0,0,1877,,1,True
100000004263867100,boundary,0.5,18,0.19152950771055754,"Граница выгрузки: колено 4; исходящие здесь не собирались, вывод об удержании невозможен.",4,False,1,0,9000.0,0.0,1,0,0.0,1.0,0.0,0,0,0.00029038564076541934,0.0,0,1877,,1,True
100000004265639100,boundary,0.5,6,0.2623257710557533,"Граница выгрузки: колено 4; исходящие здесь не собирались, вывод об удержании невозможен.",4,False,1,0,10000.0,0.0,1,0,0.0,1.0,0.0,0,0,0.0005523205956514877,0.0,0,1877,,1,True
100000004268036100,boundary,0.5,18,0.17785068208778174,"Граница выгрузки: колено 4; исходящие здесь не собирались, вывод об удержании невозможен.",4,False,1,0,5500.0,0.0,1,0,0.0,1.0,0.0,0,0,0.00028851261710781384,0.0,0,1877,,1,True
100000004269433100,peripheral,0.5,15,0.3,Явное правило роли не сработало: 0 плательщиков и 1 получателей; входящий поток 0 KZT. Входящие извне выборки не наблюдаются.,0,True,0,1,0.0,1372000.0,0,67,,0.0,1372000.0,0,0,0.0002855692942172909,0.0,0,1877,0.0,0,False
100000004272302100,boundary,0.5,47,0.18430086002372478,"Граница выгрузки: колено 4; исходящие здесь не собирались, вывод об удержании невозможен.",4,False,1,0,10000.0,0.0,1,0,0.0,1.0,0.0,0,0,0.00028773614997434693,0.0,0,1877,,1,True
100000004278574100,peripheral,0.5,5,0.28023057532621587,Явное правило роли не сработало: 1 плательщиков и 1 получателей; входящий поток 25 тыс. KZT.,3,False,1,1,25000.0,12500.0,1,1,0.5,0.5,0.0,0,0,0.000286379523569143,1.922024458454748e-05,0,1877,0.0,1,False
100000004285800100,peripheral,0.5,0,0.2984046559905101,Явное правило роли не сработало: 1 плательщиков и 1 получателей; входящий поток 5 тыс. KZT.,2,False,1,1,5000.0,15000.0,1,1,3.0,-2.0,10000.0,0,1,0.0003442181347833002,0.0,0,1877,0.0,1,False
100000004286573100,terminal,0.9,12,0.23742956702253853,"Признаки удержания: осталось 100% входящего потока (16,6 тыс. KZT от 1 плательщиков); колено 1.",1,False,1,0,16590.0,0.0,1,0,0.0,1.0,0.0,1,1,0.0002883224885597272,0.0,0,1877,,1,False
100000004291560100,terminal,0.7,0,0.25218342230130486,"Признаки удержания: осталось 100% входящего потока (47,2 тыс. KZT от 1 плательщиков); колено 3.",3,False,1,0,47190.0,0.0,1,0,0.0,1.0,0.0,0,0,0.00028822703346252307,0.0,0,1877,,1,False
100000004291663100,boundary,0.5,0,0.2615695432977462,"Граница выгрузки: колено 4; исходящие здесь не собирались, вывод об удержании невозможен.",4,False,1,0,25000.0,0.0,1,0,0.0,1.0,0.0,0,0,0.00031117073486638236,0.0,0,1877,,1,True
100000004292885100,terminal,0.7,1,0.32424747924080666,"Признаки удержания: осталось 100% входящего потока (112,7 тыс. KZT от 1 плательщиков); колено 3.",3,False,1,0,112700.0,0.0,1,0,0.0,1.0,0.0,0,0,0.00030315925993119875,0.0,3,270,,1,False
100000004299488100,consolidator,0.7,0,0.7478017497034402,"Признаки сбора: 6 плательщиков, из них seed: 1; входящий поток 1,7 млн KZT.",1,False,6,2,1749000.0,344999.0,22,14,0.19725500285877645,0.8027449971412235,0.0,1,1,0.001462118593441249,2.0805419395644178e-05,0,1877,0.9420288174748332,3,False
100000004315838100,peripheral,0.5,3,0.3,Явное правило роли не сработало: 2 плательщиков и 1 получателей; входящий поток 50 тыс. KZT.,1,False,2,1,50000.0,18000.0,2,1,0.36,0.64,0.0,1,2,0.0002913854344131966,2.377762216645049e-05,0,1877,0.0,1,False
100000004318918100,terminal,0.9,11,0.3644906583629893,"Признаки удержания: осталось 100% входящего потока (75,6 тыс. KZT от 1 плательщиков); колено 1.",1,False,1,0,75600.0,0.0,1,0,0.0,1.0,0.0,1,2,0.0002970355594933984,0.0,0,1877,,1,False
100000004321983100,peripheral,0.5,8,0.3,"Явное правило роли не сработало: 1 плательщиков и 2 получателей; входящий поток 10,8 тыс. KZT.",3,False,1,2,10840.0,36200.0,1,3,3.339483394833948,-2.339483394833948,25360.0,0,0,0.0003237813951694772,1.387027959709612e-06,0,1877,0.0,1,False
100000004325327100,transit,1.0,0,0.5762937425860023,"Признаки транзита: получено 70,8 тыс., отправлено 70 тыс. KZT; передано дальше 99% входящего потока. 100% исходящих сумм попали в окно 2 дней после входящего.",1,False,2,1,70817.0,70000.0,3,1,0.988463222107686,0.011536777892313999,0.0,1,1,0.00029579231968135573,3.844048916909496e-05,0,1877,1.0,1,False
100000004326224100,boundary,0.5,5,0.3,"Граница выгрузки: колено 4; исходящие здесь не собирались, вывод об удержании невозможен.",4,False,1,0,60000.0,0.0,1,0,0.0,1.0,0.0,0,0,0.000534877909107831,0.0,0,1877,,1,True
100000004330371100,peripheral,0.5,4,0.3,"Явное правило роли не сработало: 2 плательщиков и 2 получателей; входящий поток 264,2 тыс. KZT.",1,False,2,2,264171.0,90681.0,12,6,0.3432662934235779,0.656733706576422,0.0,1,1,0.00125427193015661,0.00033467003199279065,0,1877,0.6495296699418842,2,False
100000004331458100,terminal,0.9,49,0.5462151542111506,Признаки удержания: осталось 100% входящего потока (250 тыс. KZT от 2 плательщиков); колено 2.,2,False,2,0,250000.0,0.0,2,0,0.0,1.0,0.0,0,1,0.0013234381164598692,0.0,18,6,,1,False
100000004336228100,terminal,0.7,6,0.2817207888493476,"Признаки удержания: осталось 100% входящего потока (51,4 тыс. KZT от 1 плательщиков); колено 3.",3,False,1,0,51407.0,0.0,2,0,0.0,1.0,0.0,0,0,0.0002960285109303709,0.0,0,1877,,1,False
100000004336312100,transit,0.5088,34,0.6644832443653618,"Признаки транзита: получено 90,4 тыс., отправлено 72,7 тыс. KZT; передано дальше 80% входящего потока. 52% исходящих сумм попали в окно 2 дней после входящего.",2,False,3,2,90415.0,72650.0,7,3,0.8035171155228668,0.19648288447713325,0.0,0,1,0.0006960070275624514,3.37840381614984e-05,0,1877,0.5182381280110117,3,False
100000004340038100,peripheral,0.5,13,0.3,Явное правило роли не сработало: 1 плательщиков и 1 получателей; входящий поток 10 тыс. KZT.,3,False,1,1,9978.0,49000.0,1,1,4.910803768290238,-3.910803768290238,39022.0,0,0,0.0002892629212543268,1.922024458454748e-05,0,1877,0.0,1,False
100000004350094100,boundary,0.5,17,0.2968008600237248,"Граница выгрузки: колено 4; исходящие здесь не собирались, вывод об удержании невозможен.",4,False,1,0,20000.0,0.0,1,0,0.0,1.0,0.0,0,0,0.0008939457051040856,0.0,0,1877,,1,True
100000004351795100,distributor,0.6167,0,0.808473133220893,"Признаки распределения: 14 получателей; исходящий поток 1,7 млн KZT.",1,False,3,14,118333.0,1715161.0,3,37,14.494359139039828,-13.494359139039828,1596828.0,1,1,0.0003135156057452154,0.002428521604147366,0,1877,0.37906703802150354,1,False
100000004356593100,terminal,0.72,3,0.3608281435349941,Признаки удержания: осталось 80% входящего потока (50 тыс. KZT от 1 плательщиков); колено 2.,2,False,1,1,50000.0,10000.0,1,1,0.2,0.8,0.0,0,1,0.00029345166926508727,1.922024458454748e-05,0,1877,0.0,1,False
100000004358004100,distributor,0.5917,3,0.49074470462633446,"Признаки распределения: 11 получателей; исходящий поток 980,9 тыс. KZT. Входящие извне выборки не наблюдаются.",0,True,0,11,0.0,980850.0,0,17,,0.0,980850.0,0,0,0.0002855692942172909,0.0,0,1877,0.0,0,False
100000004360785100,terminal,0.9,4,0.33911995848161325,"Признаки удержания: осталось 100% входящего потока (94,7 тыс. KZT от 1 плательщиков); колено 1.",1,False,1,0,94705.0,0.0,1,0,0.0,1.0,0.0,1,1,0.00029575179147653256,0.0,0,1877,,1,False
100000004368189100,terminal,0.6487,9,0.5594125432220287,"Признаки удержания: осталось 93% входящего потока (384,6 тыс. KZT от 1 плательщиков); колено 3.",3,False,1,2,384600.0,28200.0,1,2,0.07332293291731669,0.9266770670826833,0.0,0,0,0.0003038885030129052,2.774055919419224e-06,0,1877,0.7695035460992907,1,False
100000004377043100,boundary,0.5,28,0.23314427639383153,"Граница выгрузки: колено 4; исходящие здесь не собирались, вывод об удержании невозможен.",4,False,1,0,5700.0,0.0,1,0,0.0,1.0,0.0,0,0,0.0003635495256865643,0.0,0,1877,,1,True
100000004379306100,boundary,0.5,6,0.27002150059311986,"Граница выгрузки: колено 4; исходящие здесь не собирались, вывод об удержании невозможен.",4,False,1,0,15000.0,0.0,1,0,0.0,1.0,0.0,0,0,0.0005320511103436068,0.0,0,1877,,1,True
100000004386258100,peripheral,0.5,12,0.3,"Явное правило роли не сработало: 3 плательщиков и 3 получателей; входящий поток 61,7 тыс. KZT.",2,False,3,3,61700.0,40000.0,3,3,0.6482982171799028,0.35170178282009723,0.0,0,2,0.0005336690126056149,0.00012047328564334914,0,1877,0.75,2,False
100000004386286100,boundary,0.5,12,0.2717118920521946,"Граница выгрузки: колено 4; исходящие здесь не собирались, вывод об удержании невозможен.",4,False,1,0,12500.0,0.0,1,0,0.0,1.0,0.0,0,0,0.0005972866869113222,0.0,0,1877,,1,True
100000004386331100,transit,0.6875,12,0.4639049525504152,"Признаки транзита: получено 20 тыс., отправлено 17,5 тыс. KZT; передано дальше 88% входящего потока. 0% исходящих сумм попали в окно 2 дней после входящего.",3,False,1,2,20000.0,17500.0,1,2,0.875,0.125,0.0,0,0,0.0005126940455197122,2.0210978841482916e-05,0,1877,0.0,1,False
100000004388209100,terminal,0.9,1,0.2232836595492289,"Признаки удержания: осталось 100% входящего потока (11,8 тыс. KZT от 1 плательщиков); колено 1.",1,False,1,0,11800.0,0.0,1,0,0.0,1.0,0.0,1,1,0.000288045975998217,0.0,3,270,,1,False
100000004388353100,terminal,0.9,11,0.48991325622775794,Признаки удержания: осталось 100% входящего потока (63 тыс. KZT от 2 плательщиков); колено 1.,1,False,2,0,62960.0,0.0,2,0,0.0,1.0,0.0,1,2,0.00034075907407916386,0.0,0,1877,,1,False
100000004388983100,peripheral,0.5,65,0.3,Явное правило роли не сработало: 0 плательщиков и 2 получателей; входящий поток 0 KZT. Входящие извне выборки не наблюдаются.,0,True,0,2,0.0,450816.0,0,23,,0.0,450816.0,0,0,0.0002855692942172909,0.0,20,3,0.0,0,False
100000004390333100,peripheral,0.5,0,0.3,"Явное правило роли не сработало: 2 плательщиков и 9 получателей; входящий поток 64,6 тыс. KZT.",1,False,2,9,64558.0,506500.0,2,14,7.845658167849066,-6.845658167849066,441942.0,1,1,0.00029521378985057596,0.00015841501981922766,0,1877,0.21717670286278382,1,False
100000004394765100,terminal,0.777,4,0.690639827995255,"Признаки удержания: осталось 86% входящего потока (603,8 тыс. KZT от 3 плательщиков); колено 1.",1,False,3,2,603844.0,82500.0,10,2,0.13662469114539516,0.8633753088546048,0.0,1,2,0.0003802754591116205,6.516389452616682e-05,0,1877,0.4303030303030303,2,False
100000004398811100,peripheral,0.5,3,0.3,Явное правило роли не сработало: 1 плательщиков и 3 получателей; входящий поток 426 тыс. KZT.,2,False,1,3,426000.0,1040672.0,1,4,2.4428920187793426,-1.4428920187793426,614672.0,0,1,0.00034969174183991655,1.4861013854031556e-06,0,1877,0.39493711755481076,1,False
100000004399686100,terminal,0.7,24,0.4299859134045077,Признаки удержания: осталось 100% входящего потока (806 тыс. KZT от 1 плательщиков); колено 3.,3,False,1,0,806000.0,0.0,2,0,0.0,1.0,0.0,0,0,0.0005708068229548233,0.0,0,1877,,1,False
100000004400305100,coordinator,1.0,0,0.9122095505334826,"Признаки координации: 7 плательщиков → 82 получателей; оборот 6,1 млн KZT; достижимы seed-клиенты: 2 в пределах 2 шагов.",2,False,7,82,222800.0,5830181.0,9,101,26.167778276481148,-25.167778276481148,5607381.0,0,2,0.00038581745349325076,0.002609149922720262,0,1877,0.7857224329742079,2,False
100000004400361100,terminal,0.9,4,0.24927713523131673,Признаки удержания: осталось 100% входящего потока (10 тыс. KZT от 1 плательщиков); колено 2.,2,False,1,0,10000.0,0.0,1,0,0.0,1.0,0.0,0,2,0.0002872256288669924,0.0,0,1877,,1,False
100000004400480100,boundary,0.5,9,0.28318876037959667,"Граница выгрузки: колено 4; исходящие здесь не собирались, вывод об удержании невозможен.",4,False,1,0,21700.0,0.0,1,0,0.0,1.0,0.0,0,0,0.0004845728560785352,0.0,0,1877,,1,True
100000004403548100,boundary,0.5,6,0.2308755931198102,"Граница выгрузки: колено 4; исходящие здесь не собирались, вывод об удержании невозможен.",4,False,1,0,5000.0,0.0,1,0,0.0,1.0,0.0,0,0,0.00036786566472081733,0.0,0,1877,,1,True
100000004403641100,boundary,0.5,9,0.3,"Граница выгрузки: колено 4; исходящие здесь не собирались, вывод об удержании невозможен.",4,False,1,0,171500.0,0.0,1,0,0.0,1.0,0.0,0,0,0.0003005494163305608,0.0,0,1877,,1,True
100000004403675100,peripheral,0.5,19,0.3,Явное правило роли не сработало: 4 плательщиков и 5 получателей; входящий поток 183 тыс. KZT.,1,False,4,5,182980.0,264699.0,8,6,1.4466007213903158,-0.4466007213903158,81719.0,2,2,0.0007400733271266655,0.0027876735137262014,0,1877,0.5402362683651997,1,False
100000004407753100,peripheral,0.5,28,0.3,Явное правило роли не сработало: 1 плательщиков и 1 получателей; входящий поток 250 тыс. KZT.,3,False,1,1,250000.0,100000.0,4,1,0.4,0.6,0.0,0,0,0.0008785641580238728,0.0,0,1877,1.0,1,False
100000004408683100,terminal,0.9,4,0.4887418446026097,"Признаки удержания: осталось 100% входящего потока (112,9 тыс. KZT от 2 плательщиков); колено 1.",1,False,2,0,112919.68,0.0,3,0,0.0,1.0,0.0,1,1,0.00038531432958819066,0.0,0,1877,,1,False
100000004410489100,terminal,0.9,3,0.3364509193357058,Признаки удержания: осталось 100% входящего потока (54 тыс. KZT от 1 плательщиков); колено 2.,2,False,1,0,54000.0,0.0,1,0,0.0,1.0,0.0,0,1,0.0003142199106141309,0.0,0,1877,,1,False
100000004417753100,terminal,0.7,3,0.509204478054567,"Признаки удержания: осталось 100% входящего потока (192,1 тыс. KZT от 2 плательщиков); колено 3.",3,False,2,0,192099.0,0.0,2,0,0.0,1.0,0.0,0,0,0.0003931467756499767,0.0,0,1877,,2,False
100000004418967100,boundary,0.5,2,0.3,"Граница выгрузки: колено 4; исходящие здесь не собирались, вывод об удержании невозможен.",4,False,1,0,100000.0,0.0,1,0,0.0,1.0,0.0,0,0,0.00045347480895255716,0.0,0,1877,,1,True
100000004420041100,peripheral,0.5,12,0.3,"Явное правило роли не сработало: 1 плательщиков и 7 получателей; входящий поток 69,6 тыс. KZT.",3,False,1,7,69638.0,651830.0,1,11,9.360263074758034,-8.360263074758034,582192.0,0,0,0.00029973777192393526,0.00015424862618236015,0,1877,0.0,1,False
100000004424023100,peripheral,0.5,9,0.3,Явное правило роли не сработало: 1 плательщиков и 1 получателей; входящий поток 50 тыс. KZT.,2,False,1,1,50000.0,100000.0,1,1,2.0,-1.0,50000.0,0,1,0.0009717143911529614,2.0409125692870002e-05,0,1877,0.0,1,False
100000004433250100,boundary,0.5,0,0.21668520166073546,"Граница выгрузки: колено 4; исходящие здесь не собирались, вывод об удержании невозможен.",4,False,1,0,8000.0,0.0,1,0,0.0,1.0,0.0,0,0,0.0003065701457455701,0.0,0,1877,,1,True
100000004435304100,terminal,0.9,1,0.27951141755634634,"Признаки удержания: осталось 100% входящего потока (26,2 тыс. KZT от 1 плательщиков); колено 2.",2,False,1,0,26200.0,0.0,1,0,0.0,1.0,0.0,0,1,0.0002944677917550073,0.0,3,270,,1,False
100000004441291100,terminal,0.9,3,0.3202587485172005,Признаки удержания: осталось 100% входящего потока (20 тыс. KZT от 1 плательщиков); колено 2.,2,False,1,0,20000.0,0.0,1,0,0.0,1.0,0.0,0,1,0.000548843069567571,0.0,0,1877,,1,False
100000004445291100,terminal,0.7,26,0.2536958778173191,"Признаки удержания: осталось 100% входящего потока (19,5 тыс. KZT от 1 плательщиков); колено 3.",3,False,1,0,19500.0,0.0,2,0,0.0,1.0,0.0,0,0,0.0003192394235172127,0.0,0,1877,,1,False
100000004449824100,boundary,0.5,18,0.19152950771055754,"Граница выгрузки: колено 4; исходящие здесь не собирались, вывод об удержании невозможен.",4,False,1,0,9000.0,0.0,1,0,0.0,1.0,0.0,0,0,0.00029038564076541934,0.0,0,1877,,1,True
100000004450649100,peripheral,0.5,5,0.3,"Явное правило роли не сработало: 2 плательщиков и 2 получателей; входящий поток 192,5 тыс. KZT.",3,False,2,2,192528.0,46527.0,2,2,0.24166355023684866,0.7583364497631513,0.0,0,0,0.0002989552239324566,0.00013874903023628483,0,1877,0.11234337051604444,1,False
100000004451012100,peripheral,0.5,17,0.3,"Явное правило роли не сработало: 1 плательщиков и 3 получателей; входящий поток 91,2 тыс. KZT.",3,False,1,3,91245.0,65740.0,1,3,0.7204778344018851,0.27952216559811494,0.0,0,0,0.0003011735881125156,5.7660733753642434e-05,0,1877,0.0,1,False
100000004456564100,terminal,0.9,14,0.2799784994068802,Признаки удержания: осталось 100% входящего потока (10 тыс. KZT от 1 плательщиков); колено 2.,2,False,1,0,10000.0,0.0,2,0,0.0,1.0,0.0,0,1,0.00039238727982301855,0.0,0,1877,,1,False
100000004463277100,terminal,0.9,29,0.3544224495848161,Признаки удержания: осталось 100% входящего потока (35 тыс. KZT от 1 плательщиков); колено 2.,2,False,1,0,35000.0,0.0,1,0,0.0,1.0,0.0,0,1,0.000691924518979246,0.0,5,13,,1,False
100000004467157100,peripheral,0.5,34,0.3,Явное правило роли не сработало: 1 плательщиков и 1 получателей; входящий поток 20 тыс. KZT.,2,False,1,1,20000.0,7000.0,3,1,0.35,0.65,0.0,0,1,0.0003865607584834249,0.0,0,1877,0.0,1,False
100000004472936100,boundary,0.5,13,0.2453773724792408,"Граница выгрузки: колено 4; исходящие здесь не собирались, вывод об удержании невозможен.",4,False,1,0,5000.0,0.0,1,0,0.0,1.0,0.0,0,0,0.0005318955309395101,0.0,0,1877,,1,True
100000004475818100,peripheral,0.5,5,0.3,Явное правило роли не сработало: 1 плательщиков и 3 получателей; входящий поток 13 тыс. KZT.,3,False,1,3,13000.0,53989.0,1,3,4.153,-3.1529999999999996,40989.0,0,0,0.0003098079503095039,6.940183893991107e-05,0,1877,1.0,1,False
100000004479404100,peripheral,0.5,45,0.3,"Явное правило роли не сработало: 2 плательщиков и 1 получателей; входящий поток 1,5 млн KZT.",2,False,2,1,1492000.0,300000.0,8,2,0.20107238605898123,0.7989276139410187,0.0,0,1,0.000866709630650994,9.610122292273739e-05,0,1877,0.0,1,False
100000004480280100,peripheral,0.5,3,0.3,"Явное правило роли не сработало: 1 плательщиков и 2 получателей; входящий поток 146,7 тыс. KZT.",1,False,1,2,146694.0,295850.0,1,7,2.0167832358515003,-1.0167832358515003,149156.0,1,2,0.0003149427776315953,3.571762118628406e-05,0,1877,0.23998647963495015,1,False
100000004486525100,consolidator,0.7667,0,0.7237359134045077,"Признаки сбора: 8 плательщиков, из них seed: 0; входящий поток 360,9 тыс. KZT.",2,False,8,2,360924.0,271045.0,21,3,0.7509752745730403,0.24902472542695975,0.0,0,1,0.0008057988481996705,4.755524433290098e-06,0,1877,1.0,5,False
100000004488265100,terminal,0.7,6,0.2607243475682088,"Признаки удержания: осталось 100% входящего потока (38,7 тыс. KZT от 1 плательщиков); колено 3.",3,False,1,0,38740.0,0.0,1,0,0.0,1.0,0.0,0,0,0.0002934512958019918,0.0,0,1877,,1,False
100000004491749100,terminal,0.7,8,0.3097901838671412,Признаки удержания: осталось 100% входящего потока (50 тыс. KZT от 1 плательщиков); колено 3.,3,False,1,0,50000.0,0.0,1,0,0.0,1.0,0.0,0,0,0.00035079485925835666,0.0,0,1877,,1,False
100000004491881100,terminal,0.9,1,0.2419891755634638,"Признаки удержания: осталось 100% входящего потока (17,1 тыс. KZT от 1 плательщиков); колено 1.",1,False,1,0,17144.0,0.0,1,0,0.0,1.0,0.0,1,1,0.0002891676190013754,0.0,3,270,,1,False
100000004493586100,terminal,0.7,0,0.18229908066429418,"Признаки удержания: осталось 100% входящего потока (7,5 тыс. KZT от 1 плательщиков); колено 3.",3,False,1,0,7500.0,0.0,1,0,0.0,1.0,0.0,0,0,0.00028863973665071367,0.0,0,1877,,1,False
100000004494983100,terminal,0.9,1,0.28885305456702254,Признаки удержания: осталось 100% входящего потока (35 тыс. KZT от 1 плательщиков); колено 1.,1,False,1,0,35000.0,0.0,1,0,0.0,1.0,0.0,1,1,0.0002929153842454615,0.0,3,270,,1,False
100000004497606100,terminal,0.9,1,0.23665109727164885,"Признаки удержания: осталось 100% входящего потока (15,5 тыс. KZT от 1 плательщиков); колено 1.",1,False,1,0,15534.0,0.0,1,0,0.0,1.0,0.0,1,1,0.0002888296988600795,0.0,3,270,,1,False
100000004500444100,peripheral,0.5,14,0.3,Явное правило роли не сработало: 2 плательщиков и 1 получателей; входящий поток 180 тыс. KZT.,3,False,2,1,180000.0,74000.0,7,5,0.4111111111111111,0.5888888888888889,0.0,0,0,0.0004643947559108734,1.9418391435934565e-05,0,1877,1.0,1,False
100000004500781100,boundary,0.5,14,0.3,"Граница выгрузки: колено 4; исходящие здесь не собирались, вывод об удержании невозможен.",4,False,1,0,74000.0,0.0,5,0,0.0,1.0,0.0,0,0,0.0006807503625850069,0.0,0,1877,,1,True
100000004502048100,boundary,0.5,17,0.2460891162514828,"Граница выгрузки: колено 4; исходящие здесь не собирались, вывод об удержании невозможен.",4,False,1,0,13888.0,0.0,1,0,0.0,1.0,0.0,0,0,0.00033971462250251223,0.0,0,1877,,1,True
100000004508696100,peripheral,0.5,38,0.3,Явное правило роли не сработало: 1 плательщиков и 3 получателей; входящий поток 7 тыс. KZT.,3,False,1,3,7000.0,111000.0,1,4,15.857142857142858,-14.857142857142858,104000.0,0,0,0.00042253166627963246,3.923307657464331e-05,0,1877,0.954954954954955,1,False
100000004509286100,terminal,0.9,3,0.32923709964412806,Признаки удержания: осталось 100% входящего потока (40 тыс. KZT от 1 плательщиков); колено 1.,1,False,1,0,40000.0,0.0,1,0,0.0,1.0,0.0,1,2,0.0002935787515677768,0.0,0,1877,,1,False
100000004526651100,boundary,0.5,2,0.24453217674970346,"Граница выгрузки: колено 4; исходящие здесь не собирались, вывод об удержании невозможен.",4,False,1,0,33000.0,0.0,1,0,0.0,1.0,0.0,0,0,0.00028991069887926234,0.0,0,1877,,1,True
100000004527381100,peripheral,0.5,15,0.3,"Явное правило роли не сработало: 1 плательщиков и 1 получателей; входящий поток 119,3 тыс. KZT.",2,False,1,1,119333.17,273866.11,1,1,2.2949705433954364,-1.2949705433954364,154532.94,0,1,0.00037549896425589766,0.00032139419294985577,0,1877,1.0,1,False
100000004539443100,terminal,0.7,3,0.49020981613285886,Признаки удержания: осталось 100% входящего потока (62 тыс. KZT от 2 плательщиков); колено 3.,3,False,2,0,61990.0,0.0,2,0,0.0,1.0,0.0,0,0,0.0009561831780302799,0.0,0,1877,,2,False
100000004544958100,terminal,0.7757,11,0.5839820581257414,Признаки удержания: осталось 86% входящего потока (168 тыс. KZT от 1 плательщиков); колено 2.,2,False,1,2,168000.0,23200.0,3,2,0.1380952380952381,0.861904761904762,0.0,0,1,0.0012146075088910171,2.0805419395644178e-05,0,1877,0.22413793103448276,1,False
100000004549591100,boundary,0.5,38,0.3,"Граница выгрузки: колено 4; исходящие здесь не собирались, вывод об удержании невозможен.",4,False,1,0,49000.0,0.0,1,0,0.0,1.0,0.0,0,0,0.000444321168333405,0.0,0,1877,,1,True
100000004552204100,peripheral,0.5,32,0.3,"Явное правило роли не сработало: 1 плательщиков и 2 получателей; входящий поток 22,5 тыс. KZT.",3,False,1,2,22500.0,10000.0,2,2,0.4444444444444444,0.5555555555555556,0.0,0,0,0.0008646978335399403,2.0210978841482916e-05,0,1877,0.0,1,False
100000004553349100,terminal,0.7,5,0.20956776393831553,"Признаки удержания: осталось 100% входящего потока (7,8 тыс. KZT от 1 плательщиков); колено 3.",3,False,1,0,7755.0,0.0,1,0,0.0,1.0,0.0,0,0,0.0003000285848322995,0.0,0,1877,,1,False
100000004559194100,terminal,0.9,4,0.40006301897983393,"Признаки удержания: осталось 100% входящего потока (282,1 тыс. KZT от 1 плательщиков); колено 1.",1,False,1,0,282145.0,0.0,6,0,0.0,1.0,0.0,1,1,0.0003159049754295684,0.0,0,1877,,1,False
100000004564736100,terminal,0.7,23,0.2565428529062871,Признаки удержания: осталось 100% входящего потока (15 тыс. KZT от 1 плательщиков); колено 3.,3,False,1,0,15000.0,0.0,2,0,0.0,1.0,0.0,0,0,0.00037675536447064306,0.0,0,1877,,1,False
100000004569484100,peripheral,0.5,7,0.3,"Явное правило роли не сработало: 2 плательщиков и 4 получателей; входящий поток 98,3 тыс. KZT.",3,False,2,4,98312.0,156000.0,3,4,1.586784929611848,-0.5867849296118479,57688.0,0,0,0.00031938100409198596,0.002793401699161767,0,1877,0.0,1,False
100000004569637100,boundary,0.5,6,0.25267274614472124,"Граница выгрузки: колено 4; исходящие здесь не собирались, вывод об удержании невозможен.",4,False,1,0,5500.0,0.0,1,0,0.0,1.0,0.0,0,0,0.0005531603067223193,0.0,0,1877,,1,True
100000004571634100,boundary,0.5,11,0.2692652728351127,"Граница выгрузки: колено 4; исходящие здесь не собирались, вывод об удержании невозможен.",4,False,1,0,20000.0,0.0,1,0,0.0,1.0,0.0,0,0,0.0003741773489468036,0.0,0,1877,,1,True
100000004573782100,terminal,0.9,10,0.2696804567022539,Признаки удержания: осталось 100% входящего потока (15 тыс. KZT от 1 плательщиков); колено 2.,2,False,1,0,15000.0,0.0,1,0,0.0,1.0,0.0,0,1,0.0003098970169286297,0.0,0,1877,,1,False
100000004580202100,peripheral,0.5,23,0.3,Явное правило роли не сработало: 1 плательщиков и 3 получателей; входящий поток 9 тыс. KZT.,2,False,1,3,9000.0,45000.0,1,4,5.0,-4.0,36000.0,0,1,0.0003216232832281157,5.9444055416126226e-05,0,1877,0.1111111111111111,1,False
100000004580254100,terminal,0.7,16,0.3728462336892052,"Признаки удержания: осталось 100% входящего потока (27,9 тыс. KZT от 2 плательщиков); колено 3.",3,False,2,0,27940.0,0.0,2,0,0.0,1.0,0.0,0,0,0.0003122789899791896,0.0,0,1877,,1,False
100000004584730100,boundary,0.5,45,0.285457443653618,"Граница выгрузки: колено 4; исходящие здесь не собирались, вывод об удержании невозможен.",4,False,1,0,47000.0,0.0,1,0,0.0,1.0,0.0,0,0,0.00030383982641037343,0.0,0,1877,,1,True
100000004586598100,boundary,0.5,67,0.3,"Граница выгрузки: колено 4; исходящие здесь не собирались, вывод об удержании невозможен.",4,False,1,0,761255.0,0.0,4,0,0.0,1.0,0.0,0,0,0.0005392658410384634,0.0,0,1877,,1,True
100000004587414100,terminal,0.7,5,0.49201883155397386,"Признаки удержания: осталось 100% входящего потока (533,6 тыс. KZT от 2 плательщиков); колено 3.",3,False,2,0,533603.0,0.0,2,0,0.0,1.0,0.0,0,0,0.0003148717706403767,0.0,0,1877,,1,False
100000004588479100,terminal,0.9,4,0.37524095492289444,"Признаки удержания: осталось 100% входящего потока (177,6 тыс. KZT от 1 плательщиков); колено 1.",1,False,1,0,177633.0,0.0,2,0,0.0,1.0,0.0,1,1,0.0003046680486193908,0.0,0,1877,,1,False
100000004591973100,peripheral,0.5,12,0.3,Явное правило роли не сработало: 1 плательщиков и 1 получателей; входящий поток 10 тыс. KZT.,3,False,1,1,10000.0,100000.0,1,1,10.0,-9.0,90000.0,0,0,0.00039913166986850154,2.0409125692870002e-05,0,1877,0.0,1,False
100000004592467100,terminal,0.9,3,0.2076697805456702,Признаки удержания: осталось 100% входящего потока (7 тыс. KZT от 1 плательщиков); колено 2.,2,False,1,0,7000.0,0.0,1,0,0.0,1.0,0.0,0,1,0.0002866229494599162,0.0,0,1877,,1,False
100000004596284100,boundary,0.5,4,0.3,"Граница выгрузки: колено 4; исходящие здесь не собирались, вывод об удержании невозможен.",4,False,1,0,30000.0,0.0,1,0,0.0,1.0,0.0,0,0,0.0005914888430857143,0.0,0,1877,,1,True
100000004601193100,boundary,0.5,11,0.3,"Граница выгрузки: колено 4; исходящие здесь не собирались, вывод об удержании невозможен.",4,False,1,0,84000.0,0.0,3,0,0.0,1.0,0.0,0,0,0.0006034150427286834,0.0,0,1877,,1,True
100000004603109100,consolidator,0.6,24,0.6904470640569395,"Признаки сбора: 3 плательщиков, из них seed: 0; входящий поток 2,7 млн KZT.",3,False,3,2,2730000.0,400000.0,8,2,0.14652014652014653,0.8534798534798534,0.0,0,0,0.0031783652796316918,6.93513979854806e-07,0,1877,1.0,2,False
100000004610802100,boundary,0.5,60,0.3,"Граница выгрузки: колено 4; исходящие здесь не собирались, вывод об удержании невозможен.",4,False,1,0,241000.0,0.0,18,0,0.0,1.0,0.0,0,0,0.0004739522248641124,0.0,0,1877,,1,True
100000004611571100,terminal,0.7,0,0.2120588671411625,"Признаки удержания: осталось 100% входящего потока (22,6 тыс. KZT от 1 плательщиков); колено 3.",3,False,1,0,22550.0,0.0,1,0,0.0,1.0,0.0,0,0,0.00028683930947433656,0.0,0,1877,,1,False
100000004613582100,peripheral,0.5,10,0.3,Явное правило роли не сработало: 1 плательщиков и 1 получателей; входящий поток 5 тыс. KZT.,3,False,1,1,5000.0,9500.0,1,1,1.9,-0.8999999999999999,4500.0,0,0,0.0005534434661680618,3.962937027741748e-07,0,1877,0.0,1,False
100000004616845100,boundary,0.5,57,0.21681865361803082,"Граница выгрузки: колено 4; исходящие здесь не собирались, вывод об удержании невозможен.",4,False,1,0,20200.0,0.0,2,0,0.0,1.0,0.0,0,0,0.000288817668252161,0.0,0,1877,,1,True
100000004622227100,peripheral,0.5,0,0.3,"Явное правило роли не сработало: 1 плательщиков и 3 получателей; входящий поток 24,9 тыс. KZT.",1,False,1,3,24931.0,19000.0,1,3,0.762103405398901,0.23789659460109902,0.0,1,1,0.0002902476567795973,4.784182744080598e-05,0,1877,0.0,1,False
100000004629688100,peripheral,0.5,15,0.27250014827995256,Явное правило роли не сработало: 1 плательщиков и 1 получателей; входящий поток 5 тыс. KZT.,3,False,1,1,5000.0,15000.0,1,2,3.0,-2.0,10000.0,0,0,0.00038797258449924294,0.0,0,1877,0.0,1,False
100000004634420100,terminal,0.7,1,0.23203217674970344,"Признаки удержания: осталось 100% входящего потока (26,1 тыс. KZT от 1 плательщиков); колено 3.",3,False,1,0,26150.0,0.0,1,0,0.0,1.0,0.0,0,0,0.0002896507281429226,0.0,3,270,,1,False
100000004635886100,terminal,0.7,4,0.23278840450771054,Признаки удержания: осталось 100% входящего потока (23 тыс. KZT от 1 плательщиков); колено 3.,3,False,1,0,23000.0,0.0,1,0,0.0,1.0,0.0,0,0,0.00029245851948138683,0.0,0,1877,,1,False
100000004644615100,peripheral,0.5,9,0.3,"Явное правило роли не сработало: 1 плательщиков и 2 получателей; входящий поток 50,8 тыс. KZT.",3,False,1,2,50810.0,379665.0,1,14,7.472249557173785,-6.472249557173785,328855.0,0,0,0.00037436756021008163,1.1888811083225246e-06,0,1877,0.045829876338350915,1,False
100000004652395100,boundary,0.5,0,0.3,"Граница выгрузки: колено 4; исходящие здесь не собирались, вывод об удержании невозможен.",4,False,3,0,101528.0,0.0,5,0,0.0,1.0,0.0,0,0,0.00033570670989277517,0.0,0,1877,,3,True
100000004655046100,boundary,0.5,7,0.29688982799525504,"Граница выгрузки: колено 4; исходящие здесь не собирались, вывод об удержании невозможен.",4,False,1,0,24000.0,0.0,1,0,0.0,1.0,0.0,0,0,0.0005575082914139779,0.0,0,1877,,1,True
100000004657034100,terminal,0.7,5,0.3065873368920522,"Признаки удержания: осталось 100% входящего потока (141,2 тыс. KZT от 1 плательщиков); колено 3.",3,False,1,0,141250.0,0.0,1,0,0.0,1.0,0.0,0,0,0.0002901470900552552,0.0,0,1877,,1,False
100000004659919100,peripheral,0.5,51,0.3,Явное правило роли не сработало: 1 плательщиков и 1 получателей; входящий поток 110 тыс. KZT.,3,False,1,1,110000.0,39000.0,2,1,0.35454545454545455,0.6454545454545455,0.0,0,0,0.0007249529791849307,2.4173915869224665e-05,0,1877,0.0,1,False
100000004662806100,peripheral,0.5,12,0.3,"Явное правило роли не сработало: 2 плательщиков и 2 получателей; входящий поток 106,6 тыс. KZT.",1,False,2,2,106585.0,59900.0,2,3,0.5619927757189098,0.4380072242810902,0.0,1,1,0.00030544976624820286,3.883678287186913e-05,0,1877,1.0,1,False
100000004664515100,terminal,0.9,0,0.29143312574139973,"Признаки удержания: осталось 100% входящего потока (37,7 тыс. KZT от 1 плательщиков); колено 1.",1,False,1,0,37691.0,0.0,1,0,0.0,1.0,0.0,1,1,0.0002926421016993771,0.0,0,1877,,1,False
100000004664905100,terminal,0.9,4,0.5294002075919335,Признаки удержания: осталось 100% входящего потока (329 тыс. KZT от 2 плательщиков); колено 1.,1,False,2,0,329020.0,0.0,4,0,0.0,1.0,0.0,1,1,0.00041184396684263276,0.0,0,1877,,1,False
100000004666651100,terminal,0.9,66,0.43636195136417555,"Признаки удержания: осталось 100% входящего потока (429,2 тыс. KZT от 1 плательщиков); колено 2.",2,False,1,0,429250.0,0.0,1,0,0.0,1.0,0.0,0,1,0.00045753888989794294,0.0,0,1877,,1,False
100000004670388100,peripheral,0.5,50,0.3,"Явное правило роли не сработало: 1 плательщиков и 2 получателей; входящий поток 160,4 тыс. KZT.",3,False,1,2,160354.0,720000.0,1,4,4.490065729573319,-3.4900657295733186,559646.0,0,0,0.0005140172616899978,1.9616538287321655e-05,0,1877,0.5277777777777778,1,False
100000004671609100,terminal,0.7,9,0.31570655397390274,Признаки удержания: осталось 100% входящего потока (100 тыс. KZT от 1 плательщиков); колено 3.,3,False,1,0,100000.0,0.0,1,0,0.0,1.0,0.0,0,0,0.00030024211151879094,0.0,0,1877,,1,False
100000004673335100,boundary,0.5,30,0.3,"Граница выгрузки: колено 4; исходящие здесь не собирались, вывод об удержании невозможен.",4,False,1,0,80000.0,0.0,1,0,0.0,1.0,0.0,0,0,0.0004940906043598346,0.0,0,1877,,1,True
100000004674178100,boundary,0.5,26,0.24382043297746145,"Граница выгрузки: колено 4; исходящие здесь не собирались, вывод об удержании невозможен.",4,False,1,0,20000.0,0.0,1,0,0.0,1.0,0.0,0,0,0.00030274344180862404,0.0,0,1877,,1,True
100000004674389100,boundary,0.5,11,0.25213893831553974,"Граница выгрузки: колено 4; исходящие здесь не собирались, вывод об удержании невозможен.",4,False,1,0,15000.0,0.0,1,0,0.0,1.0,0.0,0,0,0.0003520253352644254,0.0,0,1877,,1,True
100000004674412100,boundary,0.5,11,0.3,"Граница выгрузки: колено 4; исходящие здесь не собирались, вывод об удержании невозможен.",4,False,1,0,46000.0,0.0,1,0,0.0,1.0,0.0,0,0,0.0004893678200951702,0.0,0,1877,,1,True
100000004674799100,terminal,0.9,0,0.41438686239620404,Признаки удержания: осталось 100% входящего потока (140 тыс. KZT от 1 плательщиков); колено 2.,2,False,1,0,140000.0,0.0,5,0,0.0,1.0,0.0,0,1,0.0007906731933061705,0.0,0,1877,,1,False
100000004676985100,transit,0.6003,0,0.30583110913404504,"Признаки транзита: получено 32,3 тыс., отправлено 27,1 тыс. KZT; передано дальше 84% входящего потока. 0% исходящих сумм попали в окно 2 дней после входящего.",3,False,1,1,32260.0,27102.0,1,1,0.8401115933044018,0.15988840669559823,0.0,0,0,0.0002873861763544214,1.922024458454748e-05,0,1877,0.0,1,False
100000004677680100,peripheral,0.5,11,0.3,Явное правило роли не сработало: 2 плательщиков и 1 получателей; входящий поток 63 тыс. KZT.,1,False,2,1,63000.0,168000.0,2,3,2.6666666666666665,-1.6666666666666665,105000.0,1,2,0.0010928341745650807,4.1214545088514184e-05,0,1877,0.9107142857142857,1,False
100000004679953100,terminal,0.8107,6,0.6377335409252669,"Признаки удержания: осталось 90% входящего потока (343,5 тыс. KZT от 3 плательщиков); колено 1.",1,False,3,3,343538.0,34100.0,3,3,0.09926121709970949,0.9007387829002905,0.0,1,1,0.0003342675529915223,0.00035421582992023286,0,1877,0.624633431085044,2,False
100000004687099100,terminal,0.9,10,0.3151875741399763,Признаки удержания: осталось 100% входящего потока (30 тыс. KZT от 1 плательщиков); колено 2.,2,False,1,0,30000.0,0.0,1,0,0.0,1.0,0.0,0,1,0.0003342247396399686,0.0,0,1877,,1,False
100000004687282100,terminal,0.9,4,0.29396871293001187,Признаки удержания: осталось 100% входящего потока (20 тыс. KZT от 1 плательщиков); колено 2.,2,False,1,0,20000.0,0.0,1,0,0.0,1.0,0.0,0,1,0.0003322717689149048,0.0,0,1877,,1,False
100000004689658100,terminal,0.6891,6,0.44426527283511275,"Признаки удержания: осталось 98% входящего потока (456,1 тыс. KZT от 1 плательщиков); колено 3.",3,False,1,1,456100.0,7092.0,1,1,0.015549221661916246,0.9844507783380838,0.0,0,0,0.0003863163581277,1.922024458454748e-05,0,1877,0.0,1,False
100000004691350100,boundary,0.5,50,0.27927416963226576,"Граница выгрузки: колено 4; исходящие здесь не собирались, вывод об удержании невозможен.",4,False,1,0,13300.0,0.0,1,0,0.0,1.0,0.0,0,0,0.0008870591048616337,0.0,0,1877,,1,True
100000004692798100,terminal,0.8438,12,0.6521166963226572,"Признаки удержания: осталось 94% входящего потока (240,3 тыс. KZT от 2 плательщиков); колено 1.",1,False,2,1,240305.0,15000.0,4,2,0.06242067372713843,0.9375793262728616,0.0,1,1,0.0019106511787003878,1.981468513870874e-07,0,1877,1.0,1,False
100000004697956100,transit,1.0,8,0.27762826215895614,"Признаки транзита: получено 10 тыс., отправлено 10 тыс. KZT; передано дальше 100% входящего потока. 0% исходящих сумм попали в окно 2 дней после входящего.",3,False,1,1,10000.0,10000.0,1,1,1.0,0.0,0.0,0,0,0.0004681160760661781,0.0,0,1877,0.0,1,False
100000004698193100,terminal,0.7464,8,0.6067801008303677,"Признаки удержания: осталось 83% входящего потока (222,7 тыс. KZT от 2 плательщиков); колено 2.",2,False,2,3,222700.0,38000.0,15,5,0.17063313875168387,0.8293668612483162,0.0,0,1,0.0008254145941905158,1.5851748110966993e-06,0,1877,0.3157894736842105,1,False
100000004707703100,transit,1.0,4,0.7096049003371809,"Признаки транзита: получено 239,3 тыс., отправлено 231,7 тыс. KZT; передано дальше 97% входящего потока. 89% исходящих сумм попали в окно 2 дней после входящего.",1,False,2,5,239300.0,231650.0,3,6,0.9680317592979524,0.03196824070204762,0.0,1,1,0.000635562438434635,0.00010710478506958704,0,1877,0.8892726095402547,1,False
100000004713684100,terminal,0.7,0,0.23999481020166075,"Признаки удержания: осталось 100% входящего потока (37,5 тыс. KZT от 1 плательщиков); колено 3.",3,False,1,0,37500.0,0.0,1,0,0.0,1.0,0.0,0,0,0.00028768129298177927,0.0,0,1877,,1,False
100000004714705100,peripheral,0.5,19,0.16389667615658365,Явное правило роли не сработало: 0 плательщиков и 1 получателей; входящий поток 0 KZT. Входящие извне выборки не наблюдаются.,0,True,0,1,0.0,36550.0,0,1,,0.0,36550.0,0,0,0.0002855692942172909,0.0,0,1877,0.0,0,False
100000004715209100,peripheral,0.5,2,0.3,Явное правило роли не сработало: 1 плательщиков и 5 получателей; входящий поток 5 тыс. KZT.,3,False,1,5,5000.0,350450.0,1,17,70.09,-69.09,345450.0,0,0,0.0002875439757603291,7.767356574373826e-05,0,1877,0.127835639891568,1,False
100000004717647100,peripheral,0.5,45,0.3,Явное правило роли не сработало: 1 плательщиков и 5 получателей; входящий поток 300 тыс. KZT.,3,False,1,5,300000.0,2240000.0,2,10,7.466666666666667,-6.466666666666667,1940000.0,0,0,0.0010233609552644499,7.767356574373826e-05,0,1877,0.020982142857142855,1,False
100000004722630100,boundary,0.5,50,0.3,"Граница выгрузки: колено 4; исходящие здесь не собирались, вывод об удержании невозможен.",4,False,1,0,340000.0,0.0,2,0,0.0,1.0,0.0,0,0,0.0004921869960127064,0.0,0,1877,,1,True
100000004722765100,peripheral,0.5,47,0.3,Явное правило роли не сработало: 1 плательщиков и 3 получателей; входящий поток 230 тыс. KZT.,3,False,1,3,230000.0,2284500.0,1,9,9.932608695652174,-8.932608695652174,2054500.0,0,0,0.0005815882668655412,5.8255174307803695e-05,0,1877,0.07660319544758153,1,False
100000004723755100,peripheral,0.5,3,0.2052523131672598,Явное правило роли не сработало: 0 плательщиков и 1 получателей; входящий поток 0 KZT. Входящие извне выборки не наблюдаются.,0,True,0,1,0.0,95000.0,0,5,,0.0,95000.0,0,0,0.0002855692942172909,0.0,0,1877,0.0,0,False
100000004726132100,terminal,0.6519,0,0.42028840450771054,Признаки удержания: осталось 93% входящего потока (349 тыс. KZT от 1 плательщиков); колено 3.,3,False,1,1,349000.0,24000.0,1,2,0.06876790830945559,0.9312320916905444,0.0,0,0,0.00031651940059214493,1.922024458454748e-05,0,1877,0.0,1,False
100000004732589100,terminal,0.9,11,0.4103388196915777,"Признаки удержания: осталось 100% входящего потока (227,5 тыс. KZT от 1 плательщиков); колено 2.",2,False,1,0,227520.0,0.0,1,0,0.0,1.0,0.0,0,1,0.0003939729265831237,0.0,0,1877,,1,False
100000004737477100,transit,0.5414,0,0.48216974759456965,"Признаки транзита: получено 49,6 тыс., отправлено 40,5 тыс. KZT; передано дальше 82% входящего потока. 37% исходящих сумм попали в окно 2 дней после входящего.",1,False,2,1,49598.0,40500.0,3,3,0.8165651840800032,0.18343481591999677,0.0,1,1,0.00029231930484893123,1.922024458454748e-05,0,1877,0.37037037037037035,1,False
100000004737764100,terminal,0.7,3,0.429007265717675,Признаки удержания: осталось 100% входящего потока (600 тыс. KZT от 1 плательщиков); колено 3.,3,False,1,0,600000.0,0.0,1,0,0.0,1.0,0.0,0,0,0.0006766224227546179,0.0,0,1877,,1,False
100000004739664100,transit,0.5833,1,0.2884082147093713,"Признаки транзита: получено 12 тыс., отправлено 10 тыс. KZT; передано дальше 83% входящего потока. 0% исходящих сумм попали в окно 2 дней после входящего.",1,False,1,1,12000.0,10000.0,1,1,0.8333333333333334,0.16666666666666663,0.0,1,1,0.00028808795365552084,1.387027959709612e-06,3,270,0.0,1,False
100000004741837100,terminal,0.9,4,0.2583815243179122,"Признаки удержания: осталось 100% входящего потока (25,6 тыс. KZT от 1 плательщиков); колено 1.",1,False,1,0,25596.0,0.0,1,0,0.0,1.0,0.0,1,1,0.0002883213263153591,0.0,0,1877,,1,False
100000004744306100,peripheral,0.5,19,0.3,Явное правило роли не сработало: 1 плательщиков и 2 получателей; входящий поток 69 тыс. KZT.,1,False,1,2,69000.0,92000.0,1,3,1.3333333333333333,-0.33333333333333326,23000.0,1,1,0.0004607769966825421,3.923307657464331e-05,0,1877,0.0,1,False
100000004746397100,terminal,0.6761,5,0.39328662514827994,"Признаки удержания: осталось 97% входящего потока (219,5 тыс. KZT от 1 плательщиков); колено 3.",3,False,1,1,219520.0,7500.0,1,1,0.03416545189504373,0.9658345481049563,0.0,0,0,0.00029268375611003365,0.0006677699345145905,0,1877,0.0,1,False
100000004747154100,boundary,0.5,2,0.3,"Граница выгрузки: колено 4; исходящие здесь не собирались, вывод об удержании невозможен.",4,False,1,0,67000.0,0.0,1,0,0.0,1.0,0.0,0,0,0.00033235132069391824,0.0,0,1877,,1,True
100000004750321100,terminal,0.7,7,0.4023391162514828,"Признаки удержания: осталось 100% входящего потока (50,2 тыс. KZT от 2 плательщиков); колено 3.",3,False,2,0,50185.0,0.0,2,0,0.0,1.0,0.0,0,0,0.00031253610038112624,0.0,0,1877,,1,False
100000004750897100,terminal,0.7,15,0.2541852016607355,Признаки удержания: осталось 100% входящего потока (10 тыс. KZT от 1 плательщиков); колено 3.,3,False,1,0,10000.0,0.0,1,0,0.0,1.0,0.0,0,0,0.000490375874781195,0.0,0,1877,,1,False
100000004756901100,terminal,0.9,4,0.40781806049822056,"Признаки удержания: осталось 100% входящего потока (153,2 тыс. KZT от 1 плательщиков); колено 2.",2,False,1,0,153248.0,0.0,1,0,0.0,1.0,0.0,0,2,0.0003109522914570363,0.0,0,1877,,1,False
100000004759121100,consolidator,0.7,0,0.6980344351674423,"Признаки сбора: 6 плательщиков, из них seed: 1; входящий поток 710 тыс. KZT.",1,False,6,2,710000.0,312000.0,10,6,0.4394366197183099,0.5605633802816901,0.0,1,1,0.0014151796822407352,7.7079125189577e-05,0,1877,0.5192307692307693,1,False
100000004765639100,peripheral,0.5,0,0.3,Явное правило роли не сработало: 1 плательщиков и 2 получателей; входящий поток 5 тыс. KZT.,2,False,1,2,5000.0,11000.0,1,2,2.2,-1.2000000000000002,6000.0,0,1,0.00036185625061452016,0.0,0,1877,0.5454545454545454,1,False
100000004770073100,transit,1.0,0,0.2990998847882562,"Признаки транзита: получено 5,5 тыс., отправлено 5,5 тыс. KZT; передано дальше 100% входящего потока. 100% исходящих сумм попали в окно 2 дней после входящего.",3,False,1,1,5462.4,5466.97,1,1,1.0008366285881665,-0.0008366285881664659,4.5700000000006185,0,0,0.0002878055588504013,1.922024458454748e-05,0,1877,1.0,1,False
100000004777215100,boundary,0.5,22,0.3,"Граница выгрузки: колено 4; исходящие здесь не собирались, вывод об удержании невозможен.",4,False,1,0,60000.0,0.0,1,0,0.0,1.0,0.0,0,0,0.0004651548637455438,0.0,0,1877,,1,True
100000004779204100,peripheral,0.5,0,0.3,"Явное правило роли не сработало: 1 плательщиков и 1 получателей; входящий поток 30,4 тыс. KZT.",3,False,1,1,30450.0,20000.0,1,2,0.6568144499178982,0.34318555008210183,0.0,0,0,0.0002872842372140555,1.922024458454748e-05,0,1877,0.5,1,False
100000004780083100,boundary,0.5,60,0.20107132265717673,"Граница выгрузки: колено 4; исходящие здесь не собирались, вывод об удержании невозможен.",4,False,1,0,9999.0,0.0,1,0,0.0,1.0,0.0,0,0,0.00029338523165935545,0.0,0,1877,,1,True
100000004780327100,boundary,0.5,18,0.20529730130486357,"Граница выгрузки: колено 4; исходящие здесь не собирались, вывод об удержании невозможен.",4,False,1,0,12000.0,0.0,1,0,0.0,1.0,0.0,0,0,0.00029199108961479553,0.0,0,1877,,1,True
100000004783447100,terminal,0.9,1,0.27079255634638194,"Признаки удержания: осталось 100% входящего потока (26,2 тыс. KZT от 1 плательщиков); колено 1.",1,False,1,0,26200.0,0.0,1,0,0.0,1.0,0.0,1,1,0.0002910683673240929,0.0,3,270,,1,False
100000004784224100,peripheral,0.5,24,0.3,"Явное правило роли не сработало: 1 плательщиков и 1 получателей; входящий поток 23,5 тыс. KZT.",1,False,1,1,23500.0,100000.0,2,1,4.25531914893617,-3.25531914893617,76500.0,1,1,0.0003047979078563769,1.981468513870874e-07,0,1877,0.0,1,False
100000004788983100,boundary,0.5,0,0.2848791518386714,"Граница выгрузки: колено 4; исходящие здесь не собирались, вывод об удержании невозможен.",4,False,1,0,27000.0,0.0,1,0,0.0,1.0,0.0,0,0,0.000369468518346216,0.0,0,1877,,1,True
100000004790991100,terminal,0.9,4,0.39143312574139977,"Признаки удержания: осталось 100% входящего потока (239,4 тыс. KZT от 1 плательщиков); колено 1.",1,False,1,0,239413.0,0.0,4,0,0.0,1.0,0.0,1,1,0.0003113105139662674,0.0,0,1877,,1,False
100000004791226100,boundary,0.5,0,0.285813315539739,"Граница выгрузки: колено 4; исходящие здесь не собирались, вывод об удержании невозможен.",4,False,1,0,20000.0,0.0,1,0,0.0,1.0,0.0,0,0,0.0005414836607379305,0.0,0,1877,,1,True
100000004792397100,terminal,0.9,1,0.3360950474495848,"Признаки удержания: осталось 100% входящего потока (73,5 тыс. KZT от 1 плательщиков); колено 1.",1,False,1,0,73520.0,0.0,1,0,0.0,1.0,0.0,1,1,0.0003010002810421795,0.0,3,270,,1,False
100000004797167100,boundary,0.5,20,0.3,"Граница выгрузки: колено 4; исходящие здесь не собирались, вывод об удержании невозможен.",4,False,1,0,31000.0,0.0,1,0,0.0,1.0,0.0,0,0,0.0005516247027029544,0.0,0,1877,,1,True
100000004798515100,boundary,0.5,12,0.3,"Граница выгрузки: колено 4; исходящие здесь не собирались, вывод об удержании невозможен.",4,False,1,0,200000.0,0.0,2,0,0.0,1.0,0.0,0,0,0.0003638354909866272,0.0,0,1877,,1,True
100000004800452100,boundary,0.5,5,0.2582332443653618,"Граница выгрузки: колено 4; исходящие здесь не собирались, вывод об удержании невозможен.",4,False,1,0,6544.53,0.0,1,0,0.0,1.0,0.0,0,0,0.000607979765974599,0.0,0,1877,,1,True
100000004800648100,boundary,0.5,12,0.3,"Граница выгрузки: колено 4; исходящие здесь не собирались, вывод об удержании невозможен.",4,False,1,0,131000.0,0.0,1,0,0.0,1.0,0.0,0,0,0.0003368336531012062,0.0,0,1877,,1,True
100000004806903100,terminal,0.9,3,0.3128744068801898,Признаки удержания: осталось 100% входящего потока (18 тыс. KZT от 1 плательщиков); колено 2.,2,False,1,0,18000.0,0.0,1,0,0.0,1.0,0.0,0,1,0.0005335389049993343,0.0,0,1877,,1,False
100000004813068100,peripheral,0.5,24,0.3,Явное правило роли не сработало: 0 плательщиков и 3 получателей; входящий поток 0 KZT. Входящие извне выборки не наблюдаются.,0,True,0,3,0.0,297000.0,0,5,,0.0,297000.0,0,0,0.0002855692942172909,0.0,0,1877,0.0,0,False
100000004816564100,terminal,0.8842,15,0.5277617141162515,"Признаки удержания: осталось 98% входящего потока (285,5 тыс. KZT от 1 плательщиков); колено 2.",2,False,1,1,285480.0,5000.0,1,1,0.01751436177665686,0.9824856382233431,0.0,0,1,0.0003763921656189936,1.922024458454748e-05,0,1877,1.0,1,False
100000004820260100,transit,0.8988,15,0.7013827105575325,"Признаки транзита: получено 234,2 тыс., отправлено 215,3 тыс. KZT; передано дальше 92% входящего потока. 100% исходящих сумм попали в окно 2 дней после входящего.",2,False,1,3,234200.0,215350.0,12,10,0.9195132365499573,0.08048676345004269,0.0,0,1,0.0014014565775826975,1.9616538287321655e-05,0,1877,1.0,1,False
100000004825069100,terminal,0.9,1,0.2880078588374852,Признаки удержания: осталось 100% входящего потока (30 тыс. KZT от 1 плательщиков); колено 2.,2,False,1,0,30000.0,0.0,4,0,0.0,1.0,0.0,0,1,0.00029575841353528677,0.0,3,270,,1,False
100000004840086100,boundary,0.5,0,0.3,"Граница выгрузки: колено 4; исходящие здесь не собирались, вывод об удержании невозможен.",4,False,1,0,100000.0,0.0,2,0,0.0,1.0,0.0,0,0,0.0005391572563123895,0.0,0,1877,,1,True
100000004841728100,terminal,0.9,1,0.31652209371293,"Признаки удержания: осталось 100% входящего потока (52,2 тыс. KZT от 1 плательщиков); колено 1.",1,False,1,0,52208.0,0.0,1,0,0.0,1.0,0.0,1,1,0.0002965271418798832,0.0,3,270,,1,False
100000004847758100,distributor,0.625,3,0.6873351269869513,"Признаки распределения: 15 получателей; исходящий поток 488,8 тыс. KZT.",1,False,4,15,115171.0,488800.0,4,23,4.244123954815014,-3.244123954815014,373629.0,1,1,0.00030474224834678437,0.001358589100688208,0,1877,0.25777414075286414,1,False
100000004848236100,boundary,0.5,0,0.21753039739027283,"Граница выгрузки: колено 4; исходящие здесь не собирались, вывод об удержании невозможен.",4,False,1,0,7500.0,0.0,1,0,0.0,1.0,0.0,0,0,0.00030887463425310343,0.0,0,1877,,1,True
100000004850609100,boundary,0.5,0,0.2267385824436536,"Граница выгрузки: колено 4; исходящие здесь не собирались, вывод об удержании невозможен.",4,False,1,0,10000.0,0.0,1,0,0.0,1.0,0.0,0,0,0.00031302949674031055,0.0,0,1877,,1,True
100000004856746100,boundary,0.5,34,0.24043965005931198,"Граница выгрузки: колено 4; исходящие здесь не собирались, вывод об удержании невозможен.",4,False,1,0,20000.0,0.0,1,0,0.0,1.0,0.0,0,0,0.0003000473060624518,0.0,0,1877,,1,True
100000004877085100,peripheral,0.5,13,0.3,Явное правило роли не сработало: 1 плательщиков и 3 получателей; входящий поток 25 тыс. KZT.,3,False,1,3,25000.0,95600.0,1,9,3.824,-2.824,70600.0,0,0,0.00029482372155001277,5.7660733753642434e-05,0,1877,0.7071129707112971,1,False
100000004889043100,terminal,0.7,0,0.4872738730723606,Признаки удержания: осталось 100% входящего потока (272 тыс. KZT от 2 плательщиков); колено 3.,3,False,2,0,272000.0,0.0,4,0,0.0,1.0,0.0,0,0,0.0002984972459578193,0.0,0,1877,,2,False
100000004890713100,boundary,0.5,7,0.275448546856465,"Граница выгрузки: колено 4; исходящие здесь не собирались, вывод об удержании невозможен.",4,False,1,0,40485.0,0.0,1,0,0.0,1.0,0.0,0,0,0.0003007240043166196,0.0,0,1877,,1,True
100000004891562100,boundary,0.5,18,0.3,"Граница выгрузки: колено 4; исходящие здесь не собирались, вывод об удержании невозможен.",4,False,1,0,103400.0,0.0,1,0,0.0,1.0,0.0,0,0,0.0003409037645591223,0.0,0,1877,,1,True
100000004892144100,terminal,0.672,24,0.5975496737841044,"Признаки удержания: осталось 96% входящего потока (4,5 млн KZT от 2 плательщиков); колено 3.",3,False,2,1,4500000.0,180300.0,7,1,0.04006666666666667,0.9599333333333333,0.0,0,0,0.0027832036872124295,0.0,0,1877,0.0,2,False
100000004904960100,terminal,0.9,0,0.4573361506524318,Признаки удержания: осталось 100% входящего потока (32 тыс. KZT от 2 плательщиков); колено 2.,2,False,2,0,32000.0,0.0,2,0,0.0,1.0,0.0,0,1,0.0007779174826823424,0.0,0,1877,,1,False
100000004905207100,terminal,0.9,14,0.4316911328588375,Признаки удержания: осталось 100% входящего потока (380 тыс. KZT от 1 плательщиков); колено 2.,2,False,1,0,380000.0,0.0,1,0,0.0,1.0,0.0,0,1,0.00043470347319123927,0.0,0,1877,,1,False
100000004906181100,peripheral,0.5,36,0.3,Явное правило роли не сработало: 1 плательщиков и 7 получателей; входящий поток 100 тыс. KZT.,3,False,1,7,100000.0,2473417.91,1,33,24.734179100000002,-23.734179100000002,2373417.91,0,0,0.00028881021162469923,0.00013454171209183234,0,1877,0.6420265631536565,1,False
100000004908173100,boundary,0.5,2,0.26045744365361806,"Граница выгрузки: колено 4; исходящие здесь не собирались, вывод об удержании невозможен.",4,False,1,0,21000.0,0.0,1,0,0.0,1.0,0.0,0,0,0.0003208294523116968,0.0,0,1877,,1,True
100000004911971100,boundary,0.5,36,0.2432421411625148,"Граница выгрузки: колено 4; исходящие здесь не собирались, вывод об удержании невозможен.",4,False,1,0,35000.0,0.0,3,0,0.0,1.0,0.0,0,0,0.00028904714906671764,0.0,0,1877,,1,True
100000004917367100,terminal,0.7,5,0.4173747034400949,Признаки удержания: осталось 100% входящего потока (120 тыс. KZT от 2 плательщиков); колено 3.,3,False,2,0,120000.0,0.0,2,0,0.0,1.0,0.0,0,0,0.0002940276420429223,0.0,0,1877,,1,False
100000004921657100,peripheral,0.5,3,0.3,"Явное правило роли не сработало: 1 плательщиков и 1 получателей; входящий поток 8,3 тыс. KZT.",3,False,1,1,8300.0,22190.0,1,1,2.6734939759036145,-1.6734939759036145,13890.0,0,0,0.00036129622421142676,0.0,0,1877,1.0,1,False
100000004931931100,peripheral,0.5,0,0.3,"Явное правило роли не сработало: 1 плательщиков и 1 получателей; входящий поток 23,9 тыс. KZT.",3,False,1,1,23938.0,45000.0,1,1,1.8798562954298605,-0.8798562954298605,21062.0,0,0,0.000291814036684862,1.922024458454748e-05,0,1877,0.0,1,False
100000004948177100,terminal,0.9,4,0.5615176453143536,"Признаки удержания: осталось 100% входящего потока (437,2 тыс. KZT от 3 плательщиков); колено 1.",1,False,3,0,437163.0,0.0,8,0,0.0,1.0,0.0,1,1,0.00042215807154897264,0.0,0,1877,,1,False
100000004950490100,terminal,0.9,10,0.26821248517200474,Признаки удержания: осталось 100% входящего потока (10 тыс. KZT от 1 плательщиков); колено 2.,2,False,1,0,10000.0,0.0,1,0,0.0,1.0,0.0,0,1,0.00033064166313549986,0.0,0,1877,,1,False
100000004959752100,terminal,0.7,3,0.30000370699881374,"Признаки удержания: осталось 100% входящего потока (22,2 тыс. KZT от 1 плательщиков); колено 3.",3,False,1,0,22200.0,0.0,1,0,0.0,1.0,0.0,0,0,0.0007848703238285037,0.0,0,1877,,1,False
100000004962193100,consolidator,0.7667,0,0.6853017497034402,"Признаки сбора: 8 плательщиков, из них seed: 0; входящий поток 900,5 тыс. KZT.",2,False,8,0,900468.0,0.0,11,0,0.0,1.0,0.0,0,1,0.0006573150442725716,0.0,0,1877,,5,False
100000004970752100,terminal,0.7,0,0.26913182087781734,Признаки удержания: осталось 100% входящего потока (10 тыс. KZT от 1 плательщиков); колено 3.,3,False,1,0,10000.0,0.0,1,0,0.0,1.0,0.0,0,0,0.0007428614561261708,0.0,0,1877,,1,False
100000004971871100,peripheral,0.5,59,0.3,"Явное правило роли не сработало: 1 плательщиков и 1 получателей; входящий поток 25,4 тыс. KZT. Входящие извне выборки не наблюдаются.",0,True,1,1,25400.0,5650.0,3,1,0.22244094488188976,0.7775590551181102,0.0,0,1,0.0007430293125206683,0.0,9,4,1.0,1,False
100000004975919100,peripheral,0.5,6,0.3,"Явное правило роли не сработало: 1 плательщиков и 2 получателей; входящий поток 22,4 тыс. KZT.",3,False,1,2,22351.0,15000.0,1,2,0.6711109122634334,0.32888908773656655,0.0,0,0,0.00029011680628284717,3.844048916909496e-05,0,1877,0.0,1,False
100000004976946100,boundary,0.5,41,0.3,"Граница выгрузки: колено 4; исходящие здесь не собирались, вывод об удержании невозможен.",4,False,1,0,246000.0,0.0,1,0,0.0,1.0,0.0,0,0,0.000319492918509721,0.0,0,1877,,1,True
100000004979264100,boundary,0.5,2,0.3,"Граница выгрузки: колено 4; исходящие здесь не собирались, вывод об удержании невозможен.",4,False,1,0,39800.0,0.0,1,0,0.0,1.0,0.0,0,0,0.00041137922183340155,0.0,0,1877,,1,True
100000004979283100,terminal,0.7,7,0.2748702550415184,"Признаки удержания: осталось 100% входящего потока (40,1 тыс. KZT от 1 плательщиков); колено 3.",3,False,1,0,40132.0,0.0,1,0,0.0,1.0,0.0,0,0,0.0003005217649950165,0.0,0,1877,,1,False
100000004979498100,peripheral,0.5,52,0.3,Явное правило роли не сработало: 1 плательщиков и 1 получателей; входящий поток 700 тыс. KZT.,2,False,1,1,700000.0,200000.0,2,1,0.2857142857142857,0.7142857142857143,0.0,0,1,0.0013189827666274718,0.0,11,5,1.0,1,False
100000004981068100,boundary,0.5,6,0.24488804863582445,"Граница выгрузки: колено 4; исходящие здесь не собирались, вывод об удержании невозможен.",4,False,1,0,10000.0,0.0,1,0,0.0,1.0,0.0,0,0,0.0003788472368268382,0.0,0,1877,,1,True
100000004984689100,terminal,0.7,6,0.28385602016607353,Признаки удержания: осталось 100% входящего потока (53 тыс. KZT от 1 плательщиков); колено 3.,3,False,1,0,53030.0,0.0,1,0,0.0,1.0,0.0,0,0,0.0002963587248842163,0.0,0,1877,,1,False
100000004988240100,boundary,0.5,0,0.2818987247924081,"Граница выгрузки: колено 4; исходящие здесь не собирались, вывод об удержании невозможен.",4,False,1,0,20000.0,0.0,1,0,0.0,1.0,0.0,0,0,0.0005299271891403068,0.0,0,1877,,1,True
100000004991593100,boundary,0.5,6,0.3,"Граница выгрузки: колено 4; исходящие здесь не собирались, вывод об удержании невозможен.",4,False,1,0,45000.0,0.0,2,0,0.0,1.0,0.0,0,0,0.0003548910511069666,0.0,0,1877,,1,True
100000004991812100,terminal,0.7,23,0.23914961447212338,Признаки удержания: осталось 100% входящего потока (10 тыс. KZT от 1 плательщиков); колено 3.,3,False,1,0,10000.0,0.0,1,0,0.0,1.0,0.0,0,0,0.0003463600077195257,0.0,0,1877,,1,False
100000004993576100,terminal,0.9,15,0.3901875741399763,Признаки удержания: осталось 100% входящего потока (167 тыс. KZT от 1 плательщиков); колено 2.,2,False,1,0,167000.0,0.0,1,0,0.0,1.0,0.0,0,1,0.00033869882876991924,0.0,0,1877,,1,False
100000004997515100,terminal,0.6034,2,0.5872479240806643,Признаки удержания: осталось 86% входящего потока (395 тыс. KZT от 4 плательщиков); колено 3.,3,False,4,4,395000.0,54500.0,4,4,0.1379746835443038,0.8620253164556961,0.0,0,0,0.0003566158833194684,8.956237682696351e-05,0,1877,0.0,1,False
100000005008589100,terminal,0.7,0,0.2799414294187426,"Признаки удержания: осталось 100% входящего потока (42,8 тыс. KZT от 1 плательщиков); колено 3.",3,False,1,0,42806.68,0.0,1,0,0.0,1.0,0.0,0,0,0.00030309402044475066,0.0,0,1877,,1,False
100000005010159100,boundary,0.5,6,0.25983466785290626,"Граница выгрузки: колено 4; исходящие здесь не собирались, вывод об удержании невозможен.",4,False,1,0,7092.0,0.0,1,0,0.0,1.0,0.0,0,0,0.000614368456825925,0.0,0,1877,,1,True
100000005017150100,peripheral,0.5,78,0.03172597864768684,Явное правило роли не сработало: 0 плательщиков и 0 получателей; входящий поток 0 KZT. Входящие извне выборки не наблюдаются.,0,True,0,0,0.0,0.0,0,0,,0.0,0.0,0,0,0.0002855692942172909,0.0,21,1,,0,False
100000005022552100,terminal,0.6855,4,0.3751371589561091,Признаки удержания: осталось 98% входящего потока (241 тыс. KZT от 1 плательщиков); колено 3.,3,False,1,1,241000.0,5000.0,3,1,0.02074688796680498,0.979253112033195,0.0,0,0,0.00035775639372368753,0.0,0,1877,0.0,1,False
100000005022964100,terminal,0.9,3,0.2925007413997628,Признаки удержания: осталось 100% входящего потока (20 тыс. KZT от 1 плательщиков); колено 2.,2,False,1,0,20000.0,0.0,1,0,0.0,1.0,0.0,0,1,0.0003273647858899897,0.0,0,1877,,1,False
100000005025629100,boundary,0.5,5,0.21713004151838672,"Граница выгрузки: колено 4; исходящие здесь не собирались, вывод об удержании невозможен.",4,False,1,0,5227.0,0.0,1,0,0.0,1.0,0.0,0,0,0.0003141510108848508,0.0,0,1877,,1,True
100000005030592100,terminal,0.9,15,0.22214931791221826,Признаки удержания: осталось 100% входящего потока (10 тыс. KZT от 1 плательщиков); колено 2.,2,False,1,0,10000.0,0.0,1,0,0.0,1.0,0.0,0,1,0.0002887507034719393,0.0,0,1877,,1,False
100000005031696100,peripheral,0.5,51,0.3,Явное правило роли не сработало: 1 плательщиков и 2 получателей; входящий поток 5 тыс. KZT.,2,False,1,2,5000.0,115000.0,1,3,23.0,-22.0,110000.0,0,1,0.0005397118809391454,9.59030760713503e-05,0,1877,0.043478260869565216,1,False
100000005032294100,terminal,0.9,14,0.2799784994068802,Признаки удержания: осталось 100% входящего потока (10 тыс. KZT от 1 плательщиков); колено 2.,2,False,1,0,10000.0,0.0,1,0,0.0,1.0,0.0,0,1,0.00039238727982301855,0.0,0,1877,,1,False
100000005034574100,terminal,0.9,65,0.41821248517200477,"Признаки удержания: осталось 100% входящего потока (258,8 тыс. KZT от 1 плательщиков); колено 1.",1,False,1,0,258816.0,0.0,16,0,0.0,1.0,0.0,1,1,0.0004250866895938891,0.0,20,3,,1,False
100000005037490100,peripheral,0.5,13,0.3,Явное правило роли не сработало: 1 плательщиков и 2 получателей; входящий поток 15 тыс. KZT.,3,False,1,2,15000.0,30000.0,1,3,2.0,-1.0,15000.0,0,0,0.0003232011772500526,1.9418391435934565e-05,0,1877,0.4666666666666667,1,False
100000005041147100,boundary,0.5,0,0.2587225682087782,"Граница выгрузки: колено 4; исходящие здесь не собирались, вывод об удержании невозможен.",4,False,1,0,10000.0,0.0,1,0,0.0,1.0,0.0,0,0,0.0005337622626216141,0.0,0,1877,,1,True
100000005041905100,peripheral,0.5,1,0.3,Явное правило роли не сработало: 1 плательщиков и 1 получателей; входящий поток 5 тыс. KZT.,3,False,1,1,5000.0,1080351.0,1,5,216.0702,-215.0702,1075351.0,0,0,0.00028634968311320514,0.0,3,270,0.0,1,False
100000005042822100,boundary,0.5,31,0.3,"Граница выгрузки: колено 4; исходящие здесь не собирались, вывод об удержании невозможен.",4,False,1,0,1000000.0,0.0,1,0,0.0,1.0,0.0,0,0,0.00045261173566138284,0.0,0,1877,,1,True
100000005048668100,peripheral,0.5,6,0.3,"Явное правило роли не сработало: 2 плательщиков и 8 получателей; входящий поток 16,7 тыс. KZT.",3,False,2,8,16668.0,159400.0,2,11,9.563234941204703,-8.563234941204703,142732.0,0,0,0.00028854810674879374,0.0006542869684636797,0,1877,0.30050188205771644,1,False
100000005049404100,boundary,0.5,5,0.3,"Граница выгрузки: колено 4; исходящие здесь не собирались, вывод об удержании невозможен.",4,False,1,0,98000.0,0.0,2,0,0.0,1.0,0.0,0,0,0.0003126369164275119,0.0,0,1877,,1,True
100000005052998100,peripheral,0.5,0,0.279707034400949,"Явное правило роли не сработало: 1 плательщиков и 1 получателей; входящий поток 9,5 тыс. KZT.",3,False,1,1,9500.0,28400.0,1,1,2.9894736842105263,-1.9894736842105263,18900.0,0,0,0.0002861043339042946,4.33335300032448e-06,0,1877,0.0,1,False
100000005053653100,peripheral,0.5,13,0.3,"Явное правило роли не сработало: 2 плательщиков и 1 получателей; входящий поток 63,1 тыс. KZT.",2,False,2,1,63073.0,25000.0,2,1,0.3963661154535221,0.6036338845464779,0.0,0,1,0.0003136008584320485,1.922024458454748e-05,0,1877,0.0,1,False
100000005055454100,terminal,0.7,29,0.24751260379596676,"Признаки удержания: осталось 100% входящего потока (6,5 тыс. KZT от 1 плательщиков); колено 3.",3,False,1,0,6500.0,0.0,1,0,0.0,1.0,0.0,0,0,0.0005059810158324262,0.0,5,13,,1,False
100000005056870100,terminal,0.9,46,0.2776653321470937,Признаки удержания: осталось 100% входящего потока (20 тыс. KZT от 1 плательщиков); колено 1.,1,False,1,0,20000.0,0.0,1,0,0.0,1.0,0.0,1,1,0.00030318655842831487,0.0,10,6,,1,False
100000005059998100,terminal,0.9,0,0.263319246737841,Признаки удержания: осталось 100% входящего потока (18 тыс. KZT от 1 плательщиков); колено 2.,2,False,1,0,18000.0,0.0,1,0,0.0,1.0,0.0,0,1,0.0002959172747769893,0.0,0,1877,,1,False
100000005061890100,terminal,0.7,3,0.35356242586002373,Признаки удержания: осталось 100% входящего потока (90 тыс. KZT от 1 плательщиков); колено 3.,3,False,1,0,90000.0,0.0,1,0,0.0,1.0,0.0,0,0,0.0005346252088600028,0.0,0,1877,,1,False
100000005074393100,peripheral,0.5,13,0.3,Явное правило роли не сработало: 4 плательщиков и 6 получателей; входящий поток 563 тыс. KZT.,1,False,4,6,563026.0,685500.0,5,10,1.2175281425724567,-0.21752814257245667,122474.0,1,2,0.0010600834163353942,0.00021697080226886072,0,1877,0.06637490882567469,1,False
100000005075949100,boundary,0.5,47,0.3,"Граница выгрузки: колено 4; исходящие здесь не собирались, вывод об удержании невозможен.",4,False,1,0,2226000.0,0.0,7,0,0.0,1.0,0.0,0,0,0.0007679113857379712,0.0,0,1877,,1,True
100000005077484100,terminal,0.8187,29,0.5729407006036252,Признаки удержания: осталось 91% входящего потока (150 тыс. KZT от 1 плательщиков); колено 2.,2,False,1,2,150000.0,13550.0,1,2,0.09033333333333333,0.9096666666666666,0.0,0,1,0.000539710863920106,3.962937027741748e-07,5,13,0.5202952029520295,1,False
100000005079473100,boundary,0.5,6,0.29075103795966784,"Граница выгрузки: колено 4; исходящие здесь не собирались, вывод об удержании невозможен.",4,False,1,0,39312.0,0.0,1,0,0.0,1.0,0.0,0,0,0.00032600590088597723,0.0,0,1877,,1,True
100000005079754100,peripheral,0.5,3,0.3,Явное правило роли не сработало: 1 плательщиков и 2 получателей; входящий поток 70 тыс. KZT.,1,False,1,2,70000.0,122000.0,1,2,1.7428571428571429,-0.7428571428571429,52000.0,1,2,0.0002995858445806412,9.511048866580196e-05,0,1877,0.16393442622950818,1,False
100000005082652100,terminal,0.7,10,0.2943987247924081,Признаки удержания: осталось 100% входящего потока (30 тыс. KZT от 1 плательщиков); колено 3.,3,False,1,0,30000.0,0.0,1,0,0.0,1.0,0.0,0,0,0.00040800365167801905,0.0,0,1877,,1,False
100000005087431100,peripheral,0.5,79,0.03172597864768684,Явное правило роли не сработало: 0 плательщиков и 0 получателей; входящий поток 0 KZT. Входящие извне выборки не наблюдаются.,0,True,0,0,0.0,0.0,0,0,,0.0,0.0,0,0,0.0002855692942172909,0.0,22,1,,0,False
100000005087923100,boundary,0.5,8,0.2771834223013049,"Граница выгрузки: колено 4; исходящие здесь не собирались, вывод об удержании невозможен.",4,False,1,0,20000.0,0.0,1,0,0.0,1.0,0.0,0,0,0.0004605791647030636,0.0,0,1877,,1,True
100000005089460100,terminal,0.7,1,0.18954997034400947,"Признаки удержания: осталось 100% входящего потока (12,3 тыс. KZT от 1 плательщиков); колено 3.",3,False,1,0,12300.0,0.0,1,0,0.0,1.0,0.0,0,0,0.00028748905090124,0.0,3,270,,1,False
100000005092518100,terminal,0.9,1,0.26974718268090153,"Признаки удержания: осталось 100% входящего потока (26,1 тыс. KZT от 1 плательщиков); колено 1.",1,False,1,0,26144.0,0.0,1,0,0.0,1.0,0.0,1,1,0.0002910566135800478,0.0,3,270,,1,False
100000005093521100,terminal,0.9,3,0.26782695729537365,"Признаки удержания: осталось 100% входящего потока (15,2 тыс. KZT от 1 плательщиков); колено 1.",1,False,1,0,15200.0,0.0,1,0,0.0,1.0,0.0,1,2,0.00028861288801047553,0.0,0,1877,,1,False
100000005100475100,terminal,0.7,8,0.2951994365361803,Признаки удержания: осталось 100% входящего потока (40 тыс. KZT от 1 плательщиков); колено 3.,3,False,1,0,40000.0,0.0,1,0,0.0,1.0,0.0,0,0,0.0003377497462501435,0.0,0,1877,,1,False
100000005105153100,terminal,0.9,0,0.32706479833926455,Признаки удержания: осталось 100% входящего потока (30 тыс. KZT от 1 плательщиков); колено 2.,2,False,1,0,30000.0,0.0,1,0,0.0,1.0,0.0,0,1,0.0004010169668275689,0.0,0,1877,,1,False
100000005124479100,terminal,0.7563,0,0.5611766014234876,"Признаки удержания: осталось 84% входящего потока (137,8 тыс. KZT от 2 плательщиков); колено 1.",1,False,2,2,137753.0,22000.0,2,2,0.15970614070110994,0.84029385929889,0.0,1,2,0.0003032300539809193,4.755524433290098e-05,0,1877,0.0,1,False
100000005127767100,terminal,0.7,38,0.2427305753262159,Признаки удержания: осталось 100% входящего потока (7 тыс. KZT от 1 плательщиков); колено 3.,3,False,1,0,7000.0,0.0,1,0,0.0,1.0,0.0,0,0,0.00042253166627963246,0.0,0,1877,,1,False
100000005133757100,terminal,0.9,6,0.46718193950177933,Признаки удержания: осталось 100% входящего потока (65 тыс. KZT от 2 плательщиков); колено 1.,1,False,2,0,65000.0,0.0,2,0,0.0,1.0,0.0,1,2,0.00029941072919293055,0.0,0,1877,,1,False
100000005140601100,peripheral,0.5,6,0.3,"Явное правило роли не сработало: 3 плательщиков и 2 получателей; входящий поток 52,7 тыс. KZT.",2,False,3,2,52685.0,195300.0,4,5,3.706937458479643,-2.706937458479643,142615.0,0,1,0.002705731454703331,1.9616538287321655e-05,0,1877,0.9743983614951357,2,False
100000005142492100,peripheral,0.5,8,0.3,Явное правило роли не сработало: 1 плательщиков и 1 получателей; входящий поток 10 тыс. KZT.,3,False,1,1,10000.0,57000.0,1,1,5.7,-4.7,47000.0,0,0,0.0019077900971988632,0.0,0,1877,1.0,1,False
100000005142589100,terminal,0.9,0,0.3279099940688019,Признаки удержания: осталось 100% входящего потока (50 тыс. KZT от 1 плательщиков); колено 2.,2,False,1,0,50000.0,0.0,2,0,0.0,1.0,0.0,0,1,0.0003103697710860754,0.0,0,1877,,1,False
100000005146665100,boundary,0.5,57,0.17064427639383153,"Граница выгрузки: колено 4; исходящие здесь не собирались, вывод об удержании невозможен.",4,False,1,0,5500.0,0.0,1,0,0.0,1.0,0.0,0,0,0.00028645375249411193,0.0,0,1877,,1,True
100000005168487100,peripheral,0.5,11,0.3,Явное правило роли не сработало: 1 плательщиков и 1 получателей; входящий поток 15 тыс. KZT.,2,False,1,1,15000.0,103510.0,1,14,6.900666666666667,-5.900666666666667,88510.0,0,1,0.00181254731435578,0.0,0,1877,0.17399285093227707,1,False
100000005171642100,transit,1.0,8,0.6554077000243634,"Признаки транзита: получено 696,8 тыс., отправлено 683,6 тыс. KZT; передано дальше 98% входящего потока. 96% исходящих сумм попали в окно 2 дней после входящего.",3,False,2,1,696800.0,683600.0,5,4,0.9810562571756601,0.01894374282433986,0.0,0,0,0.0027671822247582797,3.962937027741748e-07,0,1877,0.96255119953189,1,False
100000005172860100,terminal,0.7,0,0.21303751482799527,"Признаки удержания: осталось 100% входящего потока (15,2 тыс. KZT от 1 плательщиков); колено 3.",3,False,1,0,15209.2,0.0,1,0,0.0,1.0,0.0,0,0,0.00029179582395841264,0.0,0,1877,,1,False
100000005175148100,terminal,0.7291,15,0.5698213226571768,Признаки удержания: осталось 81% входящего потока (79 тыс. KZT от 2 плательщиков); колено 2.,2,False,2,1,79000.0,15000.0,4,1,0.189873417721519,0.810126582278481,0.0,0,1,0.0007181459635567832,0.0,0,1877,1.0,1,False
100000005182219100,terminal,0.7,5,0.4212448102016607,Признаки удержания: осталось 100% входящего потока (55 тыс. KZT от 2 плательщиков); колено 3.,3,False,2,0,55000.0,0.0,2,0,0.0,1.0,0.0,0,0,0.000354129497884144,0.0,0,1877,,1,False
100000005183943100,terminal,0.9,44,0.4624740510083037,"Признаки удержания: осталось 100% входящего потока (680,9 тыс. KZT от 1 плательщиков); колено 1.",1,False,1,0,680900.0,0.0,9,0,0.0,1.0,0.0,1,1,0.0006108393603081353,0.0,4,6,,1,False
100000005186109100,terminal,0.7,15,0.25302861803084226,Признаки удержания: осталось 100% входящего потока (5 тыс. KZT от 1 плательщиков); колено 3.,3,False,1,0,5000.0,0.0,1,0,0.0,1.0,0.0,0,0,0.0006059178330672808,0.0,0,1877,,1,False
100000005186131100,transit,1.0,0,0.31555827402135234,"Признаки транзита: получено 10 тыс., отправлено 10 тыс. KZT; передано дальше 100% входящего потока. 100% исходящих сумм попали в окно 2 дней после входящего.",3,False,1,1,10000.0,10000.0,1,1,1.0,0.0,0.0,0,0,0.00028613249388782113,1.922024458454748e-05,0,1877,1.0,1,False
100000005187208100,terminal,0.7,5,0.23563537959667855,"Признаки удержания: осталось 100% входящего потока (14,2 тыс. KZT от 1 плательщиков); колено 3.",3,False,1,0,14160.0,0.0,1,0,0.0,1.0,0.0,0,0,0.0003119707842377321,0.0,0,1877,,1,False
100000005189258100,boundary,0.5,5,0.29893609134045074,"Граница выгрузки: колено 4; исходящие здесь не собирались, вывод об удержании невозможен.",4,False,1,0,50000.0,0.0,1,0,0.0,1.0,0.0,0,0,0.00031597643294580327,0.0,0,1877,,1,True
100000005198498100,terminal,0.7,1,0.2377261269276394,"Признаки удержания: осталось 100% входящего потока (28,8 тыс. KZT от 1 плательщиков); колено 3.",3,False,1,0,28800.0,0.0,1,0,0.0,1.0,0.0,0,0,0.00029006433425775714,0.0,3,270,,1,False
100000005198906100,peripheral,0.5,5,0.3,Явное правило роли не сработало: 1 плательщиков и 1 получателей; входящий поток 228 тыс. KZT.,3,False,1,1,227970.0,60000.0,1,1,0.26319252533228055,0.7368074746677195,0.0,0,0,0.0002929576136309596,1.922024458454748e-05,0,1877,0.0,1,False
100000005203590100,terminal,0.9,8,0.34637084816132857,Признаки удержания: осталось 100% входящего потока (90 тыс. KZT от 1 плательщиков); колено 2.,2,False,1,0,90000.0,0.0,1,0,0.0,1.0,0.0,0,1,0.0003026270634147168,0.0,0,1877,,1,False
100000005205745100,terminal,0.9,8,0.25081924673784106,Признаки удержания: осталось 100% входящего потока (6 тыс. KZT от 1 плательщиков); колено 2.,2,False,1,0,6000.0,0.0,1,0,0.0,1.0,0.0,0,1,0.0003122614004459651,0.0,0,1877,,1,False
100000005209352100,boundary,0.5,0,0.2365473013048636,"Граница выгрузки: колено 4; исходящие здесь не собирались, вывод об удержании невозможен.",4,False,1,0,5000.0,0.0,1,0,0.0,1.0,0.0,0,0,0.00042028195414468963,0.0,0,1877,,1,True
100000005222360100,peripheral,0.5,14,0.3,Явное правило роли не сработало: 1 плательщиков и 1 получателей; входящий поток 5 тыс. KZT.,3,False,1,1,5000.0,27000.0,1,1,5.4,-4.4,22000.0,0,0,0.0006008605701429426,0.0019087127079326193,0,1877,0.0,1,False
100000005226217100,boundary,0.5,2,0.264372034400949,"Граница выгрузки: колено 4; исходящие здесь не собирались, вывод об удержании невозможен.",4,False,1,0,17500.0,0.0,1,0,0.0,1.0,0.0,0,0,0.00038302247207077955,0.0,0,1877,,1,True
100000005228059100,terminal,0.9,1,0.2691911328588375,Признаки удержания: осталось 100% входящего потока (26 тыс. KZT от 1 плательщиков); колено 1.,1,False,1,0,26000.0,0.0,1,0,0.0,1.0,0.0,1,1,0.00029102638966678907,0.0,3,270,,1,False
100000005233755100,terminal,0.56,16,0.356172153024911,Признаки удержания: осталось 80% входящего потока (25 тыс. KZT от 1 плательщиков); колено 3.,3,False,1,1,25000.0,5000.0,1,1,0.2,0.8,0.0,0,0,0.0002916076698087042,1.922024458454748e-05,0,1877,1.0,1,False
100000005235389100,peripheral,0.5,80,0.03172597864768684,Явное правило роли не сработало: 0 плательщиков и 0 получателей; входящий поток 0 KZT. Входящие извне выборки не наблюдаются.,0,True,0,0,0.0,0.0,0,0,,0.0,0.0,0,0,0.0002855692942172909,0.0,23,1,,0,False
100000005237935150,terminal,0.9,9,0.2974829478054567,"Признаки удержания: осталось 100% входящего потока (34,5 тыс. KZT от 1 плательщиков); колено 2.",2,False,1,0,34508.0,0.0,1,0,0.0,1.0,0.0,0,1,0.0002979773495560411,0.0,0,1877,,1,False
100000005241556100,terminal,0.7,20,0.36201438315539736,Признаки удержания: осталось 100% входящего потока (100 тыс. KZT от 1 плательщиков); колено 3.,3,False,1,0,100000.0,0.0,1,0,0.0,1.0,0.0,0,0,0.0005490718879795895,0.0,0,1877,,1,False
100000005242320100,distributor,0.675,9,0.8280990510083037,"Признаки распределения: 21 получателей; исходящий поток 8,9 млн KZT.",2,False,2,21,365700.0,8936295.0,2,29,24.43613617719442,-23.43613617719442,8570595.0,0,1,0.0005001241314185612,2.9722027708063113e-05,0,1877,0.19270178524768933,1,False
100000005264874100,peripheral,0.5,37,0.3,Явное правило роли не сработало: 1 плательщиков и 2 получателей; входящий поток 30 тыс. KZT.,3,False,1,2,30000.0,78000.0,1,3,2.6,-1.6,48000.0,0,0,0.00042829267239375297,7.925874055483496e-07,0,1877,0.0,1,False
100000005264990100,peripheral,0.5,19,0.3,"Явное правило роли не сработало: 1 плательщиков и 2 получателей; входящий поток 17,1 тыс. KZT. Входящие извне выборки не наблюдаются.",0,True,1,2,17070.0,122000.0,1,2,7.147041593438781,-6.147041593438781,104930.0,0,0,0.00036399621508450143,7.765375105859955e-05,0,1877,0.0,1,False
100000005265073100,peripheral,0.5,19,0.2717113582443654,Явное правило роли не сработало: 1 плательщиков и 1 получателей; входящий поток 5 тыс. KZT.,3,False,1,1,5000.0,9000.0,1,1,1.8,-0.8,4000.0,0,0,0.0002991258827616204,2.1003566247031264e-05,0,1877,0.0,1,False
100000005268319100,peripheral,0.5,0,0.3,"Явное правило роли не сработало: 1 плательщиков и 5 получателей; входящий поток 19,7 тыс. KZT.",3,False,1,5,19712.8,91000.0,2,10,4.6162899232985675,-3.6162899232985675,71287.2,0,0,0.0002936395632308343,4.0473877157209345e-05,0,1877,0.26373626373626374,1,False
100000005272139100,boundary,0.5,4,0.3,"Граница выгрузки: колено 4; исходящие здесь не собирались, вывод об удержании невозможен.",4,False,1,0,165000.0,0.0,1,0,0.0,1.0,0.0,0,0,0.0007555290963517883,0.0,0,1877,,1,True
100000005287097100,peripheral,0.5,4,0.3,"Явное правило роли не сработало: 2 плательщиков и 9 получателей; входящий поток 127,2 тыс. KZT.",1,False,2,9,127173.0,697300.0,5,42,5.483082100760382,-4.483082100760382,570127.0,1,2,0.00030270743388181913,0.0007832208178364955,0,1877,0.24422773555141258,1,False
100000005293969100,boundary,0.5,0,0.24693431198102017,"Граница выгрузки: колено 4; исходящие здесь не собирались, вывод об удержании невозможен.",4,False,1,0,5466.97,0.0,1,0,0.0,1.0,0.0,0,0,0.0005304901604905838,0.0,0,1877,,1,True
100000005308954100,peripheral,0.5,4,0.3,Явное правило роли не сработало: 1 плательщиков и 1 получателей; входящий поток 69 тыс. KZT.,3,False,1,1,69020.0,30000.0,1,1,0.43465662126919735,0.5653433787308026,0.0,0,0,0.0003594505153223282,1.981468513870874e-05,0,1877,0.0,1,False
100000005314565100,terminal,0.7,0,0.37353573546856467,"Признаки удержания: осталось 100% входящего потока (218,5 тыс. KZT от 1 плательщиков); колено 3.",3,False,1,0,218500.0,0.0,3,0,0.0,1.0,0.0,0,0,0.0003750215171110066,0.0,0,1877,,1,False
100000005316708100,peripheral,0.5,9,0.3,Явное правило роли не сработало: 1 плательщиков и 2 получателей; входящий поток 90 тыс. KZT.,1,False,1,2,90000.0,257500.0,1,4,2.861111111111111,-1.8611111111111112,167500.0,1,1,0.0002976906193985509,1.1888811083225246e-06,0,1877,0.0,1,False
100000005317181100,terminal,0.6281,0,0.3936424970344009,"Признаки удержания: осталось 90% входящего потока (141,2 тыс. KZT от 1 плательщиков); колено 3.",3,False,1,1,141250.0,14500.0,1,1,0.10265486725663717,0.8973451327433628,0.0,0,0,0.000322417396545991,1.922024458454748e-05,0,1877,0.0,1,False
100000005326681100,terminal,0.9,15,0.2902320581257414,"Признаки удержания: осталось 100% входящего потока (31,2 тыс. KZT от 1 плательщиков); колено 2.",2,False,1,0,31228.0,0.0,1,0,0.0,1.0,0.0,0,1,0.0002955041990377069,0.0,0,1877,,1,False
100000005328215100,terminal,0.9,11,0.28702921115065244,Признаки удержания: осталось 100% входящего потока (27 тыс. KZT от 1 плательщиков); колено 2.,2,False,1,0,27000.0,0.0,1,0,0.0,1.0,0.0,0,1,0.00029843364932399574,0.0,0,1877,,1,False
100000005339662100,peripheral,0.5,15,0.3,"Явное правило роли не сработало: 4 плательщиков и 4 получателей; входящий поток 202,9 тыс. KZT.",1,False,4,4,202939.0,295160.0,9,15,1.4544271924075707,-0.4544271924075707,92221.0,1,2,0.0016567441326948078,0.00013962469475849672,0,1877,0.7669060848353435,2,False
100000005342513100,terminal,0.6106,1,0.4752557829181495,Признаки удержания: осталось 87% входящего потока (235 тыс. KZT от 1 плательщиков); колено 3.,3,False,1,1,235000.0,30000.0,2,1,0.1276595744680851,0.8723404255319149,0.0,0,0,0.0010816512996714893,0.0,3,270,1.0,1,False
100000005357034100,terminal,0.7,0,0.17647167852906287,"Признаки удержания: осталось 100% входящего потока (9,8 тыс. KZT от 1 плательщиков); колено 3.",3,False,1,0,9754.0,0.0,1,0,0.0,1.0,0.0,0,0,0.0002861186391759261,0.0,0,1877,,1,False
100000005357705100,peripheral,0.5,6,0.3,"Явное правило роли не сработало: 1 плательщиков и 4 получателей; входящий поток 52,6 тыс. KZT.",3,False,1,4,52595.0,387080.0,1,5,7.35963494628767,-6.35963494628767,334485.0,0,0,0.0002962702202200618,7.688097833818992e-05,0,1877,0.2724630567324584,1,False
100000005360814100,boundary,0.5,6,0.3,"Граница выгрузки: колено 4; исходящие здесь не собирались, вывод об удержании невозможен.",4,False,1,0,144000.0,0.0,3,0,0.0,1.0,0.0,0,0,0.00043368873256412725,0.0,0,1877,,1,True
100000005362848100,terminal,0.7,7,0.2535179418742586,Признаки удержания: осталось 100% входящего потока (29 тыс. KZT от 1 плательщиков); колено 3.,3,False,1,0,29000.0,0.0,1,0,0.0,1.0,0.0,0,0,0.00029637417941000597,0.0,0,1877,,1,False
100000005363908100,transit,1.0,49,0.3941318208778173,"Признаки транзита: получено 19,5 тыс., отправлено 19,5 тыс. KZT; передано дальше 100% входящего потока. 100% исходящих сумм попали в окно 2 дней после входящего.",1,False,1,1,19500.0,19500.0,1,1,1.0,0.0,0.0,1,1,0.00033851712062440693,0.0,18,6,1.0,1,False
100000005367180100,boundary,0.5,6,0.26392719454329777,"Граница выгрузки: колено 4; исходящие здесь не собирались, вывод об удержании невозможен.",4,False,1,0,7700.0,0.0,1,0,0.0,1.0,0.0,0,0,0.0007828047220453436,0.0,0,1877,,1,True
100000005367284100,peripheral,0.5,0,0.3,"Явное правило роли не сработало: 1 плательщиков и 2 получателей; входящий поток 13,7 тыс. KZT.",3,False,1,2,13700.0,48300.0,1,5,3.5255474452554743,-2.5255474452554743,34600.0,0,0,0.00028914323405377366,3.844048916909496e-05,0,1877,0.2836438923395445,1,False
100000005367445100,transit,1.0,2,0.3419817615658363,"Признаки транзита: получено 5 тыс., отправлено 5 тыс. KZT; передано дальше 100% входящего потока. 100% исходящих сумм попали в окно 2 дней после входящего.",3,False,1,1,5000.0,5000.0,1,1,1.0,0.0,0.0,0,0,0.0018429964605732618,0.0,0,1877,1.0,1,False
100000005370558100,boundary,0.5,0,0.2012047746144721,"Граница выгрузки: колено 4; исходящие здесь не собирались, вывод об удержании невозможен.",4,False,1,0,5000.0,0.0,1,0,0.0,1.0,0.0,0,0,0.00029929939547880074,0.0,0,1877,,1,True
100000005370580100,terminal,0.9,13,0.21889976275207595,"Признаки удержания: осталось 100% входящего потока (24,1 тыс. KZT от 1 плательщиков); колено 0. Входящие извне выборки не наблюдаются.",0,True,1,0,24075.0,0.0,1,0,0.0,1.0,0.0,0,0,0.00034596846648487345,0.0,0,1877,,1,False
100000005375968100,peripheral,0.5,0,0.3,"Явное правило роли не сработало: 1 плательщиков и 2 получателей; входящий поток 170,1 тыс. KZT.",3,False,1,2,170082.0,86000.0,1,4,0.5056384567443939,0.4943615432556061,0.0,0,0,0.0002951483068536033,3.844048916909496e-05,0,1877,0.3488372093023256,1,False
100000005382566100,consolidator,1.0,19,0.6369572953736655,"Признаки сбора: 7 плательщиков, из них seed: 6; входящий поток 393,1 тыс. KZT. Входящие извне выборки не наблюдаются.",0,True,7,1,393066.0,50000.0,11,1,0.12720510041570626,0.8727948995842938,0.0,6,7,0.002113262052157115,4.6366363224578456e-05,0,1877,1.0,2,False
100000005386383100,peripheral,0.5,19,0.3,"Явное правило роли не сработало: 2 плательщиков и 1 получателей; входящий поток 37,5 тыс. KZT. Входящие извне выборки не наблюдаются.",0,True,2,1,37500.0,29000.0,2,1,0.7733333333333333,0.22666666666666668,0.0,0,0,0.0005243332756978218,2.852323925717123e-05,0,1877,0.0,2,False
100000005392290100,peripheral,0.5,69,0.19700889608540928,Явное правило роли не сработало: 0 плательщиков и 1 получателей; входящий поток 0 KZT. Входящие извне выборки не наблюдаются.,0,True,0,1,0.0,81465.0,0,1,,0.0,81465.0,0,0,0.0002855692942172909,0.0,16,2,0.0,0,False
100000005394708100,peripheral,0.5,19,0.3,Явное правило роли не сработало: 1 плательщиков и 1 получателей; входящий поток 26 тыс. KZT.,1,False,1,1,26000.0,65000.0,1,1,2.5,-1.5,39000.0,1,1,0.00034517722457498757,1.981468513870874e-07,0,1877,1.0,1,False
100000005395727100,terminal,0.9,15,0.20897093712930015,Признаки удержания: осталось 100% входящего потока (17 тыс. KZT от 1 плательщиков); колено 0. Входящие извне выборки не наблюдаются.,0,True,1,0,17000.0,0.0,1,0,0.0,1.0,0.0,0,0,0.0003712067299561801,0.0,0,1877,,1,False
100000005402643100,peripheral,0.5,2,0.3,"Явное правило роли не сработало: 1 плательщиков и 1 получателей; входящий поток 127,8 тыс. KZT.",2,False,1,1,127800.0,90000.0,1,1,0.704225352112676,0.295774647887324,0.0,0,1,0.0002975952292869964,3.962937027741748e-07,0,1877,0.0,1,False
100000005409156100,terminal,0.7,5,0.48961669632265714,"Признаки удержания: осталось 100% входящего потока (260,1 тыс. KZT от 2 плательщиков); колено 3.",3,False,2,0,260080.0,0.0,2,0,0.0,1.0,0.0,0,0,0.00042393100512820185,0.0,0,1877,,1,False
100000005409680100,terminal,0.9,17,0.3582413997627521,"Признаки удержания: осталось 100% входящего потока (55,1 тыс. KZT от 2 плательщиков); колено 0. Входящие извне выборки не наблюдаются.",0,True,2,0,55060.0,0.0,2,0,0.0,1.0,0.0,0,0,0.000633528818793162,0.0,0,1877,,1,False
100000005413948100,terminal,0.7405,2,0.5133414887307236,"Признаки удержания: осталось 82% входящего потока (28,2 тыс. KZT от 2 плательщиков); колено 2.",2,False,2,1,28215.0,5000.0,2,1,0.177210703526493,0.822789296473507,0.0,0,1,0.0018520392070328206,2.1796153652579615e-05,0,1877,0.0,1,False
100000005417257100,peripheral,0.5,19,0.2946328113879004,Явное правило роли не сработало: 0 плательщиков и 2 получателей; входящий поток 0 KZT. Входящие извне выборки не наблюдаются.,0,True,0,2,0.0,106000.0,0,2,,0.0,106000.0,0,0,0.0002855692942172909,0.0,0,1877,0.0,0,False
100000005432267100,terminal,0.9,3,0.5874814650059312,Признаки удержания: осталось 100% входящего потока (350 тыс. KZT от 2 плательщиков); колено 1.,1,False,2,0,350001.0,0.0,2,0,0.0,1.0,0.0,1,2,0.0003423334858506325,0.0,0,1877,,2,False
100000005454368100,terminal,0.9,13,0.3352164887307236,"Признаки удержания: осталось 100% входящего потока (48,6 тыс. KZT от 2 плательщиков); колено 0. Входящие извне выборки не наблюдаются.",0,True,2,0,48600.0,0.0,2,0,0.0,1.0,0.0,0,0,0.00039419296320819405,0.0,0,1877,,1,False
100000005456919100,terminal,0.8906,43,0.6341896500593119,"Признаки удержания: осталось 99% входящего потока (479,9 тыс. KZT от 2 плательщиков); колено 1.",1,False,2,1,479950.0,5000.0,10,1,0.010417751849150954,0.989582248150849,0.0,1,1,0.0013700274780428614,0.0,1,6,1.0,2,False
100000005473151100,consolidator,0.6,7,0.7147024515618822,"Признаки сбора: 3 плательщиков, из них seed: 1; входящий поток 1,2 млн KZT.",1,False,3,4,1220000.0,225000.0,4,6,0.18442622950819673,0.8155737704918032,0.0,1,1,0.00046826743371965174,0.00024159762522697013,0,1877,0.9111111111111111,2,False
100000005474472100,terminal,0.9,24,0.3944580367734282,Признаки удержания: осталось 100% входящего потока (100 тыс. KZT от 1 плательщиков); колено 2.,2,False,1,0,100000.0,0.0,1,0,0.0,1.0,0.0,0,1,0.0005449540086863332,0.0,0,1877,,1,False
100000005475379100,peripheral,0.5,11,0.3,"Явное правило роли не сработало: 1 плательщиков и 3 получателей; входящий поток 108,4 тыс. KZT.",3,False,1,3,108370.0,81000.0,1,3,0.7474393282273692,0.25256067177263075,0.0,0,0,0.00042163877175037357,6.538846095773885e-05,0,1877,0.0,1,False
100000005480435100,peripheral,0.5,81,0.03172597864768684,Явное правило роли не сработало: 0 плательщиков и 0 получателей; входящий поток 0 KZT. Входящие извне выборки не наблюдаются.,0,True,0,0,0.0,0.0,0,0,,0.0,0.0,0,0,0.0002855692942172909,0.0,24,1,,0,False
100000005481280100,peripheral,0.5,15,0.3,"Явное правило роли не сработало: 1 плательщиков и 3 получателей; входящий поток 32,7 тыс. KZT.",2,False,1,3,32700.0,50000.0,1,3,1.529051987767584,-0.5290519877675841,17300.0,0,1,0.0002959725024799912,4.3660134496595575e-05,0,1877,0.34,1,False
100000005485830100,peripheral,0.5,46,0.3,Явное правило роли не сработало: 0 плательщиков и 5 получателей; входящий поток 0 KZT. Входящие извне выборки не наблюдаются.,0,True,0,5,0.0,275885.0,0,9,,0.0,275885.0,0,0,0.0002855692942172909,0.0,10,6,0.0,0,False
100000005493505100,terminal,0.9,13,0.4324644128113879,Признаки удержания: осталось 100% входящего потока (62 тыс. KZT от 3 плательщиков); колено 0. Входящие извне выборки не наблюдаются.,0,True,3,0,62020.0,0.0,3,0,0.0,1.0,0.0,1,2,0.0006174200765778783,0.0,0,1877,,1,False
100000005495211100,boundary,0.5,0,0.2734022835112693,"Граница выгрузки: колено 4; исходящие здесь не собирались, вывод об удержании невозможен.",4,False,1,0,14500.0,0.0,1,0,0.0,1.0,0.0,0,0,0.0005599644833584307,0.0,0,1877,,1,True
100000005495722100,peripheral,0.5,82,0.03172597864768684,Явное правило роли не сработало: 0 плательщиков и 0 получателей; входящий поток 0 KZT. Входящие извне выборки не наблюдаются.,0,True,0,0,0.0,0.0,0,0,,0.0,0.0,0,0,0.0002855692942172909,0.0,25,1,,0,False
100000005496254100,terminal,0.9,0,0.2248850830367734,"Признаки удержания: осталось 100% входящего потока (12,7 тыс. KZT от 1 плательщиков); колено 1.",1,False,1,0,12700.0,0.0,1,0,0.0,1.0,0.0,1,1,0.0002879524799916799,0.0,0,1877,,1,False
100000005497148100,boundary,0.5,5,0.28799303084223016,"Граница выгрузки: колено 4; исходящие здесь не собирались, вывод об удержании невозможен.",4,False,1,0,24000.0,0.0,2,0,0.0,1.0,0.0,0,0,0.0004900139425044355,0.0,0,1877,,1,True
100000005498992100,distributor,0.6333,2,0.5029626334519574,"Признаки распределения: 16 получателей; исходящий поток 2,3 млн KZT. Входящие извне выборки не наблюдаются.",0,True,0,16,0.0,2262868.0,0,19,,0.0,2262868.0,0,0,0.0002855692942172909,0.0,0,1877,0.0,0,False
100000005505655100,peripheral,0.5,26,0.3,"Явное правило роли не сработало: 2 плательщиков и 1 получателей; входящий поток 33,1 тыс. KZT.",1,False,2,1,33070.0,20000.0,2,1,0.6047777441790142,0.3952222558209858,0.0,1,1,0.00032150802112552193,0.0002690834241836647,0,1877,1.0,1,False
100000005507142100,peripheral,0.5,37,0.3,Явное правило роли не сработало: 3 плательщиков и 3 получателей; входящий поток 51 тыс. KZT.,2,False,3,3,51000.0,100000.0,3,4,1.9607843137254901,-0.9607843137254901,49000.0,0,1,0.000558950097758131,4.5573775819030105e-06,0,1877,0.0,1,False
100000005514161100,consolidator,0.9,9,0.746782325029656,"Признаки сбора: 4 плательщиков, из них seed: 1; входящий поток 401,5 тыс. KZT.",1,False,4,1,401500.0,50000.0,7,1,0.12453300124533001,0.8754669987546699,0.0,1,4,0.0008061423847001056,4.042195768296583e-05,0,1877,0.0,2,False
100000005519347100,peripheral,0.5,4,0.3,"Явное правило роли не сработало: 2 плательщиков и 1 получателей; входящий поток 73,1 тыс. KZT. Входящие извне выборки не наблюдаются.",0,True,2,1,73100.0,99000.0,2,1,1.3543091655266757,-0.3543091655266757,25900.0,1,3,0.0005567200012967697,1.5191258606343366e-06,0,1877,0.0,1,False
100000005519998100,transit,0.9176,34,0.6298553677342823,"Признаки транзита: получено 182 тыс., отправлено 188 тыс. KZT; передано дальше 103% входящего потока. 33% исходящих сумм попали в окно 2 дней после входящего.",2,False,3,3,182000.0,188000.0,5,8,1.032967032967033,-0.03296703296703307,6000.0,0,1,0.0006524582538824907,5.98403491189004e-05,0,1877,0.32978723404255317,1,False
100000005523088100,terminal,0.9,19,0.40422597864768683,Признаки удержания: осталось 100% входящего потока (700 тыс. KZT от 1 плательщиков); колено 0. Входящие извне выборки не наблюдаются.,0,True,1,0,700000.0,0.0,2,0,0.0,1.0,0.0,1,2,0.0017206377268585411,0.0,0,1877,,1,False
100000005527892100,peripheral,0.5,20,0.3,Явное правило роли не сработало: 3 плательщиков и 8 получателей; входящий поток 220 тыс. KZT.,1,False,3,8,220001.0,552419.0,3,8,2.510984040981632,-1.510984040981632,332418.0,1,1,0.00031243167214621076,0.0004955713375099352,0,1877,0.6232949989048168,1,False
100000005530114100,terminal,0.5722,16,0.5853758896797153,Признаки удержания: осталось 82% входящего потока (137 тыс. KZT от 2 плательщиков); колено 3.,3,False,2,1,136970.0,25000.0,2,1,0.1825217200846901,0.81747827991531,0.0,0,0,0.000494873801534529,4.458304156209466e-06,0,1877,1.0,1,False
100000005532138100,terminal,0.7,10,0.2424859134045077,Признаки удержания: осталось 100% входящего потока (25 тыс. KZT от 1 плательщиков); колено 3.,3,False,1,0,25046.0,0.0,1,0,0.0,1.0,0.0,0,0,0.00029379367547638114,0.0,0,1877,,1,False
100000005539201100,peripheral,0.5,4,0.3,"Явное правило роли не сработало: 1 плательщиков и 1 получателей; входящий поток 45,5 тыс. KZT.",1,False,1,1,45504.0,25000.0,1,1,0.5494022503516175,0.4505977496483825,0.0,1,1,0.0002904617957249677,4.197410801883135e-05,0,1877,0.0,1,False
100000005539910100,peripheral,0.5,3,0.3,Явное правило роли не сработало: 1 плательщиков и 2 получателей; входящий поток 102 тыс. KZT.,2,False,1,2,102000.0,22000.0,1,2,0.21568627450980393,0.7843137254901961,0.0,0,1,0.000498726301748055,4.795153803567515e-05,0,1877,0.0,1,False
100000005543136100,peripheral,0.5,13,0.11700960854092529,Явное правило роли не сработало: 0 плательщиков и 1 получателей; входящий поток 0 KZT. Входящие извне выборки не наблюдаются.,0,True,0,1,0.0,10000.0,0,1,,0.0,10000.0,0,0,0.0002855692942172909,0.0,0,1877,0.0,0,False
100000005546031100,terminal,0.7922,49,0.6202884045077105,"Признаки удержания: осталось 88% входящего потока (66,8 тыс. KZT от 3 плательщиков); колено 1.",1,False,3,1,66800.0,8000.0,6,1,0.11976047904191617,0.8802395209580838,0.0,1,1,0.0007125289535173748,5.944405541612623e-07,18,6,1.0,2,False
100000005547096100,peripheral,0.5,49,0.3,Явное правило роли не сработало: 1 плательщиков и 2 получателей; входящий поток 8 тыс. KZT.,2,False,1,2,8000.0,226300.0,1,3,28.2875,-27.2875,218300.0,0,1,0.0008920567423173903,3.962937027741748e-07,18,6,0.0,1,False
100000005550592100,peripheral,0.5,83,0.03172597864768684,Явное правило роли не сработало: 0 плательщиков и 0 получателей; входящий поток 0 KZT. Входящие извне выборки не наблюдаются.,0,True,0,0,0.0,0.0,0,0,,0.0,0.0,0,0,0.0002855692942172909,0.0,26,1,,0,False
100000005553088100,boundary,0.5,6,0.22500370699881375,"Граница выгрузки: колено 4; исходящие здесь не собирались, вывод об удержании невозможен.",4,False,1,0,17500.0,0.0,1,0,0.0,1.0,0.0,0,0,0.0002942853726110019,0.0,0,1877,,1,True
100000005560900100,peripheral,0.5,84,0.03172597864768684,Явное правило роли не сработало: 0 плательщиков и 0 получателей; входящий поток 0 KZT. Входящие извне выборки не наблюдаются.,0,True,0,0,0.0,0.0,0,0,,0.0,0.0,0,0,0.0002855692942172909,0.0,27,1,,0,False
100000005561741100,terminal,0.9,7,0.3043334816132859,Признаки удержания: осталось 100% входящего потока (25 тыс. KZT от 1 плательщиков); колено 2.,2,False,1,0,25000.0,0.0,1,0,0.0,1.0,0.0,0,1,0.00032984571931941946,0.0,0,1877,,1,False
100000005567828100,boundary,0.5,7,0.3,"Граница выгрузки: колено 4; исходящие здесь не собирались, вывод об удержании невозможен.",4,False,1,0,94000.0,0.0,1,0,0.0,1.0,0.0,0,0,0.0003207562214579207,0.0,0,1877,,1,True
100000005568407100,peripheral,0.5,85,0.03172597864768684,Явное правило роли не сработало: 0 плательщиков и 0 получателей; входящий поток 0 KZT. Входящие извне выборки не наблюдаются.,0,True,0,0,0.0,0.0,0,0,,0.0,0.0,0,0,0.0002855692942172909,0.0,28,1,,0,False
100000005572303100,peripheral,0.5,4,0.3,Явное правило роли не сработало: 1 плательщиков и 1 получателей; входящий поток 75 тыс. KZT.,2,False,1,1,75000.0,20000.0,1,1,0.26666666666666666,0.7333333333333334,0.0,0,1,0.0003132762393993454,3.844048916909496e-05,0,1877,0.0,1,False
100000005578559100,distributor,0.675,7,0.7936923108267493,"Признаки распределения: 21 получателей; исходящий поток 893,2 тыс. KZT.",2,False,2,21,131000.0,893163.67,2,23,6.818043282442749,-5.818043282442749,762163.67,0,1,0.0003910151132301349,0.0009667514112443352,0,1877,0.4550061916423448,1,False
100000005584222100,peripheral,0.5,0,0.3,"Явное правило роли не сработало: 2 плательщиков и 2 получателей; входящий поток 192,7 тыс. KZT.",1,False,2,2,192717.0,108587.0,6,3,0.5634531463233653,0.4365468536766347,0.0,1,1,0.000875917424791928,3.863863602048205e-05,0,1877,0.8618619171724056,1,False
100000005588444100,terminal,0.9,10,0.21928010083036772,"Признаки удержания: осталось 100% входящего потока (12,3 тыс. KZT от 1 плательщиков); колено 1.",1,False,1,0,12300.0,0.0,1,0,0.0,1.0,0.0,1,1,0.00028627460375392564,0.0,0,1877,,1,False
100000005589319100,boundary,0.5,3,0.262948546856465,"Граница выгрузки: колено 4; исходящие здесь не собирались, вывод об удержании невозможен.",4,False,1,0,26000.0,0.0,1,0,0.0,1.0,0.0,0,0,0.00030995557415139477,0.0,0,1877,,1,True
100000005602999100,peripheral,0.5,33,0.3,Явное правило роли не сработало: 1 плательщиков и 2 получателей; входящий поток 5 тыс. KZT.,2,False,1,2,5000.0,16000.0,1,3,3.2,-2.2,11000.0,0,1,0.0003048459777394544,4.200713249406253e-05,0,1877,0.6875,1,False
100000005608515100,terminal,0.9,10,0.317589709371293,Признаки удержания: осталось 100% входящего потока (64 тыс. KZT от 1 плательщиков); колено 2.,2,False,1,0,64000.0,0.0,4,0,0.0,1.0,0.0,0,1,0.0002931596353300166,0.0,0,1877,,1,False
100000005610717100,peripheral,0.5,0,0.3,"Явное правило роли не сработало: 4 плательщиков и 1 получателей; входящий поток 484,5 тыс. KZT.",3,False,4,1,484500.0,265200.0,6,7,0.5473684210526316,0.4526315789473684,0.0,0,0,0.00034454483671221423,1.922024458454748e-05,0,1877,0.8378582202111614,1,False
100000005612411100,peripheral,0.5,3,0.3,"Явное правило роли не сработало: 3 плательщиков и 8 получателей; входящий поток 115,5 тыс. KZT.",1,False,3,8,115500.0,506997.0,4,8,4.389584415584416,-3.389584415584416,391497.0,1,2,0.00032720608268876,0.00015534713148747652,0,1877,0.5143955486916096,2,False
100000005614315100,terminal,0.9,4,0.45090821470937126,Признаки удержания: осталось 100% входящего потока (455 тыс. KZT от 1 плательщиков); колено 2.,2,False,1,0,455000.0,0.0,1,0,0.0,1.0,0.0,0,1,0.0005750924282981935,0.0,0,1877,,1,False
100000005616568100,boundary,0.5,5,0.3,"Граница выгрузки: колено 4; исходящие здесь не собирались, вывод об удержании невозможен.",4,False,1,0,530000.0,0.0,1,0,0.0,1.0,0.0,0,0,0.0004319554143337925,0.0,0,1877,,1,True
100000005619339100,transit,0.7787,4,0.26827887517200477,"Признаки транзита: получено 5 тыс., отправлено 5,4 тыс. KZT; передано дальше 109% входящего потока. 0% исходящих сумм попали в окно 2 дней после входящего.",2,False,1,1,5000.0,5442.6,1,1,1.0885200000000002,-0.08852000000000015,442.60000000000036,0,1,0.0003208258534858518,0.0,0,1877,0.0,1,False
100000005620225100,terminal,0.9,0,0.41601052787663106,"Признаки удержания: осталось 100% входящего потока (49,8 тыс. KZT от 2 плательщиков); колено 1.",1,False,2,0,49845.66,0.0,2,0,0.0,1.0,0.0,1,1,0.000296236243145001,0.0,0,1877,,1,False
100000005621418100,boundary,0.5,27,0.2689094009489917,"Граница выгрузки: колено 4; исходящие здесь не собирались, вывод об удержании невозможен.",4,False,1,0,30000.0,0.0,1,0,0.0,1.0,0.0,0,0,0.00030782638639647333,0.0,0,1877,,1,True
100000005628518100,terminal,0.7,17,0.34604463226571763,Признаки удержания: осталось 100% входящего потока (77 тыс. KZT от 1 плательщиков); колено 3.,3,False,1,0,77000.0,0.0,3,0,0.0,1.0,0.0,0,0,0.0005329929869212514,0.0,0,1877,,1,False
100000005634552100,peripheral,0.5,0,0.3,"Явное правило роли не сработало: 1 плательщиков и 3 получателей; входящий поток 25,9 тыс. KZT.",1,False,1,3,25850.0,1196000.0,1,4,46.2669245647969,-45.2669245647969,1170150.0,1,1,0.00028834863590095484,2.917712386674862e-05,0,1877,0.0,1,False
100000005636951100,boundary,0.5,8,0.3,"Граница выгрузки: колено 4; исходящие здесь не собирались, вывод об удержании невозможен.",4,False,1,0,40000.0,0.0,1,0,0.0,1.0,0.0,0,0,0.0006355890351888365,0.0,0,1877,,1,True
100000005660203100,terminal,0.8356,4,0.6844343119810202,"Признаки удержания: осталось 93% входящего потока (572,9 тыс. KZT от 1 плательщиков); колено 2.",2,False,1,2,572899.0,41000.0,12,5,0.07156584319400104,0.928434156805999,0.0,0,1,0.0009492504038791965,1.9418391435934565e-05,0,1877,1.0,1,False
100000005661528100,terminal,0.7,6,0.23403395610913405,Признаки удержания: осталось 100% входящего потока (25 тыс. KZT от 1 плательщиков); колено 3.,3,False,1,0,25000.0,0.0,1,0,0.0,1.0,0.0,0,0,0.0002910914967995321,0.0,0,1877,,1,False
100000005661829100,transit,0.9298,17,0.4845146347792337,"Признаки транзита: получено 37,8 тыс., отправлено 40,4 тыс. KZT; передано дальше 107% входящего потока. 84% исходящих сумм попали в окно 2 дней после входящего.",3,False,1,2,37790.0,40362.0,1,4,1.0680603334215402,-0.06806033342154016,2572.0,0,0,0.0002920319635832895,2.229209894062771e-06,0,1877,0.837173579109063,1,False
100000005664632100,terminal,0.9,66,0.4014865065243179,"Признаки удержания: осталось 100% входящего потока (198,6 тыс. KZT от 1 плательщиков); колено 2.",2,False,1,0,198620.0,0.0,18,0,0.0,1.0,0.0,0,1,0.00036514203992280307,0.0,0,1877,,1,False
100000005664922100,peripheral,0.5,24,0.3,Явное правило роли не сработало: 2 плательщиков и 3 получателей; входящий поток 22 тыс. KZT.,2,False,2,3,22000.0,537000.0,2,4,24.40909090909091,-23.40909090909091,515000.0,0,1,0.000805965857632334,3.962937027741748e-06,0,1877,0.0,1,False
100000005665181100,distributor,0.5917,5,0.676556856049822,"Признаки распределения: 11 получателей; исходящий поток 181,9 тыс. KZT.",2,False,4,11,45498.0,181915.0,5,11,3.998307617917271,-2.998307617917271,136417.0,0,1,0.0003985397345805536,0.0002683210247526526,0,1877,0.07695901932221093,2,False
100000005667841100,terminal,0.7,2,0.48700696915776986,Признаки удержания: осталось 100% входящего потока (186 тыс. KZT от 2 плательщиков); колено 3.,3,False,2,0,186000.0,0.0,2,0,0.0,1.0,0.0,0,0,0.00031222556371948533,0.0,0,1877,,2,False
100000005668605100,consolidator,0.9,19,0.47575029655990514,"Признаки сбора: 3 плательщиков, из них seed: 1; входящий поток 94,5 тыс. KZT. Входящие извне выборки не наблюдаются.",0,True,3,0,94500.0,0.0,3,0,0.0,1.0,0.0,1,4,0.0008383018688148934,0.0,0,1877,,1,False
100000005669845100,terminal,0.9,29,0.2881635527876631,Признаки удержания: осталось 100% входящего потока (20 тыс. KZT от 1 плательщиков); колено 1.,1,False,1,0,20000.0,0.0,1,0,0.0,1.0,0.0,1,1,0.0003175358448925586,0.0,5,13,,1,False
100000005674387100,terminal,0.7,1,0.2329440984578885,"Признаки удержания: осталось 100% входящего потока (26,2 тыс. KZT от 1 плательщиков); колено 3.",3,False,1,0,26200.0,0.0,1,0,0.0,1.0,0.0,0,0,0.00028965853203188175,0.0,3,270,,1,False
100000005685783100,boundary,0.5,1,0.29733466785290624,"Граница выгрузки: колено 4; исходящие здесь не собирались, вывод об удержании невозможен.",4,False,1,0,26150.0,0.0,1,0,0.0,1.0,0.0,0,0,0.0005320610913052177,0.0,3,270,,1,True
100000005704413100,distributor,0.7667,7,0.8430011862396204,"Признаки распределения: 32 получателей; исходящий поток 1,4 млн KZT.",3,False,3,32,97834.67,1363593.0,4,35,13.9377278014021,-12.9377278014021,1265758.33,0,0,0.000599688803298592,0.0025627562605435084,0,1877,0.44522449147216214,2,False
100000005709551100,terminal,0.7,13,0.24150726571767495,"Признаки удержания: осталось 100% входящего потока (24,6 тыс. KZT от 1 плательщиков); колено 3.",3,False,1,0,24560.0,0.0,1,0,0.0,1.0,0.0,0,0,0.0002946608436289569,0.0,0,1877,,1,False
100000005711521100,boundary,0.5,13,0.3,"Граница выгрузки: колено 4; исходящие здесь не собирались, вывод об удержании невозможен.",4,False,1,0,238000.0,0.0,1,0,0.0,1.0,0.0,0,0,0.0005338432844113278,0.0,0,1877,,1,True
100000005723580100,boundary,0.5,2,0.2914627817319098,"Граница выгрузки: колено 4; исходящие здесь не собирались, вывод об удержании невозможен.",4,False,1,0,35000.0,0.0,1,0,0.0,1.0,0.0,0,0,0.00034433622437463404,0.0,0,1877,,1,True
100000005730108100,terminal,0.9,0,0.2696804567022539,Признаки удержания: осталось 100% входящего потока (8 тыс. KZT от 1 плательщиков); колено 2.,2,False,1,0,8000.0,0.0,1,0,0.0,1.0,0.0,0,1,0.00035866426303360295,0.0,0,1877,,1,False
100000005744674100,peripheral,0.5,19,0.17875703032028475,Явное правило роли не сработало: 0 плательщиков и 1 получателей; входящий поток 0 KZT. Входящие извне выборки не наблюдаются.,0,True,0,1,0.0,50066.0,0,2,,0.0,50066.0,0,0,0.0002855692942172909,0.0,0,1877,0.0,0,False
100000005745873100,boundary,0.5,41,0.3,"Граница выгрузки: колено 4; исходящие здесь не собирались, вывод об удержании невозможен.",4,False,1,0,223000.0,0.0,1,0,0.0,1.0,0.0,0,0,0.0003163211975392906,0.0,0,1877,,1,True
100000005754335100,terminal,0.7,42,0.30983466785290625,Признаки удержания: осталось 100% входящего потока (44 тыс. KZT от 1 плательщиков); колено 3.,3,False,1,0,44037.0,0.0,1,0,0.0,1.0,0.0,0,0,0.00040462407841393883,0.0,0,1877,,1,False
100000005756189100,peripheral,0.5,5,0.3,Явное правило роли не сработало: 1 плательщиков и 1 получателей; входящий поток 65 тыс. KZT.,3,False,1,1,65000.0,49050.0,1,1,0.7546153846153846,0.24538461538461542,0.0,0,0,0.0002876758905321063,1.922024458454748e-05,0,1877,1.0,1,False
100000005756535100,terminal,0.7,1,0.28590228351126923,Признаки удержания: осталось 100% входящего потока (20 тыс. KZT от 1 плательщиков); колено 3.,3,False,1,0,20000.0,0.0,1,0,0.0,1.0,0.0,0,0,0.0005415991635083555,0.0,3,270,,1,False
100000005767403100,boundary,0.5,34,0.3,"Граница выгрузки: колено 4; исходящие здесь не собирались, вывод об удержании невозможен.",4,False,1,0,1100000.0,0.0,2,0,0.0,1.0,0.0,0,0,0.0010818599457011425,0.0,0,1877,,1,True
100000005778283100,consolidator,0.8,10,0.6399725682087782,"Признаки сбора: 3 плательщиков, из них seed: 2; входящий поток 615,8 тыс. KZT.",1,False,3,0,615760.0,0.0,3,0,0.0,1.0,0.0,2,3,0.0004375840554275676,0.0,0,1877,,1,False
100000005782781100,coordinator,0.6826,10,0.890717674970344,"Признаки координации: 6 плательщиков → 10 получателей; оборот 1,4 млн KZT; достижимы seed-клиенты: 1 в пределах 2 шагов.",2,False,6,10,171888.0,1263597.0,10,10,7.351281066741134,-6.351281066741134,1091709.0,0,1,0.0004875096527600848,0.0005683243291461325,0,1877,1.0,3,False
100000005782886100,boundary,0.5,2,0.2515606465005931,"Граница выгрузки: колено 4; исходящие здесь не собирались, вывод об удержании невозможен.",4,False,1,0,14000.0,0.0,1,0,0.0,1.0,0.0,0,0,0.0003635318365000818,0.0,0,1877,,1,True
100000005783452100,boundary,0.5,9,0.3,"Граница выгрузки: колено 4; исходящие здесь не собирались, вывод об удержании невозможен.",4,False,2,0,286500.0,0.0,2,0,0.0,1.0,0.0,0,0,0.0003144185669015849,0.0,0,1877,,2,True
100000005799271100,terminal,0.9,11,0.3560683570581258,Признаки удержания: осталось 100% входящего потока (45 тыс. KZT от 1 плательщиков); колено 2.,2,False,1,0,45000.0,0.0,2,0,0.0,1.0,0.0,0,1,0.0005366730310712545,0.0,0,1877,,1,False
100000005807278100,terminal,0.9,46,0.23111284104389085,"Признаки удержания: осталось 100% входящего потока (8,4 тыс. KZT от 1 плательщиков); колено 1.",1,False,1,0,8385.0,0.0,1,0,0.0,1.0,0.0,1,1,0.0002929553322377627,0.0,10,6,,1,False
100000005809252100,terminal,0.9,5,0.3333815243179122,Признаки удержания: осталось 100% входящего потока (25 тыс. KZT от 1 плательщиков); колено 2.,2,False,1,0,25000.0,0.0,1,0,0.0,1.0,0.0,0,1,0.000567128634229815,0.0,0,1877,,1,False
100000005815602100,peripheral,0.5,4,0.3,Явное правило роли не сработало: 1 плательщиков и 1 получателей; входящий поток 20 тыс. KZT.,3,False,1,1,20000.0,165000.0,1,1,8.25,-7.25,145000.0,0,0,0.0005521710322392155,1.9418391435934565e-05,0,1877,0.0,1,False
100000005820746100,terminal,0.6789,24,0.4509378706998814,Признаки удержания: осталось 97% входящего потока (2 млн KZT от 1 плательщиков); колено 3.,3,False,1,1,1989000.0,60000.0,2,1,0.030165912518853696,0.9698340874811463,0.0,0,0,0.0009894619054566852,0.0,0,1877,0.0,1,False
100000005830339100,consolidator,0.6667,3,0.5925192763938316,"Признаки сбора: 5 плательщиков, из них seed: 0; входящий поток 476,3 тыс. KZT.",3,False,5,1,476341.0,339251.0,12,1,0.7122019729563485,0.28779802704365154,0.0,0,0,0.00036360006135440447,3.797814651585842e-06,0,1877,0.0,1,False
100000005834479100,peripheral,0.5,6,0.3,"Явное правило роли не сработало: 1 плательщиков и 2 получателей; входящий поток 7,5 тыс. KZT.",2,False,1,2,7500.0,14470.0,1,2,1.9293333333333333,-0.9293333333333333,6970.0,0,1,0.00028675165047446034,1.9811752130374257e-06,0,1877,0.0,1,False
100000005844459100,terminal,0.9,0,0.5083147983392645,"Признаки удержания: осталось 100% входящего потока (243,4 тыс. KZT от 2 плательщиков); колено 1.",1,False,2,0,243400.0,0.0,2,0,0.0,1.0,0.0,1,1,0.00033808255774742736,0.0,0,1877,,1,False
100000005847078100,terminal,0.7,1,0.20202772835112692,"Признаки удержания: осталось 100% входящего потока (16,3 тыс. KZT от 1 плательщиков); колено 3.",3,False,1,0,16300.0,0.0,1,0,0.0,1.0,0.0,0,0,0.0002881133620179714,0.0,3,270,,1,False
100000005849100100,terminal,0.9,3,0.3384971826809015,"Признаки удержания: осталось 100% входящего потока (33,3 тыс. KZT от 1 плательщиков); колено 2.",2,False,1,0,33300.0,0.0,1,0,0.0,1.0,0.0,0,1,0.0004907169210974125,0.0,0,1877,,1,False
100000005849862100,boundary,0.5,10,0.2689538849347568,"Граница выгрузки: колено 4; исходящие здесь не собирались, вывод об удержании невозможен.",4,False,1,0,13000.0,0.0,2,0,0.0,1.0,0.0,0,0,0.0005484355639203494,0.0,0,1877,,1,True
100000005852946100,terminal,0.9,3,0.29514012455516014,"Признаки удержания: осталось 100% входящего потока (23,7 тыс. KZT от 1 плательщиков); колено 1.",1,False,1,0,23746.0,0.0,1,0,0.0,1.0,0.0,1,2,0.00029032410857340684,0.0,0,1877,,1,False
100000005857058100,terminal,0.7,0,0.4620366251482799,"Признаки удержания: осталось 100% входящего потока (80,2 тыс. KZT от 3 плательщиков); колено 3.",3,False,3,0,80222.0,0.0,3,0,0.0,1.0,0.0,0,0,0.0003899337552291797,0.0,0,1877,,1,False
100000005873152100,transit,1.0,11,0.3150170521945433,"Признаки транзита: получено 10 тыс., отправлено 10 тыс. KZT; передано дальше 100% входящего потока. 0% исходящих сумм попали в окно 2 дней после входящего.",3,False,1,1,10000.0,10000.0,1,1,1.0,0.0,0.0,0,0,0.0004674555308962058,3.962937027741748e-07,0,1877,0.0,1,False
100000005877725100,terminal,0.9,1,0.3331591043890866,Признаки удержания: осталось 100% входящего потока (70 тыс. KZT от 1 плательщиков); колено 1.,1,False,1,0,70000.0,0.0,1,0,0.0,1.0,0.0,1,1,0.0003002614742736321,0.0,3,270,,1,False
100000005878334100,boundary,0.5,20,0.3,"Граница выгрузки: колено 4; исходящие здесь не собирались, вывод об удержании невозможен.",4,False,1,0,76400.0,0.0,2,0,0.0,1.0,0.0,0,0,0.0003989642564463486,0.0,0,1877,,1,True
100000005882013100,terminal,0.8333,13,0.573469009489917,Признаки удержания: осталось 93% входящего потока (135 тыс. KZT от 2 плательщиков); колено 2.,2,False,2,1,135000.0,10000.0,3,1,0.07407407407407407,0.9259259259259259,0.0,0,1,0.0005264244942722106,0.0,0,1877,1.0,1,False
100000005888829100,boundary,0.5,2,0.3,"Граница выгрузки: колено 4; исходящие здесь не собирались, вывод об удержании невозможен.",4,False,1,0,197000.0,0.0,1,0,0.0,1.0,0.0,0,0,0.00031148616447209,0.0,0,1877,,1,True
100000005893892100,terminal,0.7,5,0.29190762158956113,"Признаки удержания: осталось 100% входящего потока (102,8 тыс. KZT от 1 плательщиков); колено 3.",3,False,1,0,102780.0,0.0,1,0,0.0,1.0,0.0,0,0,0.0002889003091286252,0.0,0,1877,,1,False
100000005895525100,terminal,0.9,46,0.3871626631079478,Признаки удержания: осталось 100% входящего потока (120 тыс. KZT от 1 плательщиков); колено 1.,1,False,1,0,120000.0,0.0,3,0,0.0,1.0,0.0,1,1,0.0003912728794834347,0.0,10,6,,1,False
100000005897462100,terminal,0.9,11,0.38143905693950175,"Признаки удержания: осталось 100% входящего потока (98,4 тыс. KZT от 1 плательщиков); колено 1.",1,False,1,0,98400.0,0.0,1,0,0.0,1.0,0.0,1,2,0.0003004936394973039,0.0,0,1877,,1,False
100000005901606100,terminal,0.9,1,0.29018757413997626,"Признаки удержания: осталось 100% входящего потока (35,7 тыс. KZT от 1 плательщиков); колено 1.",1,False,1,0,35660.0,0.0,1,0,0.0,1.0,0.0,1,1,0.0002930539105145642,0.0,3,270,,1,False
100000005904580100,terminal,0.9,12,0.5127335409252669,Признаки удержания: осталось 100% входящего потока (72 тыс. KZT от 2 плательщиков); колено 2.,2,False,2,0,72000.0,0.0,2,0,0.0,1.0,0.0,0,1,0.0005227099859368698,0.0,0,1877,,2,False
100000005910114100,distributor,0.6583,0,0.7963749639003171,"Признаки распределения: 19 получателей; исходящий поток 1,5 млн KZT.",3,False,3,19,326144.0,1469993.0,3,56,4.507190075549451,-3.5071900755494507,1143849.0,0,0,0.0003616504127742257,0.005842206056572952,0,1877,0.42215711231277975,1,False
100000005910895100,boundary,0.5,33,0.25431865361803085,"Граница выгрузки: колено 4; исходящие здесь не собирались, вывод об удержании невозможен.",4,False,1,0,5100.0,0.0,1,0,0.0,1.0,0.0,0,0,0.0005976000607837528,0.0,0,1877,,1,True
100000005911352100,peripheral,0.5,38,0.3,Явное правило роли не сработало: 2 плательщиков и 3 получателей; входящий поток 15 тыс. KZT.,2,False,2,3,15000.0,24000.0,2,3,1.6,-0.6000000000000001,9000.0,0,1,0.000551734499856716,9.7488250882447e-05,0,1877,0.0,1,False
100000005931985100,terminal,0.9,9,0.34717155990510085,Признаки удержания: осталось 100% входящего потока (76 тыс. KZT от 1 плательщиков); колено 2.,2,False,1,0,76000.0,0.0,1,0,0.0,1.0,0.0,0,1,0.00031289664456344305,0.0,0,1877,,1,False
100000005932987100,terminal,0.9,34,0.31843490510083033,Признаки удержания: осталось 100% входящего потока (25 тыс. KZT от 1 плательщиков); колено 2.,2,False,1,0,25000.0,0.0,3,0,0.0,1.0,0.0,0,1,0.00041180862454995846,0.0,0,1877,,1,False
100000005933757100,distributor,0.7833,14,0.8916258896797153,Признаки распределения: 34 получателей; исходящий поток 3 млн KZT.,2,False,4,34,1246000.0,3002628.0,6,46,2.409813804173355,-1.4098138041733548,1756628.0,0,1,0.000997985572013045,0.0038927878243158664,0,1877,0.6113238136725562,2,False
100000005939154100,terminal,0.9,4,0.26790109727164885,Признаки удержания: осталось 100% входящего потока (22 тыс. KZT от 1 плательщиков); колено 2.,2,False,1,0,22000.0,0.0,2,0,0.0,1.0,0.0,0,1,0.0002936966648040269,0.0,0,1877,,1,False
100000005940652100,terminal,0.9,40,0.28074214116251484,"Признаки удержания: осталось 100% входящего потока (8,4 тыс. KZT от 1 плательщиков); колено 1.",1,False,1,0,8395.0,0.0,1,0,0.0,1.0,0.0,1,3,0.00028808836221548404,0.0,0,1877,,1,False
100000005941908100,terminal,0.7,14,0.2681531731909846,Признаки удержания: осталось 100% входящего потока (10 тыс. KZT от 1 плательщиков); колено 3.,3,False,1,0,10000.0,0.0,1,0,0.0,1.0,0.0,0,0,0.0006923487710335455,0.0,0,1877,,1,False
100000005942793100,terminal,0.9,0,0.5157473309608541,Признаки удержания: осталось 100% входящего потока (55 тыс. KZT от 4 плательщиков); колено 2.,2,False,4,0,55000.0,0.0,4,0,0.0,1.0,0.0,0,1,0.0003322322681540015,0.0,0,1877,,2,False
100000005958064100,peripheral,0.5,14,0.3,"Явное правило роли не сработало: 1 плательщиков и 2 получателей; входящий поток 5,7 тыс. KZT.",1,False,1,2,5746.0,163986.84,1,3,28.539303863557258,-27.539303863557258,158240.84,1,1,0.000286187092952855,2.512821053409152e-05,0,1877,0.0,1,False
100000005961971100,terminal,0.9,1,0.30798116844602613,"Признаки удержания: осталось 100% входящего потока (47,4 тыс. KZT от 1 плательщиков); колено 1.",1,False,1,0,47353.0,0.0,1,0,0.0,1.0,0.0,1,1,0.00029550813424883264,0.0,3,270,,1,False
100000005974542100,terminal,0.7,23,0.35040406287069986,"Признаки удержания: осталось 100% входящего потока (94,5 тыс. KZT от 1 плательщиков); колено 3.",3,False,1,0,94500.0,0.0,3,0,0.0,1.0,0.0,0,0,0.00048304721912277837,0.0,0,1877,,1,False
100000005979037100,boundary,0.5,6,0.3,"Граница выгрузки: колено 4; исходящие здесь не собирались, вывод об удержании невозможен.",4,False,1,0,60300.0,0.0,1,0,0.0,1.0,0.0,0,0,0.00032484634241535936,0.0,0,1877,,1,True
100000005995391100,terminal,0.7,1,0.2047634934756821,"Признаки удержания: осталось 100% входящего потока (17,2 тыс. KZT от 1 плательщиков); колено 3.",3,False,1,0,17200.0,0.0,1,0,0.0,1.0,0.0,0,0,0.000288253832019236,0.0,3,270,,1,False
100000005996909100,terminal,0.7,15,0.21917630486358244,"Признаки удержания: осталось 100% входящего потока (5,5 тыс. KZT от 1 плательщиков); колено 3.",3,False,1,0,5500.0,0.0,1,0,0.0,1.0,0.0,0,0,0.00031594960600230085,0.0,0,1877,,1,False
100000006008169100,terminal,0.9,12,0.32871070581257417,Признаки удержания: осталось 100% входящего потока (70 тыс. KZT от 1 плательщиков); колено 1.,1,False,1,0,70000.0,0.0,1,0,0.0,1.0,0.0,1,1,0.000297186147982845,0.0,0,1877,,1,False
100000006020215100,transit,0.6833,13,0.45112975682087786,"Признаки транзита: получено 30 тыс., отправлено 33,8 тыс. KZT; передано дальше 113% входящего потока. 0% исходящих сумм попали в окно 2 дней после входящего.",3,False,1,2,30000.0,33800.0,1,2,1.1266666666666667,-0.1266666666666667,3800.0,0,0,0.00029667460701655716,6.055520199044305e-05,0,1877,0.0,1,False
100000006030946100,terminal,0.9,1,0.3358726275207592,"Признаки удержания: осталось 100% входящего потока (73,3 тыс. KZT от 1 плательщиков); колено 1.",1,False,1,0,73289.0,0.0,1,0,0.0,1.0,0.0,1,1,0.0003009517968479936,0.0,3,270,,1,False
100000006048193100,terminal,0.7,0,0.26993253262158956,"Признаки удержания: осталось 100% входящего потока (41,6 тыс. KZT от 1 плательщиков); колено 3.",3,False,1,0,41559.0,0.0,1,0,0.0,1.0,0.0,0,0,0.00029641085375483743,0.0,0,1877,,1,False
100000006069103100,transit,0.5501,54,0.650746546737841,"Признаки транзита: получено 228,8 тыс., отправлено 270 тыс. KZT; передано дальше 118% входящего потока. 17% исходящих сумм попали в окно 2 дней после входящего.",1,False,3,3,228818.0,270000.0,3,4,1.1799770997036947,-0.1799770997036947,41182.0,1,1,0.0011516310982681744,5.805702745641661e-05,0,1877,0.16666666666666666,1,False
100000006100920100,terminal,0.7,0,0.3338560201660735,Признаки удержания: осталось 100% входящего потока (100 тыс. KZT от 1 плательщиков); колено 3.,3,False,1,0,100000.0,0.0,1,0,0.0,1.0,0.0,0,0,0.00032650852666292734,0.0,0,1877,,1,False
100000006111439100,transit,0.5831,5,0.48576064472123365,"Признаки транзита: получено 20,6 тыс., отправлено 24 тыс. KZT; передано дальше 117% входящего потока. 0% исходящих сумм попали в окно 2 дней после входящего.",3,False,3,4,20570.0,24000.0,3,4,1.166747690811862,-0.16674769081186191,3430.0,0,0,0.00036550170106991627,1.7555636130218346e-05,0,1877,0.0,1,False
100000006111442100,terminal,0.7,2,0.289372034400949,Признаки удержания: осталось 100% входящего потока (64 тыс. KZT от 1 плательщиков); колено 3.,3,False,1,0,64000.0,0.0,1,0,0.0,1.0,0.0,0,0,0.00029552622405626476,0.0,0,1877,,1,False
100000006122699100,terminal,0.9,4,0.48368549822064055,"Признаки удержания: осталось 100% входящего потока (45,9 тыс. KZT от 2 плательщиков); колено 2.",2,False,2,0,45865.0,0.0,2,0,0.0,1.0,0.0,0,1,0.0004047064849586192,0.0,0,1877,,2,False
100000006126743100,terminal,0.7,5,0.2592118920521945,Признаки удержания: осталось 100% входящего потока (55 тыс. KZT от 1 плательщиков); колено 3.,3,False,1,0,55000.0,0.0,1,0,0.0,1.0,0.0,0,0,0.00028735179879136544,0.0,0,1877,,1,False
100000006161893100,terminal,0.9,4,0.3003299228944247,Признаки удержания: осталось 100% входящего потока (14 тыс. KZT от 1 плательщиков); колено 2.,2,False,1,0,14000.0,0.0,1,0,0.0,1.0,0.0,0,1,0.0005318535188146678,0.0,0,1877,,1,False
100000006165886100,peripheral,0.5,0,0.3,"Явное правило роли не сработало: 2 плательщиков и 1 получателей; входящий поток 184,5 тыс. KZT.",3,False,2,1,184481.0,75000.0,2,1,0.4065459315593476,0.5934540684406524,0.0,0,0,0.00029856163893927847,6.92098645202041e-07,0,1877,1.0,1,False
100000006169033100,peripheral,0.5,42,0.3,Явное правило роли не сработало: 1 плательщиков и 3 получателей; входящий поток 49 тыс. KZT.,3,False,1,3,49000.0,1140271.0,1,10,23.270836734693876,-22.270836734693876,1091271.0,0,0,0.00041804163396876693,3.923307657464331e-05,0,1877,0.0,1,False
100000006171671100,boundary,0.5,0,0.25640940094899173,"Граница выгрузки: колено 4; исходящие здесь не собирались, вывод об удержании невозможен.",4,False,1,0,10000.0,0.0,1,0,0.0,1.0,0.0,0,0,0.0005290656990407927,0.0,0,1877,,1,True
100000006177176100,terminal,0.9,4,0.2099829478054567,"Признаки удержания: осталось 100% входящего потока (8,9 тыс. KZT от 1 плательщиков); колено 1.",1,False,1,0,8911.0,0.0,1,0,0.0,1.0,0.0,1,1,0.0002865273875922669,0.0,0,1877,,1,False
100000006209210100,terminal,0.7,10,0.37246811981020167,"Признаки удержания: осталось 100% входящего потока (229,1 тыс. KZT от 1 плательщиков); колено 3.",3,False,1,0,229111.0,0.0,1,0,0.0,1.0,0.0,0,0,0.0003608027133122132,0.0,0,1877,,1,False
100000006225798100,consolidator,0.6,16,0.584745699881376,"Признаки сбора: 3 плательщиков, из них seed: 0; входящий поток 722 тыс. KZT.",3,False,3,2,722000.0,26300.0,4,2,0.03642659279778394,0.9635734072022161,0.0,0,0,0.00035996892038230857,3.844048916909496e-05,0,1877,0.0,1,False
100000006232642100,boundary,0.5,42,0.3,"Граница выгрузки: колено 4; исходящие здесь не собирались, вывод об удержании невозможен.",4,False,1,0,456000.0,0.0,4,0,0.0,1.0,0.0,0,0,0.0004278560911161403,0.0,0,1877,,1,True
100000006232815100,peripheral,0.5,29,0.3,Явное правило роли не сработало: 1 плательщиков и 5 получателей; входящий поток 160 тыс. KZT. Входящие извне выборки не наблюдаются.,0,True,1,5,160000.0,296500.0,2,5,1.853125,-0.8531249999999999,136500.0,0,1,0.0005566536352336269,2.774055919419224e-06,5,13,0.0,1,False
100000006240939100,peripheral,0.5,8,0.3,Явное правило роли не сработало: 1 плательщиков и 5 получателей; входящий поток 160 тыс. KZT.,2,False,1,5,160000.0,778015.0,1,5,4.86259375,-3.8625937500000003,618015.0,0,1,0.0003187471159015583,4.161083879128836e-06,0,1877,0.2120331870208158,1,False
100000006248077100,terminal,0.9,4,0.3416258896797153,Признаки удержания: осталось 100% входящего потока (50 тыс. KZT от 1 плательщиков); колено 2.,2,False,1,0,50000.0,0.0,1,0,0.0,1.0,0.0,0,2,0.00029385096746579835,0.0,0,1877,,1,False
100000006249740100,peripheral,0.5,53,0.3,Явное правило роли не сработало: 0 плательщиков и 3 получателей; входящий поток 0 KZT. Входящие извне выборки не наблюдаются.,0,True,0,3,0.0,93007.0,0,5,,0.0,93007.0,0,0,0.0002855692942172909,0.0,29,5,0.0,0,False
100000006257675100,boundary,0.5,22,0.3,"Граница выгрузки: колено 4; исходящие здесь не собирались, вывод об удержании невозможен.",4,False,1,0,70000.0,0.0,2,0,0.0,1.0,0.0,0,0,0.0003826480172080926,0.0,0,1877,,1,True
100000006274203100,terminal,0.6853,17,0.6263159845788849,"Признаки удержания: осталось 98% входящего потока (3,4 млн KZT от 2 плательщиков); колено 3.",3,False,2,3,3417512.0,72000.0,41,3,0.02106795821053445,0.9789320417894656,0.0,0,0,0.0006321051467844574,3.734276532549144e-05,0,1877,0.06944444444444445,1,False
100000006288612100,boundary,0.5,12,0.2595232799525504,"Граница выгрузки: колено 4; исходящие здесь не собирались, вывод об удержании невозможен.",4,False,1,0,30805.0,0.0,3,0,0.0,1.0,0.0,0,0,0.0002976242451746879,0.0,0,1877,,1,True
100000006308406100,boundary,0.5,22,0.3,"Граница выгрузки: колено 4; исходящие здесь не собирались, вывод об удержании невозможен.",4,False,1,0,183000.0,0.0,2,0,0.0,1.0,0.0,0,0,0.0005393608128932442,0.0,0,1877,,1,True
100000006326645100,terminal,0.9,1,0.26790109727164885,"Признаки удержания: осталось 100% входящего потока (25,3 тыс. KZT от 1 плательщиков); колено 1.",1,False,1,0,25264.0,0.0,1,0,0.0,1.0,0.0,1,1,0.00029087191188791094,0.0,3,270,,1,False
100000006351075100,boundary,0.5,41,0.2560090450771056,"Граница выгрузки: колено 4; исходящие здесь не собирались, вывод об удержании невозможен.",4,False,1,0,40000.0,0.0,2,0,0.0,1.0,0.0,0,0,0.0002910853306876047,0.0,0,1877,,1,True
100000006369769100,terminal,0.9,1,0.2969491399762752,Признаки удержания: осталось 100% входящего потока (40 тыс. KZT от 1 плательщиков); колено 1.,1,False,1,0,40000.0,0.0,1,0,0.0,1.0,0.0,1,1,0.00029396482567805725,0.0,3,270,,1,False
100000006381453100,boundary,0.5,2,0.3,"Граница выгрузки: колено 4; исходящие здесь не собирались, вывод об удержании невозможен.",4,False,1,0,45000.0,0.0,1,0,0.0,1.0,0.0,0,0,0.0005761677704875265,0.0,0,1877,,1,True
100000006385877100,peripheral,0.5,2,0.3,"Явное правило роли не сработало: 1 плательщиков и 1 получателей; входящий поток 53,7 тыс. KZT.",2,False,1,1,53706.62,36602.93,5,5,0.6815347903107661,0.31846520968923386,0.0,0,1,0.0020942975539589266,0.0,0,1877,0.3033344598369584,1,False
100000006412162100,boundary,0.5,18,0.21632932977461447,"Граница выгрузки: колено 4; исходящие здесь не собирались, вывод об удержании невозможен.",4,False,1,0,15000.0,0.0,2,0,0.0,1.0,0.0,0,0,0.00029359653846417166,0.0,0,1877,,1,True
100000006416061100,boundary,0.5,0,0.29666740806642944,"Граница выгрузки: колено 4; исходящие здесь не собирались, вывод об удержании невозможен.",4,False,1,0,30000.0,0.0,1,0,0.0,1.0,0.0,0,0,0.0004348563786213132,0.0,0,1877,,1,True
100000006424479100,peripheral,0.5,13,0.3,Явное правило роли не сработало: 1 плательщиков и 2 получателей; входящий поток 500 тыс. KZT.,2,False,1,2,500000.0,220000.0,2,3,0.44,0.56,0.0,0,1,0.0009438231531441734,7.311618816183526e-05,0,1877,0.0,1,False
100000006443391100,peripheral,0.5,2,0.3,"Явное правило роли не сработало: 3 плательщиков и 2 получателей; входящий поток 86,8 тыс. KZT.",1,False,3,2,86775.93,60041.71000000001,7,6,0.6919166409394865,0.30808335906051354,0.0,1,1,0.0024195077535015437,1.1888811083225246e-06,0,1877,0.894488514734174,1,False
100000006444163100,terminal,0.7,0,0.22229018386714117,Признаки удержания: осталось 100% входящего потока (6 тыс. KZT от 1 плательщиков); колено 3.,3,False,1,0,6026.0,0.0,1,0,0.0,1.0,0.0,0,0,0.00031891138227469064,0.0,0,1877,,1,False
100000006445501100,terminal,0.9,11,0.37614546263345194,Признаки удержания: осталось 100% входящего потока (91 тыс. KZT от 1 плательщиков); колено 1.,1,False,1,0,91000.0,0.0,1,0,0.0,1.0,0.0,1,2,0.0002993712801977907,0.0,0,1877,,1,False
100000006446271100,terminal,0.9,3,0.5205330664294188,Признаки удержания: осталось 100% входящего потока (80 тыс. KZT от 2 плательщиков); колено 1.,1,False,2,0,80000.0,0.0,2,0,0.0,1.0,0.0,1,2,0.0003139136962099016,0.0,0,1877,,2,False
100000006471232100,terminal,0.7,1,0.26085779952550414,"Признаки удержания: осталось 100% входящего потока (41,8 тыс. KZT от 1 плательщиков); колено 3.",3,False,1,0,41800.0,0.0,1,0,0.0,1.0,0.0,0,0,0.00029209334538713425,0.0,3,270,,1,False
100000006476758100,terminal,0.7,11,0.24497701660735466,"Признаки удержания: осталось 100% входящего потока (5,2 тыс. KZT от 1 плательщиков); колено 3.",3,False,1,0,5200.0,0.0,1,0,0.0,1.0,0.0,0,0,0.0005168074362570573,0.0,0,1877,,1,False
100000006490557100,terminal,0.9,10,0.20032992289442467,Признаки удержания: осталось 100% входящего потока (5 тыс. KZT от 1 плательщиков); колено 2.,2,False,1,0,5000.0,0.0,1,0,0.0,1.0,0.0,0,1,0.0002861622896167226,0.0,0,1877,,1,False
100000006490615100,boundary,0.5,13,0.3,"Граница выгрузки: колено 4; исходящие здесь не собирались, вывод об удержании невозможен.",4,False,1,0,41600.0,0.0,6,0,0.0,1.0,0.0,0,0,0.00039474588702010044,0.0,0,1877,,1,True
100000006491272100,terminal,0.7,1,0.2329440984578885,"Признаки удержания: осталось 100% входящего потока (26,2 тыс. KZT от 1 плательщиков); колено 3.",3,False,1,0,26200.0,0.0,1,0,0.0,1.0,0.0,0,0,0.00028965853203188175,0.0,3,270,,1,False
100000006491963100,boundary,0.5,18,0.22140050415183865,"Граница выгрузки: колено 4; исходящие здесь не собирались, вывод об удержании невозможен.",4,False,1,0,16000.0,0.0,3,0,0.0,1.0,0.0,0,0,0.0002941316880806304,0.0,0,1877,,1,True
100000006492770100,terminal,0.648,0,0.4660031138790036,Признаки удержания: осталось 93% входящего потока (269 тыс. KZT от 1 плательщиков); колено 3.,3,False,1,1,269000.0,20000.0,1,1,0.07434944237918216,0.9256505576208178,0.0,0,0,0.0003007193653545543,1.922024458454748e-05,0,1877,1.0,1,False
100000006512787100,boundary,0.5,0,0.28198769276393837,"Граница выгрузки: колено 4; исходящие здесь не собирались, вывод об удержании невозможен.",4,False,1,0,20000.0,0.0,2,0,0.0,1.0,0.0,0,0,0.0005300461906110881,0.0,0,1877,,1,True
100000006518161100,transit,0.9929,4,0.7288402562927881,"Признаки транзита: получено 594,2 тыс., отправлено 595,9 тыс. KZT; передано дальше 100% входящего потока. 71% исходящих сумм попали в окно 2 дней после входящего.",1,False,3,2,594200.0,595899.0,13,13,1.002859306630764,-0.002859306630764058,1699.0,1,2,0.000810805332870047,5.785888060502952e-05,0,1877,0.7147167556918202,2,False
100000006522972100,terminal,0.7,5,0.21650726571767498,"Признаки удержания: осталось 100% входящего потока (9,5 тыс. KZT от 1 плательщиков); колено 3.",3,False,1,0,9515.0,0.0,1,0,0.0,1.0,0.0,0,0,0.00030331012596478374,0.0,0,1877,,1,False
100000006523053100,terminal,0.9,3,0.28071248517200476,Признаки удержания: осталось 100% входящего потока (5 тыс. KZT от 1 плательщиков); колено 2.,2,False,1,0,5000.0,0.0,1,0,0.0,1.0,0.0,0,1,0.0005386541417252824,0.0,0,1877,,1,False
100000006527156100,boundary,0.5,47,0.27656064650059314,"Граница выгрузки: колено 4; исходящие здесь не собирались, вывод об удержании невозможен.",4,False,1,0,48500.0,0.0,1,0,0.0,1.0,0.0,0,0,0.0002960785446390128,0.0,0,1877,,1,True
100000006530134100,terminal,0.7,5,0.43071989916963227,"Признаки удержания: осталось 100% входящего потока (144,7 тыс. KZT от 2 плательщиков); колено 3.",3,False,2,0,144663.0,0.0,2,0,0.0,1.0,0.0,0,0,0.0002990877788977742,0.0,0,1877,,1,False
100000006532229100,terminal,0.7,2,0.31868698102016607,Признаки удержания: осталось 100% входящего потока (105 тыс. KZT от 1 плательщиков); колено 3.,3,False,1,0,105000.0,0.0,1,0,0.0,1.0,0.0,0,0,0.0003006351862930432,0.0,0,1877,,1,False
100000006534886100,peripheral,0.5,4,0.3,"Явное правило роли не сработало: 1 плательщиков и 1 получателей; входящий поток 71,7 тыс. KZT.",2,False,1,1,71700.0,167500.0,5,8,2.336122733612273,-1.3361227336122732,95800.0,0,1,0.0011276985721232183,0.0,0,1877,0.4835820895522388,1,False
100000006557763100,terminal,0.9,3,0.2726163997627521,Признаки удержания: осталось 100% входящего потока (10 тыс. KZT от 1 плательщиков); колено 2.,2,False,1,0,10000.0,0.0,1,0,0.0,1.0,0.0,0,1,0.0003471751881752854,0.0,0,1877,,1,False
100000006562026100,terminal,0.9,53,0.5258563167259787,Признаки удержания: осталось 100% входящего потока (75 тыс. KZT от 2 плательщиков); колено 1.,1,False,2,0,75000.0,0.0,6,0,0.0,1.0,0.0,2,2,0.0006853595679127575,0.0,29,5,,1,False
100000006564102100,terminal,0.9,3,0.41465376631079476,"Признаки удержания: осталось 100% входящего потока (233,2 тыс. KZT от 1 плательщиков); колено 2.",2,False,1,0,233235.0,0.0,1,0,0.0,1.0,0.0,0,1,0.00042809593979465266,0.0,0,1877,,1,False
100000006567935100,terminal,0.9,30,0.38453810794780546,Признаки удержания: осталось 100% входящего потока (200 тыс. KZT от 1 плательщиков); колено 2.,2,False,1,0,200000.0,0.0,1,0,0.0,1.0,0.0,0,1,0.00031055602097400365,0.0,0,1877,,1,False
100000006573438100,terminal,0.7,42,0.20084890272835113,Признаки удержания: осталось 100% входящего потока (5 тыс. KZT от 1 плательщиков); колено 3.,3,False,1,0,5000.0,0.0,1,0,0.0,1.0,0.0,0,0,0.000299086879906217,0.0,0,1877,,1,False
100000006579678100,peripheral,0.5,4,0.3,"Явное правило роли не сработало: 2 плательщиков и 6 получателей; входящий поток 192,9 тыс. KZT.",1,False,2,6,192930.0,1668800.0,2,15,8.649769346395066,-7.6497693463950664,1475870.0,1,1,0.0006256438748763364,0.0004489435551961264,0,1877,0.12080536912751678,1,False
100000006595426100,terminal,0.9,0,0.360783659549229,"Признаки удержания: осталось 100% входящего потока (84,8 тыс. KZT от 1 плательщиков); колено 2.",2,False,1,0,84800.0,0.0,3,0,0.0,1.0,0.0,0,1,0.00033431978040964773,0.0,0,1877,,1,False
100000006612238100,terminal,0.7594,1,0.46032399169632265,Признаки удержания: осталось 84% входящего потока (160 тыс. KZT от 1 плательщиков); колено 2.,2,False,1,1,160000.0,25000.0,1,1,0.15625,0.84375,0.0,0,1,0.00033991126391326877,0.0,3,270,1.0,1,False
100000006638021100,boundary,0.5,48,0.3,"Граница выгрузки: колено 4; исходящие здесь не собирались, вывод об удержании невозможен.",4,False,2,0,388500.0,0.0,2,0,0.0,1.0,0.0,0,0,0.000544485696289975,0.0,0,1877,,2,True
100000006641671100,transit,0.7591,6,0.5102653914590747,"Признаки транзита: получено 22 тыс., отправлено 25 тыс. KZT; передано дальше 114% входящего потока. 80% исходящих сумм попали в окно 2 дней после входящего.",3,False,2,1,22000.0,25000.0,2,3,1.1363636363636365,-0.13636363636363646,3000.0,0,0,0.0004399911079982389,5.449038413144904e-06,0,1877,0.8,1,False
100000006656003100,peripheral,0.5,1,0.3,Явное правило роли не сработало: 1 плательщиков и 1 получателей; входящий поток 20 тыс. KZT.,1,False,1,1,20000.0,9000.0,1,1,0.45,0.55,0.0,1,1,0.0002897670599476741,0.0,3,270,1.0,1,False
100000006658598100,terminal,0.9,4,0.21038330367734281,Признаки удержания: осталось 100% входящего потока (9 тыс. KZT от 1 плательщиков); колено 1.,1,False,1,0,9000.0,0.0,1,0,0.0,1.0,0.0,1,1,0.00028653695669903076,0.0,0,1877,,1,False
100000006664478100,transit,0.7727,8,0.5499900652431792,"Признаки транзита: получено 55 тыс., отправлено 60 тыс. KZT; передано дальше 109% входящего потока. 67% исходящих сумм попали в окно 2 дней после входящего.",3,False,1,2,55000.0,60000.0,3,2,1.0909090909090908,-0.09090909090909083,5000.0,0,0,0.0006168426303113121,1.1888811083225246e-06,0,1877,0.6666666666666666,1,False
100000006679055100,terminal,0.9,3,0.2861395314353499,Признаки удержания: осталось 100% входящего потока (25 тыс. KZT от 1 плательщиков); колено 2.,2,False,1,0,25000.0,0.0,1,0,0.0,1.0,0.0,0,1,0.0003008464444710437,0.0,0,1877,,1,False
100000006684930100,terminal,0.9,13,0.2462373962040332,Признаки удержания: осталось 100% входящего потока (10 тыс. KZT от 1 плательщиков); колено 2.,2,False,1,0,10000.0,0.0,1,0,0.0,1.0,0.0,0,1,0.0002987343713958286,0.0,0,1877,,1,False
100000006687202100,terminal,0.9,0,0.3105834816132859,Признаки удержания: осталось 100% входящего потока (50 тыс. KZT от 1 плательщиков); колено 1.,1,False,1,0,50000.0,0.0,1,0,0.0,1.0,0.0,1,1,0.0002949519153763026,0.0,0,1877,,1,False
100000006689603100,boundary,0.5,6,0.3,"Граница выгрузки: колено 4; исходящие здесь не собирались, вывод об удержании невозможен.",4,False,1,0,400000.0,0.0,2,0,0.0,1.0,0.0,0,0,0.00031238935878786454,0.0,0,1877,,1,True
100000006693788100,boundary,0.5,0,0.26152505931198106,"Граница выгрузки: колено 4; исходящие здесь не собирались, вывод об удержании невозможен.",4,False,1,0,10764.0,0.0,1,0,0.0,1.0,0.0,0,0,0.0005320949120369108,0.0,0,1877,,1,True
100000006701983100,terminal,0.7,1,0.23490139383155398,Признаки удержания: осталось 100% входящего потока (27 тыс. KZT от 1 плательщиков); колено 3.,3,False,1,0,27000.0,0.0,1,0,0.0,1.0,0.0,0,0,0.000289783394255228,0.0,3,270,,1,False
100000006704530100,transit,0.8751,27,0.5966674080664295,"Признаки транзита: получено 450,5 тыс., отправлено 428 тыс. KZT; передано дальше 95% входящего потока. 0% исходящих сумм попали в окно 2 дней после входящего.",3,False,1,3,450500.0,428000.0,1,5,0.9500554938956715,0.049944506104328545,0.0,0,0,0.0003985422277542583,5.8849614861964964e-05,0,1877,0.0,1,False
100000006706519100,boundary,0.5,0,0.3,"Граница выгрузки: колено 4; исходящие здесь не собирались, вывод об удержании невозможен.",4,False,1,0,36000.0,0.0,3,0,0.0,1.0,0.0,0,0,0.00039071092103657676,0.0,0,1877,,1,True
100000006707582100,distributor,0.6167,11,0.8768276033897927,"Признаки распределения: 14 получателей; исходящий поток 961,1 тыс. KZT.",1,False,2,14,39520.0,961138.0,2,15,24.320293522267207,-23.320293522267207,921618.0,1,1,0.000538055648514295,0.00036346737439438065,0,1877,0.9479783340165512,1,False
100000006710485100,terminal,0.7,1,0.2137270166073547,Признаки удержания: осталось 100% входящего потока (20 тыс. KZT от 1 плательщиков); колено 3.,3,False,1,0,20000.0,0.0,1,0,0.0,1.0,0.0,0,0,0.000288690849800948,0.0,3,270,,1,False
100000006714366100,peripheral,0.5,13,0.3,"Явное правило роли не сработало: 1 плательщиков и 1 получателей; входящий поток 10,5 тыс. KZT.",3,False,1,1,10500.0,5000.0,1,1,0.47619047619047616,0.5238095238095238,0.0,0,0,0.0002894561536970341,1.922024458454748e-05,0,1877,1.0,1,False
100000006734214100,consolidator,0.6667,5,0.6642818307631475,"Признаки сбора: 5 плательщиков, из них seed: 0; входящий поток 610 тыс. KZT.",3,False,5,3,610000.0,36000.0,10,4,0.05901639344262295,0.940983606557377,0.0,0,0,0.0006063901366273083,5.9444055416126226e-05,0,1877,0.7222222222222222,2,False
100000006734554100,peripheral,0.5,29,0.3,"Явное правило роли не сработало: 1 плательщиков и 1 получателей; входящий поток 16,5 тыс. KZT.",1,False,1,1,16500.0,25000.0,1,1,1.5151515151515151,-0.5151515151515151,8500.0,1,1,0.0003119416985243868,5.944405541612623e-07,5,13,0.0,1,False
100000006735545100,boundary,0.5,6,0.1909289739027283,"Граница выгрузки: колено 4; исходящие здесь не собирались, вывод об удержании невозможен.",4,False,1,0,5000.0,0.0,1,0,0.0,1.0,0.0,0,0,0.0002932717116494771,0.0,0,1877,,1,True
100000006745291100,terminal,0.9,11,0.368672153024911,"Признаки удержания: осталось 100% входящего потока (82,5 тыс. KZT от 1 плательщиков); колено 1.",1,False,1,0,82534.0,0.0,1,0,0.0,1.0,0.0,1,2,0.0002980872404910774,0.0,0,1877,,1,False
100000006746688100,terminal,0.7,1,0.25961224792408066,Признаки удержания: осталось 100% входящего потока (41 тыс. KZT от 1 плательщиков); колено 3.,3,False,1,0,41000.0,0.0,1,0,0.0,1.0,0.0,0,0,0.000291968483163788,0.0,3,270,,1,False
100000006755850100,terminal,0.9,5,0.48579848754448396,"Признаки удержания: осталось 100% входящего потока (443,5 тыс. KZT от 1 плательщиков); колено 2.",2,False,1,0,443475.8,0.0,3,0,0.0,1.0,0.0,0,2,0.0006492085817124324,0.0,0,1877,,1,False
100000006756956100,boundary,0.5,0,0.3,"Граница выгрузки: колено 4; исходящие здесь не собирались, вывод об удержании невозможен.",4,False,1,0,121200.0,0.0,9,0,0.0,1.0,0.0,0,0,0.00031094703412755853,0.0,0,1877,,1,True
100000006787636100,terminal,0.9,54,0.29988508303677347,Признаки удержания: осталось 100% входящего потока (20 тыс. KZT от 1 плательщиков); колено 2.,2,False,1,0,20000.0,0.0,1,0,0.0,1.0,0.0,0,1,0.0003581033949231403,0.0,0,1877,,1,False
100000006788200100,peripheral,0.5,8,0.3,"Явное правило роли не сработало: 4 плательщиков и 3 получателей; входящий поток 272,2 тыс. KZT.",1,False,4,3,272155.8,64500.0,4,4,0.23699660268125833,0.7630033973187417,0.0,1,1,0.00033716343435244255,9.689381032828575e-05,0,1877,0.0,1,False
100000006789108100,terminal,0.9,11,0.3208518683274021,"Признаки удержания: осталось 100% входящего потока (37,5 тыс. KZT от 1 плательщиков); колено 1.",1,False,1,0,37500.0,0.0,1,0,0.0,1.0,0.0,1,2,0.0002912569258026617,0.0,0,1877,,1,False
100000006831291100,peripheral,0.5,53,0.1271825622775801,Явное правило роли не сработало: 0 плательщиков и 1 получателей; входящий поток 0 KZT. Входящие извне выборки не наблюдаются.,0,True,0,1,0.0,15000.0,0,3,,0.0,15000.0,0,0,0.0002855692942172909,0.0,29,5,0.0,0,False
100000006844004100,terminal,0.7,0,0.2890606465005931,"Признаки удержания: осталось 100% входящего потока (20,6 тыс. KZT от 1 плательщиков); колено 3.",3,False,1,0,20600.0,0.0,1,0,0.0,1.0,0.0,0,0,0.0005454417164852393,0.0,0,1877,,1,False
100000006844768100,peripheral,0.5,0,0.3,Явное правило роли не сработало: 1 плательщиков и 2 получателей; входящий поток 282 тыс. KZT.,2,False,1,2,282000.0,188000.0,5,5,0.6666666666666666,0.33333333333333337,0.0,0,1,0.0013707774167539043,3.883678287186913e-05,0,1877,0.8670212765957447,1,False
100000006852430100,terminal,0.9,11,0.3810831850533808,Признаки удержания: осталось 100% входящего потока (37 тыс. KZT от 1 плательщиков); колено 2.,2,False,1,0,37000.0,0.0,1,0,0.0,1.0,0.0,0,2,0.0005362020040442948,0.0,0,1877,,1,False
100000006866783100,coordinator,1.0,0,0.7401720047449585,"Признаки координации: 13 плательщиков → 67 получателей; оборот 4,8 млн KZT; достижимы seed-клиенты: 1 в пределах 2 шагов. Входящие извне выборки не наблюдаются.",0,True,13,67,838812.0,3948037.0,31,90,4.706700667133994,-3.706700667133994,3109225.0,0,1,0.000870371947129402,0.0060452252640128745,0,1877,1.0,5,False
100000006866831100,boundary,0.5,0,0.2602795077105575,"Граница выгрузки: колено 4; исходящие здесь не собирались, вывод об удержании невозможен.",4,False,1,0,16500.0,0.0,1,0,0.0,1.0,0.0,0,0,0.00036767719063950316,0.0,0,1877,,1,True
100000006882208100,terminal,0.7,4,0.2877261269276394,Признаки удержания: осталось 100% входящего потока (18 тыс. KZT от 1 плательщиков); колено 3.,3,False,1,0,18000.0,0.0,1,0,0.0,1.0,0.0,0,0,0.0006403184460375346,0.0,0,1877,,1,False
100000006888238100,peripheral,0.5,59,0.3,Явное правило роли не сработало: 1 плательщиков и 1 получателей; входящий поток 18 тыс. KZT.,2,False,1,1,18000.0,30000.0,1,1,1.6666666666666667,-0.6666666666666667,12000.0,0,1,0.0006097535591566922,3.962937027741748e-07,9,4,0.0,1,False
100000006889963100,consolidator,0.9,5,0.7816503558718861,"Признаки сбора: 4 плательщиков, из них seed: 2; входящий поток 1,4 млн KZT.",1,False,4,1,1431000.0,443475.8,6,3,0.30990621942697416,0.6900937805730258,0.0,2,4,0.00042726044416286713,2.5164650126160102e-05,0,1877,1.0,4,False
100000006894637100,terminal,0.7,0,0.2686869810201661,"Признаки удержания: осталось 100% входящего потока (52,8 тыс. KZT от 1 плательщиков); колено 3.",3,False,1,0,52831.0,0.0,1,0,0.0,1.0,0.0,0,0,0.0002902544663373193,0.0,0,1877,,1,False
100000006901046100,terminal,0.8347,4,0.46592897390272836,"Признаки удержания: осталось 93% входящего потока (75,8 тыс. KZT от 1 плательщиков); колено 2.",2,False,1,1,75800.0,5500.0,3,1,0.07255936675461741,0.9274406332453826,0.0,0,1,0.0029998776847225033,0.0,0,1877,1.0,1,False
100000006903193100,boundary,0.5,0,0.21374925860023725,"Граница выгрузки: колено 4; исходящие здесь не собирались, вывод об удержании невозможен.",4,False,1,0,9000.0,0.0,1,0,0.0,1.0,0.0,0,0,0.0003016045268852538,0.0,0,1877,,1,True
100000006912294100,peripheral,0.5,2,0.3,"Явное правило роли не сработало: 1 плательщиков и 2 получателей; входящий поток 6,3 тыс. KZT.",2,False,1,2,6335.09,30000.0,1,2,4.7355286191672095,-3.7355286191672095,23664.91,0,1,0.0004989220673206185,5.944405541612623e-07,0,1877,0.0,1,False
100000006918814100,boundary,0.5,3,0.24533288849347568,"Граница выгрузки: колено 4; исходящие здесь не собирались, вывод об удержании невозможен.",4,False,1,0,20000.0,0.0,2,0,0.0,1.0,0.0,0,0,0.0003043279710896785,0.0,0,1877,,1,True
100000006919124100,terminal,0.7,0,0.2183755931198102,Признаки удержания: осталось 100% входящего потока (25 тыс. KZT от 1 плательщиков); колено 3.,3,False,1,0,25000.0,0.0,1,0,0.0,1.0,0.0,0,0,0.0002869772933936165,0.0,0,1877,,1,False
100000006952718100,terminal,0.9,4,0.3220825919335706,"Признаки удержания: осталось 100% входящего потока (71,5 тыс. KZT от 1 плательщиков); колено 1.",1,False,1,0,71489.0,0.0,1,0,0.0,1.0,0.0,1,1,0.00029325565234585775,0.0,0,1877,,1,False
100000006965162100,terminal,0.7,28,0.22382488137603795,Признаки удержания: осталось 100% входящего потока (10 тыс. KZT от 1 плательщиков); колено 3.,3,False,1,0,10000.0,0.0,1,0,0.0,1.0,0.0,0,0,0.0003092890887695541,0.0,0,1877,,1,False
100000006967370100,peripheral,0.5,16,0.3,"Явное правило роли не сработало: 1 плательщиков и 1 получателей; входящий поток 33,2 тыс. KZT.",3,False,1,1,33225.0,13526.27,1,1,0.40711121143717083,0.5928887885628291,0.0,0,0,0.0002935942953782791,1.922024458454748e-05,0,1877,1.0,1,False
100000006972210100,consolidator,0.9,2,0.6223124258600237,"Признаки сбора: 3 плательщиков, из них seed: 3; входящий поток 488,8 тыс. KZT.",1,False,3,0,488775.0,0.0,4,0,0.0,1.0,0.0,3,4,0.000346296000353762,0.0,0,1877,,1,False
100000006977207100,distributor,0.625,20,0.8101163997627521,"Признаки распределения: 15 получателей; исходящий поток 4,2 млн KZT.",2,False,1,15,414000.0,4157018.0,1,15,10.041106280193237,-9.041106280193237,3743018.0,0,1,0.0003478854757097018,3.277348921942426e-05,0,1877,0.0,1,False
100000006989106100,terminal,0.9,10,0.3689687129300119,Признаки удержания: осталось 100% входящего потока (64 тыс. KZT от 1 плательщиков); колено 2.,2,False,1,0,64000.0,0.0,2,0,0.0,1.0,0.0,0,1,0.0004956408524122075,0.0,0,1877,,1,False
100000006989232100,terminal,0.7,0,0.21379374258600237,"Признаки удержания: осталось 100% входящего потока (22,2 тыс. KZT от 1 плательщиков); колено 3.",3,False,1,0,22194.0,0.0,1,0,0.0,1.0,0.0,0,0,0.00028753750814532387,0.0,0,1877,,1,False
100000006994985100,peripheral,0.5,8,0.3,"Явное правило роли не сработало: 1 плательщиков и 1 получателей; входящий поток 48,5 тыс. KZT.",2,False,1,1,48500.0,10200.0,2,2,0.21030927835051547,0.7896907216494845,0.0,0,1,0.0005013304862324077,1.9616538287321655e-05,0,1877,1.0,1,False
100000007005380100,terminal,0.7,5,0.2158400059311981,"Признаки удержания: осталось 100% входящего потока (9,4 тыс. KZT от 1 плательщиков); колено 3.",3,False,1,0,9400.0,0.0,1,0,0.0,1.0,0.0,0,0,0.000303095707083968,0.0,0,1877,,1,False
100000007018630100,peripheral,0.5,61,0.2409128113879004,Явное правило роли не сработало: 0 плательщиков и 1 получателей; входящий поток 0 KZT. Входящие извне выборки не наблюдаются.,0,True,0,1,0.0,200000.0,0,5,,0.0,200000.0,0,0,0.0002855692942172909,0.0,7,3,0.0,0,False
100000007020162100,terminal,0.7,14,0.31721900948991694,"Признаки удержания: осталось 100% входящего потока (86,4 тыс. KZT от 1 плательщиков); колено 3.",3,False,1,0,86395.0,0.0,1,0,0.0,1.0,0.0,0,0,0.0003099889827531998,0.0,0,1877,,1,False
100000007022818100,terminal,0.7,1,0.2047634934756821,"Признаки удержания: осталось 100% входящего потока (17,2 тыс. KZT от 1 плательщиков); колено 3.",3,False,1,0,17200.0,0.0,1,0,0.0,1.0,0.0,0,0,0.000288253832019236,0.0,3,270,,1,False
100000007034089100,boundary,0.5,2,0.3,"Граница выгрузки: колено 4; исходящие здесь не собирались, вывод об удержании невозможен.",4,False,2,0,198000.0,0.0,2,0,0.0,1.0,0.0,0,0,0.00032111599242809935,0.0,0,1877,,2,True
100000007042175100,boundary,0.5,0,0.3,"Граница выгрузки: колено 4; исходящие здесь не собирались, вывод об удержании невозможен.",4,False,1,0,60000.0,0.0,1,0,0.0,1.0,0.0,0,0,0.0005340058628254454,0.0,0,1877,,1,True
100000007055802100,consolidator,0.7,0,0.7412403618030842,"Признаки сбора: 6 плательщиков, из них seed: 1; входящий поток 2 млн KZT.",1,False,6,1,2024999.0,605000.0,34,7,0.29876557963732325,0.7012344203626768,0.0,1,1,0.0011819243661223145,4.359230730515923e-06,0,1877,1.0,4,False
100000007071852100,boundary,0.5,6,0.3,"Граница выгрузки: колено 4; исходящие здесь не собирались, вывод об удержании невозможен.",4,False,1,0,195000.0,0.0,1,0,0.0,1.0,0.0,0,0,0.0004435147927696225,0.0,0,1877,,1,True
100000007129492100,peripheral,0.5,11,0.3,Явное правило роли не сработало: 2 плательщиков и 1 получателей; входящий поток 51 тыс. KZT.,1,False,2,1,50990.0,37000.0,2,1,0.725632476956266,0.274367523043734,0.0,2,4,0.0002945171129254455,2.5164650126160102e-05,0,1877,1.0,1,False
100000007131370100,transit,1.0,15,0.3508489027283511,"Признаки транзита: получено 30 тыс., отправлено 30 тыс. KZT; передано дальше 100% входящего потока. 0% исходящих сумм попали в окно 2 дней после входящего.",3,False,1,1,30000.0,30000.0,1,1,1.0,0.0,0.0,0,0,0.0008999890359090033,0.0,0,1877,0.0,1,False
100000007138613100,consolidator,0.6,0,0.5915962336892052,"Признаки сбора: 3 плательщиков, из них seed: 0; входящий поток 1 млн KZT.",3,False,3,2,1002000.0,179000.0,3,2,0.17864271457085829,0.8213572854291418,0.0,0,0,0.00035417522726660834,3.883678287186913e-05,0,1877,0.0,1,False
100000007140834100,terminal,0.7,8,0.2714005041518387,"Признаки удержания: осталось 100% входящего потока (10,2 тыс. KZT от 1 плательщиков); колено 3.",3,False,1,0,10200.0,0.0,2,0,0.0,1.0,0.0,0,0,0.0007122600056993953,0.0,0,1877,,1,False
100000007153161100,boundary,0.5,0,0.3,"Граница выгрузки: колено 4; исходящие здесь не собирались, вывод об удержании невозможен.",4,False,1,0,44997.0,0.0,1,0,0.0,1.0,0.0,0,0,0.0005309451743246838,0.0,0,1877,,1,True
100000007170072100,transit,1.0,6,0.5709185943060497,"Признаки транзита: получено 100 тыс., отправлено 99,5 тыс. KZT; передано дальше 100% входящего потока. 100% исходящих сумм попали в окно 2 дней после входящего.",3,False,1,2,100000.0,99500.0,1,9,0.995,0.0050000000000000044,0.0,0,0,0.0003076581045462558,3.844048916909496e-05,0,1877,1.0,1,False
100000007173936100,terminal,0.9,30,0.21478721826809014,Признаки удержания: осталось 100% входящего потока (10 тыс. KZT от 1 плательщиков); колено 2.,2,False,1,0,10000.0,0.0,1,0,0.0,1.0,0.0,0,1,0.00028681863055512655,0.0,0,1877,,1,False
100000007175718100,terminal,0.9,46,0.2776653321470937,Признаки удержания: осталось 100% входящего потока (20 тыс. KZT от 1 плательщиков); колено 1.,1,False,1,0,20000.0,0.0,1,0,0.0,1.0,0.0,1,1,0.00030318655842831487,0.0,10,6,,1,False
100000007181706100,terminal,0.9,3,0.5568319988137603,"Признаки удержания: осталось 100% входящего потока (176,3 тыс. KZT от 2 плательщиков); колено 1.",1,False,2,0,176272.0,0.0,2,0,0.0,1.0,0.0,1,2,0.00031906641503554804,0.0,0,1877,,2,False
100000007197866100,peripheral,0.5,6,0.3,Явное правило роли не сработало: 1 плательщиков и 1 получателей; входящий поток 20 тыс. KZT.,3,False,1,1,20000.0,15000.0,1,1,0.75,0.25,0.0,0,0,0.0002896384741784168,1.922024458454748e-05,0,1877,1.0,1,False
100000007229557100,consolidator,0.6,21,0.6084185943060498,"Признаки сбора: 3 плательщиков, из них seed: 0; входящий поток 878 тыс. KZT.",3,False,3,0,878000.0,0.0,3,0,0.0,1.0,0.0,0,0,0.0003942093306983496,0.0,0,1877,,3,False
100000007242833100,peripheral,0.5,12,0.3,"Явное правило роли не сработало: 1 плательщиков и 1 получателей; входящий поток 107,5 тыс. KZT.",2,False,1,1,107500.0,45000.0,3,2,0.4186046511627907,0.5813953488372092,0.0,0,2,0.0005138001156911178,1.981468513870874e-05,0,1877,1.0,1,False
100000007267915100,peripheral,0.5,16,0.3,Явное правило роли не сработало: 2 плательщиков и 1 получателей; входящий поток 21 тыс. KZT.,3,False,2,1,21000.0,10000.0,3,1,0.47619047619047616,0.5238095238095238,0.0,0,0,0.00029139460697907583,1.6729898929614312e-06,0,1877,1.0,1,False
100000007274584100,terminal,0.9,3,0.32632339857651244,Признаки удержания: осталось 100% входящего потока (38 тыс. KZT от 1 плательщиков); колено 1.,1,False,1,0,38000.0,0.0,1,0,0.0,1.0,0.0,1,2,0.0002931782787002525,0.0,0,1877,,1,False
100000007281639100,terminal,0.9,4,0.5330627224199288,"Признаки удержания: осталось 100% входящего потока (216,8 тыс. KZT от 2 плательщиков); колено 1.",1,False,2,0,216770.0,0.0,4,0,0.0,1.0,0.0,1,2,0.0003235711404553908,0.0,0,1877,,1,False
100000007283257100,terminal,0.9,65,0.40357725385527876,Признаки удержания: осталось 100% входящего потока (192 тыс. KZT от 1 плательщиков); колено 1.,1,False,1,0,192000.0,0.0,7,0,0.0,1.0,0.0,1,1,0.00038906884568361,0.0,20,3,,1,False
100000007289427100,terminal,0.9,3,0.28338152431791225,"Признаки удержания: осталось 100% входящего потока (12,3 тыс. KZT от 1 плательщиков); колено 2.",2,False,1,0,12300.0,0.0,1,0,0.0,1.0,0.0,0,1,0.0003736269529532968,0.0,0,1877,,1,False
100000007303047100,terminal,0.7,1,0.27816206998813764,"Признаки удержания: осталось 100% входящего потока (52,2 тыс. KZT от 1 плательщиков); колено 3.",3,False,1,0,52250.0,0.0,1,0,0.0,1.0,0.0,0,0,0.00029372435817959507,0.0,3,270,,1,False
100000007311010100,peripheral,0.5,3,0.3,"Явное правило роли не сработало: 2 плательщиков и 1 получателей; входящий поток 64,5 тыс. KZT.",1,False,2,1,64480.0,20000.0,2,1,0.31017369727047145,0.6898263027295286,0.0,1,2,0.0003093598362490275,2.3975769017837576e-05,0,1877,0.0,1,False
100000007322059100,peripheral,0.5,32,0.3,Явное правило роли не сработало: 2 плательщиков и 1 получателей; входящий поток 29 тыс. KZT.,2,False,2,1,29000.0,22500.0,2,2,0.7758620689655172,0.22413793103448276,0.0,0,1,0.0006801571631888193,4.0025663980191654e-05,0,1877,0.6888888888888889,1,False
100000007330432100,boundary,0.5,70,0.3,"Граница выгрузки: колено 4; исходящие здесь не собирались, вывод об удержании невозможен.",4,False,1,0,584900.0,0.0,1,0,0.0,1.0,0.0,0,0,0.00053817599306743,0.0,0,1877,,1,True
100000007333038100,peripheral,0.5,9,0.3,"Явное правило роли не сработало: 1 плательщиков и 2 получателей; входящий поток 17,5 тыс. KZT.",3,False,1,2,17500.0,34994.0,1,2,1.9996571428571428,-0.9996571428571428,17494.0,0,0,0.00029968918055683897,1.5851748110966993e-06,0,1877,0.0,1,False
100000007334196100,terminal,0.9,11,0.4048821174377224,Признаки удержания: осталось 100% входящего потока (150 тыс. KZT от 1 плательщиков); колено 1.,1,False,1,0,150002.0,0.0,1,0,0.0,1.0,0.0,1,2,0.0003083201238991253,0.0,0,1877,,1,False
100000007337374100,terminal,0.9,1,0.25984949584816136,Признаки удержания: осталось 100% входящего потока (20 тыс. KZT от 1 плательщиков); колено 2.,2,False,1,0,20000.0,0.0,2,0,0.0,1.0,0.0,0,1,0.0002923620404292881,0.0,3,270,,1,False
100000007347733100,terminal,0.9,53,0.30375518979833926,Признаки удержания: осталось 100% входящего потока (23 тыс. KZT от 1 плательщиков); колено 1.,1,False,1,0,23007.0,0.0,1,0,0.0,1.0,0.0,1,1,0.0003456840263989009,0.0,29,5,,1,False
100000007357489100,boundary,0.5,2,0.3,"Граница выгрузки: колено 4; исходящие здесь не собирались, вывод об удержании невозможен.",4,False,2,0,164500.0,0.0,2,0,0.0,1.0,0.0,0,0,0.00031295949170801585,0.0,0,1877,,2,True
100000007381662100,boundary,0.5,0,0.21441651838671413,"Граница выгрузки: колено 4; исходящие здесь не собирались, вывод об удержании невозможен.",4,False,1,0,11000.0,0.0,1,0,0.0,1.0,0.0,0,0,0.0002968339281028911,0.0,0,1877,,1,True
100000007382152100,terminal,0.9,0,0.2047783214709371,"Признаки удержания: осталось 100% входящего потока (5,9 тыс. KZT от 1 плательщиков); колено 2.",2,False,1,0,5860.0,0.0,1,0,0.0,1.0,0.0,0,1,0.0002864808806193007,0.0,0,1877,,1,False
100000007382543100,peripheral,0.5,28,0.3,Явное правило роли не сработало: 3 плательщиков и 5 получателей; входящий поток 218 тыс. KZT.,2,False,3,5,218000.0,427000.0,3,8,1.9587155963302751,-0.9587155963302751,209000.0,0,1,0.0011904909010560462,0.00024447708068909153,0,1877,0.234192037470726,1,False
100000007390016100,peripheral,0.5,71,0.3,Явное правило роли не сработало: 1 плательщиков и 1 получателей; входящий поток 511 тыс. KZT.,3,False,1,1,511000.0,346500.0,13,14,0.678082191780822,0.32191780821917804,0.0,0,0,0.0018430013608097095,0.0,0,1877,0.7157287157287158,1,False
100000007392365100,peripheral,0.5,41,0.3,"Явное правило роли не сработало: 1 плательщиков и 6 получателей; входящий поток 9,6 тыс. KZT.",3,False,1,6,9613.0,1765600.0,1,9,183.66794965151357,-182.66794965151357,1755987.0,0,0,0.0002861106980605716,0.00011532146750728487,0,1877,0.0,1,False
100000007442518100,consolidator,0.6667,30,0.9003673260797681,"Признаки сбора: 5 плательщиков, из них seed: 1; входящий поток 510 тыс. KZT.",1,False,5,9,510000.0,4419999.0,8,12,8.666664705882352,-7.6666647058823525,3909999.0,1,1,0.0006487732246506228,0.0002522409418157623,0,1877,0.8993212441903268,1,False
100000007472293100,peripheral,0.5,48,0.3,Явное правило роли не сработало: 1 плательщиков и 3 получателей; входящий поток 5 тыс. KZT.,3,False,1,3,5000.0,345900.0,1,3,69.18,-68.18,340900.0,0,0,0.00028633291495751956,4.803409922375311e-05,0,1877,0.0,1,False
100000007484343100,terminal,0.7,0,0.36912440688018977,"Признаки удержания: осталось 100% входящего потока (26,8 тыс. KZT от 2 плательщиков); колено 3.",3,False,2,0,26757.0,0.0,2,0,0.0,1.0,0.0,0,0,0.0002891334225528798,0.0,0,1877,,2,False
100000007487729100,terminal,0.7,0,0.24186313760379596,Признаки удержания: осталось 100% входящего потока (25 тыс. KZT от 1 плательщиков); колено 3.,3,False,1,0,25000.0,0.0,1,0,0.0,1.0,0.0,0,0,0.0002941149149674853,0.0,0,1877,,1,False
100000007507343100,terminal,0.9,52,0.44681568801897986,Признаки удержания: осталось 100% входящего потока (370 тыс. KZT от 1 плательщиков); колено 1.,1,False,1,0,370000.0,0.0,1,0,0.0,1.0,0.0,1,1,0.0006416178761806934,0.0,11,5,,1,False
100000007510567100,boundary,0.5,7,0.29350904507710557,"Граница выгрузки: колено 4; исходящие здесь не собирались, вывод об удержании невозможен.",4,False,1,0,52000.0,0.0,1,0,0.0,1.0,0.0,0,0,0.00030503440290359675,0.0,0,1877,,1,True
100000007510875100,terminal,0.7,2,0.22825103795966786,Признаки удержания: осталось 100% входящего потока (5 тыс. KZT от 1 плательщиков); колено 3.,3,False,1,0,5000.0,0.0,1,0,0.0,1.0,0.0,0,0,0.00035624626017075875,0.0,0,1877,,1,False
100000007511163100,peripheral,0.5,4,0.3,"Явное правило роли не сработало: 2 плательщиков и 3 получателей; входящий поток 63,7 тыс. KZT.",1,False,2,3,63666.0,82052.0,2,3,1.2887883642760658,-0.2887883642760658,18386.0,1,1,0.00033959732516021757,0.00013645713165524087,0,1877,0.5971822746550968,1,False
100000007511780100,boundary,0.5,0,0.3,"Граница выгрузки: колено 4; исходящие здесь не собирались, вывод об удержании невозможен.",4,False,1,0,155000.0,0.0,2,0,0.0,1.0,0.0,0,0,0.0005577703986813199,0.0,0,1877,,1,True
100000007534354100,peripheral,0.5,9,0.3,Явное правило роли не сработало: 1 плательщиков и 3 получателей; входящий поток 50 тыс. KZT.,2,False,1,3,50000.0,147810.0,1,3,2.9562,-1.9562,97810.0,0,1,0.00030354781418186465,2.377762216645049e-06,0,1877,0.0,1,False
100000007536804100,peripheral,0.5,10,0.3,Явное правило роли не сработало: 1 плательщиков и 2 получателей; входящий поток 100 тыс. KZT.,1,False,1,2,100000.0,55000.0,1,2,0.55,0.44999999999999996,0.0,1,1,0.00029130351809237046,7.925874055483496e-07,0,1877,0.8181818181818182,1,False
100000007539296100,boundary,0.5,5,0.3,"Граница выгрузки: колено 4; исходящие здесь не собирались, вывод об удержании невозможен.",4,False,1,0,46000.0,0.0,2,0,0.0,1.0,0.0,0,0,0.0005573238796527796,0.0,0,1877,,1,True
100000007544358100,transit,0.7868,4,0.5898196915776988,"Признаки транзита: получено 322,5 тыс., отправлено 350 тыс. KZT; передано дальше 109% входящего потока. 29% исходящих сумм попали в окно 2 дней после входящего.",1,False,2,1,322500.0,350000.0,2,3,1.0852713178294573,-0.0852713178294573,27500.0,1,1,0.0003405716742742659,1.9616538287321655e-05,0,1877,0.2857142857142857,1,False
100000007591246100,peripheral,0.5,13,0.3,"Явное правило роли не сработало: 1 плательщиков и 1 получателей; входящий поток 12,2 тыс. KZT.",3,False,1,1,12190.0,120000.0,1,1,9.844134536505333,-8.844134536505333,107810.0,0,0,0.00029789309382384895,1.0237587321666182e-06,0,1877,0.0,1,False
100000007593823100,distributor,0.6083,0,0.5613492341108336,"Признаки распределения: 13 получателей; исходящий поток 162,9 тыс. KZT.",3,False,3,13,25000.0,162900.0,3,21,6.516,-5.516,137900.0,0,0,0.000290592094563477,0.0006813203182041415,0,1877,0.40085942295887045,1,False
100000007594394100,consolidator,0.7,17,0.8434274911032028,"Признаки сбора: 6 плательщиков, из них seed: 0; входящий поток 395,4 тыс. KZT.",2,False,6,1,395385.0,3376312.0,6,40,8.539302199122375,-7.539302199122375,2980927.0,0,1,0.0004055854787031871,3.619949596230439e-05,0,1877,0.4527164551143378,2,False
100000007597382100,terminal,0.7,5,0.19408733689205218,"Признаки удержания: осталось 100% входящего потока (15,7 тыс. KZT от 1 плательщиков); колено 3.",3,False,1,0,15700.0,0.0,1,0,0.0,1.0,0.0,0,0,0.00028607811825025404,0.0,0,1877,,1,False
100000007617808100,terminal,0.9,4,0.4615991992882562,Признаки удержания: осталось 100% входящего потока (450 тыс. KZT от 1 плательщиков); колено 2.,2,False,1,0,450000.0,0.0,1,0,0.0,1.0,0.0,0,2,0.0003601043534538582,0.0,0,1877,,1,False
100000007618425100,terminal,0.7,16,0.26481687425860023,"Признаки удержания: осталось 100% входящего потока (39,3 тыс. KZT от 1 плательщиков); колено 3.",3,False,1,0,39348.0,0.0,1,0,0.0,1.0,0.0,0,0,0.0002950732143281281,0.0,0,1877,,1,False
100000007629096100,consolidator,0.6333,0,0.7269280146343994,"Признаки сбора: 4 плательщиков, из них seed: 0; входящий поток 1,1 млн KZT.",2,False,4,1,1075170.0,765205.0,5,5,0.7117060557865268,0.2882939442134732,0.0,0,1,0.0024724059471072494,1.525730755680573e-05,0,1877,0.9346122934377062,2,False
100000007629121100,terminal,0.9,3,0.3243067912218268,Признаки удержания: осталось 100% входящего потока (29 тыс. KZT от 1 плательщиков); колено 2.,2,False,1,0,29000.0,0.0,1,0,0.0,1.0,0.0,0,1,0.00039603609156140836,0.0,0,1877,,1,False
100000007631637100,terminal,0.9,1,0.23582814353499404,"Признаки удержания: осталось 100% входящего потока (15,3 тыс. KZT от 1 плательщиков); колено 1.",1,False,1,0,15341.0,0.0,1,0,0.0,1.0,0.0,1,1,0.0002887891904207813,0.0,3,270,,1,False
100000007639767100,distributor,0.5833,0,0.7430033273428234,"Признаки распределения: 10 получателей; исходящий поток 822,2 тыс. KZT.",1,False,4,10,90913.0,822244.0,4,13,9.044295095310902,-8.044295095310902,731331.0,1,1,0.000301440039227222,0.0025112211996485044,0,1877,0.0951663982953965,1,False
100000007641183100,terminal,0.9,4,0.26340821470937126,Признаки удержания: осталось 100% входящего потока (28 тыс. KZT от 1 плательщиков); колено 1.,1,False,1,0,28000.0,0.0,1,0,0.0,1.0,0.0,1,1,0.00028857979971603717,0.0,0,1877,,1,False
100000007641801100,terminal,0.9,10,0.3705923784104389,Признаки удержания: осталось 100% входящего потока (200 тыс. KZT от 1 плательщиков); колено 1.,1,False,1,0,200000.0,0.0,1,0,0.0,1.0,0.0,1,1,0.0002970377419674501,0.0,0,1877,,1,False
100000007647294100,terminal,0.7,35,0.4123702550415184,Признаки удержания: осталось 100% входящего потока (385 тыс. KZT от 1 плательщиков); колено 3.,3,False,1,0,385000.0,0.0,1,0,0.0,1.0,0.0,0,0,0.000579218128600068,0.0,0,1877,,1,False
100000007648946100,peripheral,0.5,13,0.3,"Явное правило роли не сработало: 1 плательщиков и 1 получателей; входящий поток 19,6 тыс. KZT.",1,False,1,1,19550.0,25000.0,1,1,1.278772378516624,-0.27877237851662406,5450.0,1,1,0.0002892378990904645,2.913094374797417e-06,0,1877,0.0,1,False
100000007653003100,terminal,0.7,16,0.3173524614472123,Признаки удержания: осталось 100% входящего потока (100 тыс. KZT от 1 плательщиков); колено 3.,3,False,1,0,100000.0,0.0,1,0,0.0,1.0,0.0,0,0,0.0003013091989193027,0.0,0,1877,,1,False
100000007653094100,boundary,0.5,13,0.2799859134045077,"Граница выгрузки: колено 4; исходящие здесь не собирались, вывод об удержании невозможен.",4,False,1,0,16000.0,0.0,1,0,0.0,1.0,0.0,0,0,0.0005754742432917503,0.0,0,1877,,1,True
100000007689942100,peripheral,0.5,17,0.3,Явное правило роли не сработало: 1 плательщиков и 2 получателей; входящий поток 5 тыс. KZT.,3,False,1,2,5000.0,25000.0,1,2,5.0,-4.0,20000.0,0,0,0.0008925911171850297,1.981468513870874e-05,0,1877,0.0,1,False
100000007731977100,boundary,0.5,0,0.3,"Граница выгрузки: колено 4; исходящие здесь не собирались, вывод об удержании невозможен.",4,False,1,0,50000.0,0.0,1,0,0.0,1.0,0.0,0,0,0.0003367721755154738,0.0,0,1877,,1,True
100000007737775100,terminal,0.7,33,0.21032399169632265,Признаки удержания: осталось 100% входящего потока (6 тыс. KZT от 1 плательщиков); колено 3.,3,False,1,0,6000.0,0.0,1,0,0.0,1.0,0.0,0,0,0.00030312962676534933,0.0,0,1877,,1,False
100000007745062100,boundary,0.5,12,0.3,"Граница выгрузки: колено 4; исходящие здесь не собирались, вывод об удержании невозможен.",4,False,1,0,100000.0,0.0,1,0,0.0,1.0,0.0,0,0,0.0006252799425245716,0.0,0,1877,,1,True
100000007747786100,distributor,0.7583,10,0.507135231316726,"Признаки распределения: 31 получателей; исходящий поток 4,2 млн KZT. Входящие извне выборки не наблюдаются.",0,True,0,31,0.0,4238009.4,0,35,,0.0,4238009.4,0,0,0.0002855692942172909,0.0,0,1877,0.0,0,False
100000007749092100,peripheral,0.5,4,0.3,"Явное правило роли не сработало: 1 плательщиков и 1 получателей; входящий поток 7,7 тыс. KZT.",2,False,1,1,7650.0,70375.0,1,5,9.199346405228757,-8.199346405228757,62725.0,0,1,0.0018044164784854861,0.0,0,1877,0.0,1,False
100000007749747100,boundary,0.5,2,0.3,"Граница выгрузки: колено 4; исходящие здесь не собирались, вывод об удержании невозможен.",4,False,1,0,50000.0,0.0,1,0,0.0,1.0,0.0,0,0,0.000443621967101852,0.0,0,1877,,1,True
100000007754369100,terminal,0.7,0,0.2922634934756821,"Признаки удержания: осталось 100% входящего потока (82,4 тыс. KZT от 1 плательщиков); колено 3.",3,False,1,0,82424.0,0.0,1,0,0.0,1.0,0.0,0,0,0.00029287884025694984,0.0,0,1877,,1,False
100000007777377100,terminal,0.8803,4,0.692434015421115,"Признаки удержания: осталось 98% входящего потока (456,3 тыс. KZT от 1 плательщиков); колено 2.",2,False,1,2,456290.0,10000.0,7,2,0.021915886826360427,0.9780841131736395,0.0,0,2,0.0003611461879485204,0.00013592874005154197,0,1877,1.0,1,False
100000007793871100,terminal,0.7,11,0.3065428529062871,Признаки удержания: осталось 100% входящего потока (26 тыс. KZT от 1 плательщиков); колено 3.,3,False,1,0,26000.0,0.0,3,0,0.0,1.0,0.0,0,0,0.0006872267875117614,0.0,0,1877,,1,False
100000007797290100,terminal,0.72,0,0.40193134638196915,Признаки удержания: осталось 80% входящего потока (100 тыс. KZT от 1 плательщиков); колено 2.,2,False,1,1,100000.0,20000.0,1,1,0.2,0.8,0.0,0,1,0.0003011253761628506,1.922024458454748e-05,0,1877,0.0,1,False
100000007811950100,boundary,0.5,26,0.3,"Граница выгрузки: колено 4; исходящие здесь не собирались, вывод об удержании невозможен.",4,False,1,0,50000.0,0.0,1,0,0.0,1.0,0.0,0,0,0.0005462285400719734,0.0,0,1877,,1,True
100000007841978100,boundary,0.5,5,0.3,"Граница выгрузки: колено 4; исходящие здесь не собирались, вывод об удержании невозможен.",4,False,1,0,449000.0,0.0,1,0,0.0,1.0,0.0,0,0,0.0005063238893873197,0.0,0,1877,,1,True
100000007861311100,terminal,0.9,10,0.3381413107947805,Признаки удержания: осталось 100% входящего потока (45 тыс. KZT от 1 плательщиков); колено 2.,2,False,1,0,45000.0,0.0,1,0,0.0,1.0,0.0,0,1,0.0003585524623513075,0.0,0,1877,,1,False
100000007863304100,terminal,0.7,5,0.2164850237247924,Признаки удержания: осталось 100% входящего потока (25 тыс. KZT от 1 плательщиков); колено 3.,3,False,1,0,25000.0,0.0,1,0,0.0,1.0,0.0,0,0,0.000286379523569143,0.0,0,1877,,1,False
100000007864477100,peripheral,0.5,0,0.3,Явное правило роли не сработало: 2 плательщиков и 6 получателей; входящий поток 76 тыс. KZT.,3,False,2,6,76000.0,203500.0,2,10,2.6776315789473686,-1.6776315789473686,127500.0,0,0,0.0003047746949631922,7.541973196343609e-05,0,1877,0.371007371007371,1,False
100000007865484100,boundary,0.5,41,0.3,"Граница выгрузки: колено 4; исходящие здесь не собирались, вывод об удержании невозможен.",4,False,1,0,584600.0,0.0,2,0,0.0,1.0,0.0,0,0,0.0003661861672309278,0.0,0,1877,,1,True
100000007867364100,boundary,0.5,17,0.3,"Граница выгрузки: колено 4; исходящие здесь не собирались, вывод об удержании невозможен.",4,False,1,0,41852.0,0.0,1,0,0.0,1.0,0.0,0,0,0.0004487382371459404,0.0,0,1877,,1,True
100000007898453100,peripheral,0.5,3,0.3,"Явное правило роли не сработало: 1 плательщиков и 2 получателей; входящий поток 24,8 тыс. KZT.",2,False,1,2,24750.0,320000.0,1,2,12.929292929292929,-11.929292929292929,295250.0,0,1,0.0003330161085564525,2.3975769017837576e-05,0,1877,0.9375,1,False
100000007908818100,consolidator,0.9,3,0.7614286773428233,"Признаки сбора: 4 плательщиков, из них seed: 2; входящий поток 727,5 тыс. KZT.",1,False,4,6,727475.0,302000.0,4,13,0.4151345407058662,0.5848654592941338,0.0,2,4,0.00047538119204737646,0.00017753957884283033,0,1877,0.04966887417218543,2,False
100000007930878100,terminal,0.9,44,0.27439575919335707,Признаки удержания: осталось 100% входящего потока (5 тыс. KZT от 1 плательщиков); колено 2.,2,False,1,0,5000.0,0.0,1,0,0.0,1.0,0.0,0,1,0.00048363772579278924,0.0,4,6,,1,False
100000007938486100,terminal,0.9,1,0.29597049228944244,"Признаки удержания: осталось 100% входящего потока (39,5 тыс. KZT от 1 плательщиков); колено 1.",1,False,1,0,39500.0,0.0,1,0,0.0,1.0,0.0,1,1,0.00029385988153479773,0.0,3,270,,1,False
100000007939160100,terminal,0.8838,44,0.6090932680901542,Признаки удержания: осталось 98% входящего потока (795 тыс. KZT от 1 плательщиков); колено 1.,1,False,1,2,795000.0,14300.0,2,2,0.017987421383647798,0.9820125786163522,0.0,1,1,0.0006653456234025181,3.962937027741748e-07,4,6,0.0,1,False
100000007953156100,peripheral,0.5,14,0.3,Явное правило роли не сработало: 1 плательщиков и 1 получателей; входящий поток 18 тыс. KZT.,2,False,1,1,18000.0,10000.0,1,1,0.5555555555555556,0.4444444444444444,0.0,0,1,0.0004778416683076007,1.981468513870874e-05,0,1877,0.0,1,False
100000007960337100,boundary,0.5,6,0.2725126037959668,"Граница выгрузки: колено 4; исходящие здесь не собирались, вывод об удержании невозможен.",4,False,1,0,35500.0,0.0,1,0,0.0,1.0,0.0,0,0,0.00030276808937766193,0.0,0,1877,,1,True
100000007982728100,peripheral,0.5,8,0.3,Явное правило роли не сработало: 0 плательщиков и 8 получателей; входящий поток 0 KZT. Входящие извне выборки не наблюдаются.,0,True,0,8,0.0,1804384.0,0,12,,0.0,1804384.0,0,0,0.0002855692942172909,0.0,0,1877,0.0,0,False
100000007982908100,terminal,0.9,1,0.2911217378410439,"Признаки удержания: осталось 100% входящего потока (31,1 тыс. KZT от 1 плательщиков); колено 2.",2,False,1,0,31080.0,0.0,1,0,0.0,1.0,0.0,0,1,0.0002961252218307346,0.0,3,270,,1,False
100000007988344100,boundary,0.5,0,0.27095566429418744,"Граница выгрузки: колено 4; исходящие здесь не собирались, вывод об удержании невозможен.",4,False,1,0,20000.0,0.0,3,0,0.0,1.0,0.0,0,0,0.00038745764148945846,0.0,0,1877,,1,True
100000007997939100,boundary,0.5,2,0.2486247034400949,"Граница выгрузки: колено 4; исходящие здесь не собирались, вывод об удержании невозможен.",4,False,1,0,13000.0,0.0,1,0,0.0,1.0,0.0,0,0,0.00035796308347988245,0.0,0,1877,,1,True
100000007998965100,consolidator,0.6667,11,0.6504225978647687,"Признаки сбора: 5 плательщиков, из них seed: 0; входящий поток 278 тыс. KZT.",2,False,5,1,278000.0,26000.0,7,3,0.09352517985611511,0.9064748201438849,0.0,0,1,0.0004719217907251261,1.981468513870874e-05,0,1877,0.38461538461538464,2,False
100000007999728100,terminal,0.7,14,0.23261046856465006,"Признаки удержания: осталось 100% входящего потока (23,2 тыс. KZT от 1 плательщиков); колено 3.",3,False,1,0,23250.0,0.0,1,0,0.0,1.0,0.0,0,0,0.00029214094487369326,0.0,0,1877,,1,False
100000008002020100,peripheral,0.5,12,0.3,"Явное правило роли не сработало: 1 плательщиков и 1 получателей; входящий поток 73,9 тыс. KZT.",1,False,1,1,73860.0,17000.0,1,1,0.23016517736257786,0.7698348226374221,0.0,1,1,0.0002978267344904884,1.5851748110966993e-06,0,1877,0.0,1,False
100000008003034100,peripheral,0.5,13,0.3,"Явное правило роли не сработало: 1 плательщиков и 4 получателей; входящий поток 12,2 тыс. KZT.",1,False,1,4,12201.0,135000.0,1,4,11.064666830587656,-10.064666830587656,122799.0,1,1,0.00028688112198836955,0.0019931390235273026,0,1877,0.3592592592592593,1,False
100000008008463100,terminal,0.9,8,0.31767867734282323,"Признаки удержания: осталось 100% входящего потока (54,2 тыс. KZT от 1 плательщиков); колено 2.",2,False,1,0,54180.0,0.0,1,0,0.0,1.0,0.0,0,1,0.0002958380712741413,0.0,0,1877,,1,False
100000008011159100,peripheral,0.5,42,0.3,Явное правило роли не сработало: 3 плательщиков и 5 получателей; входящий поток 363 тыс. KZT.,2,False,3,5,363000.0,153037.0,6,5,0.4215895316804408,0.5784104683195592,0.0,0,1,0.0004861091667224926,0.00012211295083857727,0,1877,0.3593902128243497,1,False
100000008011573100,terminal,0.7,16,0.20278395610913405,Признаки удержания: осталось 100% входящего потока (15 тыс. KZT от 1 плательщиков); колено 3.,3,False,1,0,15000.0,0.0,1,0,0.0,1.0,0.0,0,0,0.00028919231957213884,0.0,0,1877,,1,False
100000008027922100,boundary,0.5,23,0.3,"Граница выгрузки: колено 4; исходящие здесь не собирались, вывод об удержании невозможен.",4,False,1,0,70000.0,0.0,1,0,0.0,1.0,0.0,0,0,0.0005023680629098516,0.0,0,1877,,1,True
100000008028628100,terminal,0.9,1,0.3221270759193357,"Признаки удержания: осталось 100% входящего потока (57,2 тыс. KZT от 1 плательщиков); колено 1.",1,False,1,0,57224.0,0.0,1,0,0.0,1.0,0.0,1,1,0.0002975799415250633,0.0,3,270,,1,False
100000008029279100,terminal,0.7,6,0.2076994365361803,Признаки удержания: осталось 100% входящего потока (17 тыс. KZT от 1 плательщиков); колено 3.,3,False,1,0,17000.0,0.0,1,0,0.0,1.0,0.0,0,0,0.0002890280971842479,0.0,0,1877,,1,False
100000008038077100,terminal,0.7,5,0.374380931198102,"Признаки удержания: осталось 100% входящего потока (499,9 тыс. KZT от 1 плательщиков); колено 3.",3,False,1,0,499850.0,0.0,2,0,0.0,1.0,0.0,0,0,0.00030176901987822143,0.0,0,1877,,1,False
100000008042075100,terminal,0.7,24,0.1874147390272835,Признаки удержания: осталось 100% входящего потока (5 тыс. KZT от 1 плательщиков); колено 3.,3,False,1,0,5000.0,0.0,1,0,0.0,1.0,0.0,0,0,0.00029195667457243503,0.0,0,1877,,1,False
100000008043184100,terminal,0.7,16,0.275804418742586,"Признаки удержания: осталось 100% входящего потока (50,6 тыс. KZT от 1 плательщиков); колено 3.",3,False,1,0,50564.0,0.0,1,0,0.0,1.0,0.0,0,0,0.00029352801963081616,0.0,0,1877,,1,False
100000008050986100,boundary,0.5,5,0.3,"Граница выгрузки: колено 4; исходящие здесь не собирались, вывод об удержании невозможен.",4,False,1,0,95000.0,0.0,2,0,0.0,1.0,0.0,0,0,0.00031180831574760716,0.0,0,1877,,1,True
100000008055972100,terminal,0.7,1,0.23674747924080664,"Признаки удержания: осталось 100% входящего потока (28,3 тыс. KZT от 1 плательщиков); колено 3.",3,False,1,0,28300.0,0.0,1,0,0.0,1.0,0.0,0,0,0.0002899862953681657,0.0,3,270,,1,False
100000008060273100,terminal,0.9,3,0.2798821174377224,Признаки удержания: осталось 100% входящего потока (10 тыс. KZT от 1 плательщиков); колено 2.,2,False,1,0,10000.0,0.0,2,0,0.0,1.0,0.0,0,2,0.0002989671315033319,0.0,0,1877,,1,False
100000008066326100,terminal,0.9,0,0.24699362396204033,"Признаки удержания: осталось 100% входящего потока (19,3 тыс. KZT от 1 плательщиков); колено 1.",1,False,1,0,19320.0,0.0,1,0,0.0,1.0,0.0,1,1,0.00028919473903313297,0.0,0,1877,,1,False
100000008070101100,terminal,0.7,2,0.3020944543297746,Признаки удержания: осталось 100% входящего потока (100 тыс. KZT от 1 плательщиков); колено 3.,3,False,1,0,100000.0,0.0,1,0,0.0,1.0,0.0,0,0,0.00029258785293762344,0.0,0,1877,,1,False
100000008071620100,terminal,0.9,0,0.3045559015421115,Признаки удержания: осталось 100% входящего потока (47 тыс. KZT от 1 плательщиков); колено 1.,1,False,1,0,46968.0,0.0,1,0,0.0,1.0,0.0,1,1,0.0002943829532292201,0.0,0,1877,,1,False
100000008071749100,boundary,0.5,7,0.24239694543297746,"Граница выгрузки: колено 4; исходящие здесь не собирались, вывод об удержании невозможен.",4,False,1,0,24943.0,0.0,1,0,0.0,1.0,0.0,0,0,0.0002949061827934933,0.0,0,1877,,1,True
100000008074304100,boundary,0.5,5,0.22575993475682088,"Граница выгрузки: колено 4; исходящие здесь не собирались, вывод об удержании невозможен.",4,False,1,0,5500.0,0.0,1,0,0.0,1.0,0.0,0,0,0.00033242119278309483,0.0,0,1877,,1,True
100000008077552100,terminal,0.7,6,0.3627261269276394,Признаки удержания: осталось 100% входящего потока (214 тыс. KZT от 1 плательщиков); колено 3.,3,False,1,0,214000.0,0.0,1,0,0.0,1.0,0.0,0,0,0.00032910951980133827,0.0,0,1877,,1,False
100000008086440100,transit,0.5189,0,0.5819320877817319,"Признаки транзита: получено 199,7 тыс., отправлено 161,3 тыс. KZT; передано дальше 81% входящего потока. 24% исходящих сумм попали в окно 2 дней после входящего.",3,False,1,5,199733.0,161300.0,1,6,0.8075781167859092,0.19242188321409082,0.0,0,0,0.0003376739457034379,0.00010519757648287981,0,1877,0.23558586484810912,1,False
100000008088082100,peripheral,0.5,13,0.3,"Явное правило роли не сработало: 1 плательщиков и 1 получателей; входящий поток 39,1 тыс. KZT.",3,False,1,1,39138.0,50000.0,1,1,1.2775307884920026,-0.27753078849200263,10862.0,0,0,0.00030005728529521367,1.922024458454748e-05,0,1877,0.0,1,False
100000008094734100,consolidator,0.8,0,0.6079774614472123,"Признаки сбора: 4 плательщиков, из них seed: 2; входящий поток 236,2 тыс. KZT.",1,False,4,0,236249.0,0.0,4,0,0.0,1.0,0.0,2,3,0.0003441360031889836,0.0,0,1877,,1,False
100000008097580100,terminal,0.7,6,0.42213448991696323,Признаки удержания: осталось 100% входящего потока (32 тыс. KZT от 2 плательщиков); колено 3.,3,False,2,0,32000.0,0.0,4,0,0.0,1.0,0.0,0,0,0.0006747919200885517,0.0,0,1877,,1,False
100000008104567100,peripheral,0.5,7,0.3,"Явное правило роли не сработало: 3 плательщиков и 3 получателей; входящий поток 53,5 тыс. KZT.",2,False,3,3,53550.0,40000.0,3,4,0.7469654528478058,0.2530345471521942,0.0,0,1,0.000538042367569946,0.002026018530957738,0,1877,0.3,1,False
100000008106997100,peripheral,0.5,0,0.3,"Явное правило роли не сработало: 2 плательщиков и 1 получателей; входящий поток 35,6 тыс. KZT.",2,False,2,1,35600.0,20600.0,2,1,0.5786516853932584,0.4213483146067416,0.0,0,1,0.0003053704876347346,1.922024458454748e-05,0,1877,1.0,1,False
100000008111003100,consolidator,0.7,0,0.6953551304863582,"Признаки сбора: 6 плательщиков, из них seed: 0; входящий поток 222,7 тыс. KZT.",2,False,6,1,222716.0,35000.0,9,1,0.15715081089818422,0.8428491891018157,0.0,0,1,0.000469621700735246,0.0008819050437118928,0,1877,1.0,2,False
100000008116374100,terminal,0.9,4,0.27217155990510083,"Признаки удержания: осталось 100% входящего потока (31,3 тыс. KZT от 1 плательщиков); колено 1.",1,False,1,0,31284.0,0.0,1,0,0.0,1.0,0.0,1,1,0.00028893288900381874,0.0,0,1877,,1,False
100000008117324100,peripheral,0.5,86,0.03172597864768684,Явное правило роли не сработало: 0 плательщиков и 0 получателей; входящий поток 0 KZT. Входящие извне выборки не наблюдаются.,0,True,0,0,0.0,0.0,0,0,,0.0,0.0,0,0,0.0002855692942172909,0.0,30,1,,0,False
100000008121806100,peripheral,0.5,6,0.3,Явное правило роли не сработало: 1 плательщиков и 4 получателей; входящий поток 67 тыс. KZT.,3,False,1,4,67000.0,248509.0,1,6,3.709089552238806,-2.709089552238806,181509.0,0,0,0.0003003687971376974,0.0007808641134044802,0,1877,0.34203992611937595,1,False
100000008129393100,terminal,0.9,53,0.2590487841043891,Признаки удержания: осталось 100% входящего потока (10 тыс. KZT от 1 плательщиков); колено 1.,1,False,1,0,10000.0,0.0,1,0,0.0,1.0,0.0,1,1,0.0003116981820260491,0.0,29,5,,1,False
100000008130868100,boundary,0.5,9,0.28238804863582445,"Граница выгрузки: колено 4; исходящие здесь не собирались, вывод об удержании невозможен.",4,False,1,0,22782.0,0.0,1,0,0.0,1.0,0.0,0,0,0.0004516044976627326,0.0,0,1877,,1,True
100000008136608100,boundary,0.5,7,0.3,"Граница выгрузки: колено 4; исходящие здесь не собирались, вывод об удержании невозможен.",4,False,1,0,170000.0,0.0,1,0,0.0,1.0,0.0,0,0,0.0005643778935793363,0.0,0,1877,,1,True
100000008137435100,peripheral,0.5,23,0.3,"Явное правило роли не сработало: 2 плательщиков и 6 получателей; входящий поток 93,9 тыс. KZT.",1,False,2,6,93906.0,1419700.0,2,7,15.118309799160864,-14.118309799160864,1325794.0,1,1,0.0003142779777322604,0.00029840915818895366,0,1877,0.29442840036627455,2,False
100000008141170100,terminal,0.9,4,0.30348828588374854,Признаки удержания: осталось 100% входящего потока (11 тыс. KZT от 1 плательщиков); колено 2.,2,False,1,0,11000.0,0.0,1,0,0.0,1.0,0.0,0,1,0.0006219001408928704,0.0,0,1877,,1,False
100000008144528100,consolidator,0.6667,4,0.6526467971530249,"Признаки сбора: 5 плательщиков, из них seed: 0; входящий поток 1,1 млн KZT.",2,False,5,0,1068202.6,0.0,13,0,0.0,1.0,0.0,0,1,0.001055538276590802,0.0,0,1877,,2,False
100000008151098100,boundary,0.5,27,0.2697990806642942,"Граница выгрузки: колено 4; исходящие здесь не собирались, вывод об удержании невозможен.",4,False,1,0,30000.0,0.0,1,0,0.0,1.0,0.0,0,0,0.0003093477246134631,0.0,0,1877,,1,True
100000008165763100,coordinator,0.8764,3,0.848691681316726,"Признаки координации: 15 плательщиков → 17 получателей; оборот 2,4 млн KZT; достижимы seed-клиенты: 3 в пределах 2 шагов.",1,False,15,17,1165815.0,1267858.0,26,17,1.087529324978663,-0.08752932497866306,102043.0,1,3,0.0009102399259160803,0.0003452940332330958,0,1877,0.6805848919989462,4,False
100000008168850100,boundary,0.5,5,0.3,"Граница выгрузки: колено 4; исходящие здесь не собирались, вывод об удержании невозможен.",4,False,1,0,187910.0,0.0,2,0,0.0,1.0,0.0,0,0,0.0005330795799856522,0.0,0,1877,,1,True
100000008169544100,peripheral,0.5,4,0.3,"Явное правило роли не сработало: 1 плательщиков и 4 получателей; входящий поток 137,1 тыс. KZT.",1,False,1,4,137104.0,42800.0,2,7,0.31217178200490137,0.6878282179950986,0.0,1,1,0.0003003104494280091,0.00011830662935118883,0,1877,0.28738317757009346,1,False
100000008172352100,peripheral,0.5,32,0.3,"Явное правило роли не сработало: 3 плательщиков и 7 получателей; входящий поток 90,3 тыс. KZT.",1,False,3,7,90265.0,289510.0,3,8,3.207333961114496,-2.207333961114496,199245.0,1,1,0.00037526567278554397,0.00018673359274719116,0,1877,0.7666747262616145,2,False
100000008172721100,boundary,0.5,6,0.3,"Граница выгрузки: колено 4; исходящие здесь не собирались, вывод об удержании невозможен.",4,False,1,0,168335.0,0.0,1,0,0.0,1.0,0.0,0,0,0.00039521609203523213,0.0,0,1877,,1,True
100000008173359100,terminal,0.9,4,0.20500074139976274,"Признаки удержания: осталось 100% входящего потока (6,1 тыс. KZT от 1 плательщиков); колено 1.",1,False,1,0,6110.0,0.0,1,0,0.0,1.0,0.0,1,1,0.00028622622952433876,0.0,0,1877,,1,False
100000008174521100,terminal,0.9,4,0.37421782325029657,"Признаки удержания: осталось 100% входящего потока (82,1 тыс. KZT от 1 плательщиков); колено 2.",2,False,1,0,82110.0,0.0,1,0,0.0,1.0,0.0,0,1,0.0004405287548340974,0.0,0,1877,,1,False
100000008175078100,boundary,0.5,36,0.3,"Граница выгрузки: колено 4; исходящие здесь не собирались, вывод об удержании невозможен.",4,False,1,0,1846711.0,0.0,15,0,0.0,1.0,0.0,0,0,0.00046907194584128284,0.0,0,1877,,1,True
100000008183752100,boundary,0.5,21,0.3,"Граница выгрузки: колено 4; исходящие здесь не собирались, вывод об удержании невозможен.",4,False,1,0,140000.0,0.0,1,0,0.0,1.0,0.0,0,0,0.0005301890395310136,0.0,0,1877,,1,True
100000008188026100,peripheral,0.5,15,0.3,"Явное правило роли не сработало: 2 плательщиков и 4 получателей; входящий поток 86,5 тыс. KZT.",1,False,2,4,86468.0,337983.17,5,4,3.9087659018365173,-2.9087659018365173,251515.16999999998,1,1,0.0002993035967853829,8.203279647425419e-05,0,1877,0.0,1,False
100000008190411100,boundary,0.5,2,0.3,"Граница выгрузки: колено 4; исходящие здесь не собирались, вывод об удержании невозможен.",4,False,1,0,198450.0,0.0,12,0,0.0,1.0,0.0,0,0,0.00042413486368425655,0.0,0,1877,,1,True
100000008190442100,terminal,0.7,1,0.19132932977461448,Признаки удержания: осталось 100% входящего потока (13 тыс. KZT от 1 плательщиков); колено 3.,3,False,1,0,13000.0,0.0,1,0,0.0,1.0,0.0,0,0,0.000287598305346668,0.0,3,270,,1,False
100000008192264100,transit,0.7146,5,0.44374431699433614,"Признаки транзита: получено 162,8 тыс., отправлено 187,9 тыс. KZT; передано дальше 115% входящего потока. 87% исходящих сумм попали в окно 2 дней после входящего.",3,False,1,1,162810.0,187910.0,1,2,1.1541674344327744,-0.15416743443277436,25100.0,0,0,0.00029084583184829237,1.922024458454748e-05,0,1877,0.8749933478793039,1,False
100000008193258100,peripheral,0.5,16,0.3,Явное правило роли не сработало: 1 плательщиков и 1 получателей; входящий поток 75 тыс. KZT.,3,False,1,1,75000.0,30000.0,2,1,0.4,0.6,0.0,0,0,0.00029737422274379974,1.922024458454748e-05,0,1877,0.0,1,False
100000008193577100,peripheral,0.5,43,0.3,"Явное правило роли не сработало: 2 плательщиков и 5 получателей; входящий поток 154,3 тыс. KZT.",1,False,2,5,154300.0,480180.0,6,16,3.1119896305897603,-2.1119896305897603,325880.0,1,1,0.0012389478209868787,9.90734256935437e-07,1,6,0.10410679328585114,1,False
100000008200810100,terminal,0.7,9,0.3781620699881376,Признаки удержания: осталось 100% входящего потока (475 тыс. KZT от 1 плательщиков); колено 3.,3,False,1,0,475000.0,0.0,1,0,0.0,1.0,0.0,0,0,0.00030819442208498927,0.0,0,1877,,1,False
100000008205000100,peripheral,0.5,87,0.03172597864768684,Явное правило роли не сработало: 0 плательщиков и 0 получателей; входящий поток 0 KZT. Входящие извне выборки не наблюдаются.,0,True,0,0,0.0,0.0,0,0,,0.0,0.0,0,0,0.0002855692942172909,0.0,31,1,,0,False
100000008205937100,terminal,0.9,13,0.32150430011862396,Признаки удержания: осталось 100% входящего потока (35 тыс. KZT от 1 плательщиков); колено 2.,2,False,1,0,35000.0,0.0,3,0,0.0,1.0,0.0,0,1,0.00033164706434217267,0.0,0,1877,,1,False
100000008213966100,peripheral,0.5,28,0.3,Явное правило роли не сработало: 3 плательщиков и 1 получателей; входящий поток 187 тыс. KZT.,2,False,3,1,187004.0,436900.0,7,8,2.336313661739856,-1.3363136617398559,249896.0,0,1,0.0019335519524195824,4.319601360238506e-05,0,1877,0.8498512245365072,1,False
100000008219168100,terminal,0.9,10,0.29579255634638196,"Признаки удержания: осталось 100% входящего потока (53,2 тыс. KZT от 1 плательщиков); колено 1.",1,False,1,0,53200.0,0.0,2,0,0.0,1.0,0.0,1,1,0.0002886199013188332,0.0,0,1877,,1,False
100000008221543100,terminal,0.9,16,0.540966043890866,Признаки удержания: осталось 100% входящего потока (542 тыс. KZT от 2 плательщиков); колено 1.,1,False,2,0,542000.0,0.0,2,0,0.0,1.0,0.0,1,1,0.0003714846452253974,0.0,0,1877,,1,False
100000008221765100,boundary,0.5,5,0.3,"Граница выгрузки: колено 4; исходящие здесь не собирались, вывод об удержании невозможен.",4,False,1,0,156354.0,0.0,1,0,0.0,1.0,0.0,0,0,0.0005404417175185718,0.0,0,1877,,1,True
100000008223661100,peripheral,0.5,2,0.3,Явное правило роли не сработало: 2 плательщиков и 5 получателей; входящий поток 202 тыс. KZT.,3,False,2,5,202000.0,262580.0,2,5,1.29990099009901,-0.29990099009900995,60580.0,0,0,0.00031466917502238233,0.0003254231789280599,0,1877,0.18748952700129484,2,False
100000008223756100,terminal,0.7,6,0.4882821767497034,"Признаки удержания: осталось 100% входящего потока (331,7 тыс. KZT от 2 плательщиков); колено 3.",3,False,2,0,331682.0,0.0,2,0,0.0,1.0,0.0,0,0,0.0003562811211633059,0.0,0,1877,,1,False
100000008229700100,peripheral,0.5,12,0.3,"Явное правило роли не сработало: 1 плательщиков и 1 получателей; входящий поток 23,5 тыс. KZT.",1,False,1,1,23500.0,7200.0,1,1,0.30638297872340425,0.6936170212765957,0.0,1,1,0.0002894692379814412,1.981468513870874e-07,0,1877,0.0,1,False
100000008232832100,peripheral,0.5,40,0.3,Явное правило роли не сработало: 1 плательщиков и 1 получателей; входящий поток 337 тыс. KZT.,1,False,1,1,337000.0,138000.0,2,1,0.4094955489614243,0.5905044510385757,0.0,1,3,0.0004942271899045277,0.0,0,1877,0.0,1,False
100000008237827100,terminal,0.9,3,0.32983763345195727,Признаки удержания: осталось 100% входящего потока (40 тыс. KZT от 1 плательщиков); колено 1.,1,False,1,0,40001.0,0.0,1,0,0.0,1.0,0.0,1,2,0.00029357895180421055,0.0,0,1877,,1,False
100000008238112100,terminal,0.7,5,0.3234022835112693,Признаки удержания: осталось 100% входящего потока (190 тыс. KZT от 1 плательщиков); колено 3.,3,False,1,0,190000.0,0.0,1,0,0.0,1.0,0.0,0,0,0.0002917270372913667,0.0,0,1877,,1,False
100000008238989100,terminal,0.9,23,0.39238953143534994,Признаки удержания: осталось 100% входящего потока (200 тыс. KZT от 1 плательщиков); колено 2.,2,False,1,0,200000.0,0.0,2,0,0.0,1.0,0.0,0,1,0.000323247651083571,0.0,0,1877,,1,False
100000008244300100,consolidator,0.6667,5,0.5114842823250297,"Признаки сбора: 5 плательщиков, из них seed: 1; входящий поток 65,4 тыс. KZT.",1,False,5,0,65430.0,0.0,6,0,0.0,1.0,0.0,1,1,0.000479365914728666,0.0,0,1877,,1,False
100000008251939100,boundary,0.5,7,0.2798524614472123,"Граница выгрузки: колено 4; исходящие здесь не собирались, вывод об удержании невозможен.",4,False,1,0,44360.0,0.0,1,0,0.0,1.0,0.0,0,0,0.00030217452924276257,0.0,0,1877,,1,True
100000008254069100,peripheral,0.5,19,0.3,"Явное правило роли не сработало: 1 плательщиков и 5 получателей; входящий поток 10,2 тыс. KZT.",2,False,1,5,10200.0,107500.0,2,6,10.53921568627451,-9.53921568627451,97300.0,0,1,0.0003424861412375226,9.351210406461278e-05,0,1877,0.09302325581395349,1,False
100000008254576100,peripheral,0.5,35,0.3,Явное правило роли не сработало: 1 плательщиков и 1 получателей; входящий поток 8 тыс. KZT.,3,False,1,1,8000.0,60000.0,1,1,7.5,-6.5,52000.0,0,0,0.00029167108817849144,1.9616538287321655e-05,0,1877,0.0,1,False
100000008255655100,boundary,0.5,16,0.24742363582443652,"Граница выгрузки: колено 4; исходящие здесь не собирались, вывод об удержании невозможен.",4,False,1,0,5400.0,0.0,1,0,0.0,1.0,0.0,0,0,0.0005311928331096004,0.0,0,1877,,1,True
100000008258083100,peripheral,0.5,30,0.3,"Явное правило роли не сработало: 2 плательщиков и 2 получателей; входящий поток 3,1 млн KZT.",2,False,2,2,3149500.0,2045650.0,13,6,0.6495157961581204,0.3504842038418796,0.0,0,1,0.0010500443938968613,7.767356574373826e-05,0,1877,0.7646713758463081,1,False
100000008258458100,peripheral,0.5,64,0.3,Явное правило роли не сработало: 1 плательщиков и 2 получателей; входящий поток 19 тыс. KZT.,3,False,1,2,19000.0,1557988.0,1,4,81.99936842105264,-80.99936842105264,1538988.0,0,0,0.0002912603933485006,3.844048916909496e-05,0,1877,0.364308325866438,1,False
100000008259451100,terminal,0.7,14,0.29297523724792407,Признаки удержания: осталось 100% входящего потока (55 тыс. KZT от 1 плательщиков); колено 3.,3,False,1,0,55000.0,0.0,1,0,0.0,1.0,0.0,0,0,0.0003011151344797481,0.0,0,1877,,1,False
100000008279405100,terminal,0.7,6,0.3674414294187426,"Признаки удержания: осталось 100% входящего потока (234,7 тыс. KZT от 1 плательщиков); колено 3.",3,False,1,0,234738.0,0.0,2,0,0.0,1.0,0.0,0,0,0.00033332885250302973,0.0,0,1877,,1,False
100000008283183100,terminal,0.9,1,0.28493846381969157,Признаки удержания: осталось 100% входящего потока (29 тыс. KZT от 1 плательщиков); колено 2.,2,False,1,0,29000.0,0.0,1,0,0.0,1.0,0.0,0,1,0.0002954187762246869,0.0,3,270,,1,False
100000008289539100,terminal,0.9,15,0.2391644424673784,"Признаки удержания: осталось 100% входящего потока (14,9 тыс. KZT от 1 плательщиков); колено 2.",2,False,1,0,14912.0,0.0,1,0,0.0,1.0,0.0,0,1,0.0002903134116978226,0.0,0,1877,,1,False
100000008293431100,peripheral,0.5,0,0.3,Явное правило роли не сработало: 1 плательщиков и 5 получателей; входящий поток 15 тыс. KZT.,3,False,1,5,15000.0,297000.0,1,7,19.8,-18.8,282000.0,0,0,0.00028689952801563704,5.687061687524575e-05,0,1877,0.0,1,False
100000008295429100,terminal,0.7,5,0.35583110913404503,Признаки удержания: осталось 100% входящего потока (352 тыс. KZT от 1 плательщиков); колено 3.,3,False,1,0,352000.0,0.0,1,0,0.0,1.0,0.0,0,0,0.00029697732349136816,0.0,0,1877,,1,False
100000008297199100,terminal,0.7,0,0.2707332443653618,"Признаки удержания: осталось 100% входящего потока (42,3 тыс. KZT от 1 плательщиков); колено 3.",3,False,1,0,42268.0,0.0,1,0,0.0,1.0,0.0,0,0,0.0002965958116631634,0.0,0,1877,,1,False
100000008304115100,terminal,0.9,12,0.3106946915776987,Признаки удержания: осталось 100% входящего потока (51 тыс. KZT от 1 плательщиков); колено 1.,1,False,1,0,51000.0,0.0,1,0,0.0,1.0,0.0,1,1,0.00029403300196076604,0.0,0,1877,,1,False
100000008304139100,distributor,0.7,3,0.8065688018979834,"Признаки распределения: 24 получателей; исходящий поток 1,7 млн KZT.",1,False,4,24,189329.75,1692997.0,4,43,8.942054801213228,-7.942054801213228,1503667.25,1,1,0.0003136180059586537,0.0013103045314002593,0,1877,0.28186700862435077,1,False
100000008306857100,terminal,0.7,9,0.30756598457888495,Признаки удержания: осталось 100% входящего потока (125 тыс. KZT от 1 плательщиков); колено 3.,3,False,1,0,125000.0,0.0,1,0,0.0,1.0,0.0,0,0,0.0002915232752351062,0.0,0,1877,,1,False
100000008308418100,boundary,0.5,0,0.3,"Граница выгрузки: колено 4; исходящие здесь не собирались, вывод об удержании невозможен.",4,False,1,0,50000.0,0.0,1,0,0.0,1.0,0.0,0,0,0.0004315993314662991,0.0,0,1877,,1,True
100000008309514100,terminal,0.7,1,0.2047634934756821,"Признаки удержания: осталось 100% входящего потока (17,2 тыс. KZT от 1 плательщиков); колено 3.",3,False,1,0,17200.0,0.0,1,0,0.0,1.0,0.0,0,0,0.000288253832019236,0.0,3,270,,1,False
100000008314203100,peripheral,0.5,40,0.3,"Явное правило роли не сработало: 2 плательщиков и 2 получателей; входящий поток 382,1 тыс. KZT. Входящие извне выборки не наблюдаются.",0,True,2,2,382076.0,327000.0,10,13,0.8558506684533967,0.14414933154660325,0.0,2,3,0.0005029908624026965,0.0,0,1877,0.48623853211009177,1,False
100000008314863100,terminal,0.7,3,0.26099125148279956,Признаки удержания: осталось 100% входящего потока (12 тыс. KZT от 1 плательщиков); колено 3.,3,False,1,0,12000.0,0.0,1,0,0.0,1.0,0.0,0,0,0.0005170968391841085,0.0,0,1877,,1,False
100000008321975100,boundary,0.5,22,0.21019053973902727,"Граница выгрузки: колено 4; исходящие здесь не собирались, вывод об удержании невозможен.",4,False,1,0,5900.0,0.0,1,0,0.0,1.0,0.0,0,0,0.00030322854188756906,0.0,0,1877,,1,True
100000008324800100,transit,1.0,71,0.7175971233689205,"Признаки транзита: получено 526,5 тыс., отправлено 511 тыс. KZT; передано дальше 97% входящего потока. 100% исходящих сумм попали в окно 2 дней после входящего.",2,False,3,1,526500.0,511000.0,17,13,0.9705603038936372,0.029439696106362767,0.0,0,1,0.0018517826355651506,1.922024458454748e-05,0,1877,1.0,2,False
100000008327791100,boundary,0.5,16,0.2633933867141163,"Граница выгрузки: колено 4; исходящие здесь не собирались, вывод об удержании невозможен.",4,False,1,0,11000.0,0.0,1,0,0.0,1.0,0.0,0,0,0.0005367685704661637,0.0,0,1877,,1,True
100000008331280100,boundary,0.5,27,0.28968342230130484,"Граница выгрузки: колено 4; исходящие здесь не собирались, вывод об удержании невозможен.",4,False,1,0,41000.0,0.0,2,0,0.0,1.0,0.0,0,0,0.00031806648242539286,0.0,0,1877,,1,True
100000008332511100,terminal,0.7,9,0.37313537959667853,Признаки удержания: осталось 100% входящего потока (100 тыс. KZT от 1 плательщиков); колено 3.,3,False,1,0,100000.0,0.0,1,0,0.0,1.0,0.0,0,0,0.0011127776746800726,0.0,0,1877,,1,False
100000008333492100,boundary,0.5,48,0.3,"Граница выгрузки: колено 4; исходящие здесь не собирались, вывод об удержании невозможен.",4,False,1,0,216400.0,0.0,1,0,0.0,1.0,0.0,0,0,0.000438010856156945,0.0,0,1877,,1,True
100000008335401100,terminal,0.9,7,0.40962707591933567,Признаки удержания: осталось 100% входящего потока (150 тыс. KZT от 1 плательщиков); колено 2.,2,False,1,0,150000.0,0.0,3,0,0.0,1.0,0.0,0,1,0.0005512278448300623,0.0,0,1877,,1,False
100000008336318100,boundary,0.5,2,0.3,"Граница выгрузки: колено 4; исходящие здесь не собирались, вывод об удержании невозможен.",4,False,1,0,170000.0,0.0,1,0,0.0,1.0,0.0,0,0,0.00032671946741775836,0.0,0,1877,,1,True
100000008337304100,boundary,0.5,6,0.3,"Граница выгрузки: колено 4; исходящие здесь не собирались, вывод об удержании невозможен.",4,False,1,0,105465.0,0.0,2,0,0.0,1.0,0.0,0,0,0.00035426504692391266,0.0,0,1877,,1,True
100000008343415100,boundary,0.5,20,0.3,"Граница выгрузки: колено 4; исходящие здесь не собирались, вывод об удержании невозможен.",4,False,1,0,100000.0,0.0,3,0,0.0,1.0,0.0,0,0,0.0004339920196479948,0.0,0,1877,,1,True
100000008343874100,peripheral,0.5,20,0.3,"Явное правило роли не сработало: 2 плательщиков и 2 получателей; входящий поток 283,5 тыс. KZT.",3,False,2,2,283535.0,176400.0,2,5,0.6221454141464017,0.3778545858535983,0.0,0,0,0.0003076522795593052,3.883678287186913e-05,0,1877,0.8129251700680272,1,False
100000008346837100,coordinator,0.8536,13,0.9391533214709371,"Признаки координации: 9 плательщиков → 25 получателей; оборот 1,5 млн KZT; достижимы seed-клиенты: 2 в пределах 2 шагов.",2,False,9,25,254359.0,1258643.0,12,26,4.948293553599441,-3.9482935535994406,1004284.0,0,2,0.0005474079827287937,0.008981156281324022,0,1877,0.8516124111443832,4,False
100000008349675100,peripheral,0.5,10,0.3,"Явное правило роли не сработало: 1 плательщиков и 1 получателей; входящий поток 46,5 тыс. KZT.",1,False,1,1,46520.0,36650.0,1,2,0.7878331900257953,0.21216680997420467,0.0,1,1,0.0002882368551639779,1.981468513870874e-07,0,1877,0.504774897680764,1,False
100000008349740100,boundary,0.5,36,0.28608021945432976,"Граница выгрузки: колено 4; исходящие здесь не собирались, вывод об удержании невозможен.",4,False,1,0,70000.0,0.0,2,0,0.0,1.0,0.0,0,0,0.00029252500391614434,0.0,0,1877,,1,True
100000008352542100,terminal,0.9,3,0.3399206702253855,"Признаки удержания: осталось 100% входящего потока (50,2 тыс. KZT от 1 плательщиков); колено 2.",2,False,1,0,50220.0,0.0,1,0,0.0,1.0,0.0,0,1,0.00033147541987125204,0.0,0,1877,,1,False
100000008356606100,terminal,0.9,13,0.5244624851720048,"Признаки удержания: осталось 100% входящего потока (168,5 тыс. KZT от 2 плательщиков); колено 2.",2,False,2,0,168500.0,0.0,2,0,0.0,1.0,0.0,0,1,0.0006267853006401153,0.0,0,1877,,1,False
100000008376089100,terminal,0.9,30,0.36185127520759197,Признаки удержания: осталось 100% входящего потока (135 тыс. KZT от 1 плательщиков); колено 2.,2,False,1,0,135000.0,0.0,1,0,0.0,1.0,0.0,0,1,0.000302435334778072,0.0,0,1877,,1,False
100000008376785100,boundary,0.5,5,0.3,"Граница выгрузки: колено 4; исходящие здесь не собирались, вывод об удержании невозможен.",4,False,1,0,234250.0,0.0,2,0,0.0,1.0,0.0,0,0,0.0005318070054641104,0.0,0,1877,,1,True
100000008379273100,transit,0.8611,7,0.4993806642941875,"Признаки транзита: получено 36 тыс., отправлено 38 тыс. KZT; передано дальше 106% входящего потока. 0% исходящих сумм попали в окно 2 дней после входящего.",3,False,2,4,36000.0,38000.0,2,4,1.0555555555555556,-0.05555555555555558,2000.0,0,0,0.0002990171904496492,0.0017005148871402581,0,1877,0.0,1,False
100000008383405100,terminal,0.9,24,0.2910772538552788,Признаки удержания: осталось 100% входящего потока (25 тыс. KZT от 1 плательщиков); колено 1.,1,False,1,0,25000.0,0.0,2,0,0.0,1.0,0.0,1,1,0.0003060252661737654,0.0,0,1877,,1,False
100000008388049100,terminal,0.7,9,0.38020833333333337,"Признаки удержания: осталось 100% входящего потока (496,4 тыс. KZT от 1 плательщиков); колено 3.",3,False,1,0,496400.0,0.0,1,0,0.0,1.0,0.0,0,0,0.00030921374363523924,0.0,0,1877,,1,False
100000008389800100,peripheral,0.5,4,0.3,Явное правило роли не сработало: 3 плательщиков и 7 получателей; входящий поток 189 тыс. KZT.,2,False,3,7,189000.0,401620.0,3,8,2.124973544973545,-1.1249735449735452,212620.0,0,1,0.0005050963840560336,0.00015931006851521828,0,1877,0.5363278721179224,1,False
100000008405209100,terminal,0.7,16,0.28127594899169633,"Признаки удержания: осталось 100% входящего потока (54,4 тыс. KZT от 1 плательщиков); колено 3.",3,False,1,0,54400.0,0.0,1,0,0.0,1.0,0.0,0,0,0.00029413180237518533,0.0,0,1877,,1,False
100000008406609100,terminal,0.9,19,0.3352943357058126,Признаки удержания: осталось 100% входящего потока (34 тыс. KZT от 1 плательщиков); колено 2.,2,False,1,0,34000.0,0.0,1,0,0.0,1.0,0.0,0,1,0.00043050382065094834,0.0,0,1877,,1,False
100000008413748100,distributor,0.65,16,0.8528692170818506,"Признаки распределения: 18 получателей; исходящий поток 1,4 млн KZT.",2,False,2,18,26480.0,1377320.22,2,21,52.01360347432024,-51.01360347432024,1350840.22,0,1,0.00039089149206356923,0.00062471678307907,0,1877,0.3328092576757495,2,False
100000008416433100,terminal,0.7,14,0.22331331553973902,Признаки удержания: осталось 100% входящего потока (20 тыс. KZT от 1 плательщиков); колено 3.,3,False,1,0,20000.0,0.0,1,0,0.0,1.0,0.0,0,0,0.0002912223270400026,0.0,0,1877,,1,False
100000008417029100,terminal,0.7,2,0.322245699881376,Признаки удержания: осталось 100% входящего потока (100 тыс. KZT от 1 плательщиков); колено 3.,3,False,1,0,100000.0,0.0,1,0,0.0,1.0,0.0,0,0,0.00030663007931043686,0.0,0,1877,,1,False
100000008417359100,peripheral,0.5,16,0.3,"Явное правило роли не сработало: 1 плательщиков и 2 получателей; входящий поток 40,8 тыс. KZT.",3,False,1,2,40810.0,110760.0,2,3,2.714040676304827,-1.714040676304827,69950.0,0,0,0.0002919927493261819,0.0,0,1877,0.8125677139761647,1,False
100000008418835100,terminal,0.7779,15,0.5716841456362703,"Признаки удержания: осталось 86% входящего потока (1,4 млн KZT от 1 плательщиков); колено 0. Входящие извне выборки не наблюдаются.",0,True,1,4,1372000.0,186179.0,67,6,0.13569897959183674,0.8643010204081633,0.0,1,1,0.0005285862410602083,0.00031663866851656567,0,1877,0.8549782735969148,1,False
100000008418934100,terminal,0.9,2,0.4102053677342823,Признаки удержания: осталось 100% входящего потока (360 тыс. KZT от 1 плательщиков); колено 2.,2,False,1,0,360000.0,0.0,1,0,0.0,1.0,0.0,0,1,0.00031944516765308105,0.0,0,1877,,1,False
100000008422226100,terminal,0.7,0,0.2888382265717675,"Признаки удержания: осталось 100% входящего потока (87,5 тыс. KZT от 1 плательщиков); колено 3.",3,False,1,0,87450.0,0.0,1,0,0.0,1.0,0.0,0,0,0.0002904944753360778,0.0,0,1877,,1,False
100000008427027100,terminal,0.7,3,0.4019610023724793,Признаки удержания: осталось 100% входящего потока (300 тыс. KZT от 1 плательщиков); колено 3.,3,False,1,0,300000.0,0.0,1,0,0.0,1.0,0.0,0,0,0.0005512640793595239,0.0,0,1877,,1,False
100000008430691100,peripheral,0.5,70,0.3,Явное правило роли не сработало: 1 плательщиков и 2 получателей; входящий поток 20 тыс. KZT.,3,False,1,2,20000.0,604900.0,1,2,30.245,-29.245,584900.0,0,0,0.0003069779355111296,1.9616538287321655e-05,0,1877,0.96693668374938,1,False
100000008432942100,terminal,0.7,0,0.2477350237247924,"Признаки удержания: осталось 100% входящего потока (44,5 тыс. KZT от 1 плательщиков); колено 3.",3,False,1,0,44542.0,0.0,2,0,0.0,1.0,0.0,0,0,0.0002880778981897667,0.0,0,1877,,1,False
100000008436257100,terminal,0.7,16,0.39746070581257414,Признаки удержания: осталось 100% входящего потока (35 тыс. KZT от 2 плательщиков); колено 3.,3,False,2,0,35000.0,0.0,2,0,0.0,1.0,0.0,0,0,0.0002945798149854981,0.0,0,1877,,2,False
100000008438656100,terminal,0.8438,3,0.5908993179122182,Признаки удержания: осталось 94% входящего потока (80 тыс. KZT от 2 плательщиков); колено 1.,1,False,2,1,80000.0,5000.0,2,1,0.0625,0.9375,0.0,1,2,0.00029739252742606105,2.377762216645049e-05,0,1877,1.0,1,False
100000008443341100,peripheral,0.5,12,0.3,"Явное правило роли не сработало: 2 плательщиков и 3 получателей; входящий поток 34,5 тыс. KZT.",1,False,2,3,34500.0,50000.0,2,4,1.4492753623188406,-0.4492753623188406,15500.0,1,1,0.000668969993048666,0.0003600989624119565,0,1877,0.62,1,False
100000008454065100,terminal,0.7,14,0.23585779952550415,"Признаки удержания: осталось 100% входящего потока (24,1 тыс. KZT от 1 плательщиков); колено 3.",3,False,1,0,24050.0,0.0,1,0,0.0,1.0,0.0,0,0,0.00029236706618660175,0.0,0,1877,,1,False
100000008459449100,terminal,0.7,0,0.28923858244365364,"Признаки удержания: осталось 100% входящего потока (53,7 тыс. KZT от 1 плательщиков); колено 3.",3,False,1,0,53700.0,0.0,1,0,0.0,1.0,0.0,0,0,0.0002995780948902197,0.0,0,1877,,1,False
100000008460102100,distributor,0.7583,18,0.6583103813760379,"Признаки распределения: 31 получателей; исходящий поток 476,6 тыс. KZT.",3,False,1,31,17500.0,476570.0,1,34,27.23257142857143,-26.23257142857143,459070.0,0,0,0.00029968918055683897,0.0009777226136943517,0,1877,0.1874016408922089,1,False
100000008461217100,boundary,0.5,51,0.28203217674970343,"Граница выгрузки: колено 4; исходящие здесь не собирались, вывод об удержании невозможен.",4,False,1,0,18000.0,0.0,1,0,0.0,1.0,0.0,0,0,0.0005455897895490723,0.0,0,1877,,1,True
100000008461532100,peripheral,0.5,27,0.3,"Явное правило роли не сработало: 2 плательщиков и 8 получателей; входящий поток 565,3 тыс. KZT.",2,False,2,8,565300.0,2530090.0,2,9,4.475658942154608,-3.475658942154608,1964790.0,0,1,0.0007452506208527072,0.00027126303954892267,0,1877,0.9954033255733986,1,False
100000008463968100,terminal,0.7,1,0.18229908066429418,Признаки удержания: осталось 100% входящего потока (10 тыс. KZT от 1 плательщиков); колено 3.,3,False,1,0,10000.0,0.0,1,0,0.0,1.0,0.0,0,0,0.00028713007200911945,0.0,3,270,,1,False
100000008465789100,distributor,0.6333,2,0.7520999614604595,"Признаки распределения: 16 получателей; исходящий поток 1,9 млн KZT.",3,False,1,16,30099.0,1858100.0,1,17,61.732947938469714,-60.732947938469714,1828001.0,0,0,0.0002898880397943201,0.00084509640584407,0,1877,0.47796135837683656,1,False
100000008466579100,distributor,0.6417,2,0.8175785883748518,"Признаки распределения: 17 получателей; исходящий поток 1,9 млн KZT.",2,False,2,17,36952.0,1933000.0,2,20,52.31110630006495,-51.31110630006495,1896048.0,0,1,0.0003534138885849357,0.0005056322361854107,0,1877,0.06466632177961718,1,False
100000008468762100,terminal,0.7,21,0.4832703143534994,Признаки удержания: осталось 100% входящего потока (170 тыс. KZT от 2 плательщиков); колено 3.,3,False,2,0,170000.0,0.0,2,0,0.0,1.0,0.0,0,0,0.000310405073841,0.0,0,1877,,2,False
100000008469048100,boundary,0.5,0,0.3,"Граница выгрузки: колено 4; исходящие здесь не собирались, вывод об удержании невозможен.",4,False,1,0,265200.0,0.0,7,0,0.0,1.0,0.0,0,0,0.0005788057669614712,0.0,0,1877,,1,True
100000008470470100,terminal,0.9,1,0.28631746737841046,"Признаки удержания: осталось 100% входящего потока (33,5 тыс. KZT от 1 плательщиков); колено 1.",1,False,1,0,33547.0,0.0,1,0,0.0,1.0,0.0,1,1,0.00029261041656514913,0.0,3,270,,1,False
100000008471634100,boundary,0.5,26,0.2981353795966785,"Граница выгрузки: колено 4; исходящие здесь не собирались, вывод об удержании невозможен.",4,False,1,0,20000.0,0.0,1,0,0.0,1.0,0.0,0,0,0.0011246149928916334,0.0,0,1877,,1,True
100000008472324100,terminal,0.7,5,0.32865139383155395,"Признаки удержания: осталось 100% входящего потока (205,2 тыс. KZT от 1 плательщиков); колено 3.",3,False,1,0,205200.0,0.0,1,0,0.0,1.0,0.0,0,0,0.0002922196567372928,0.0,0,1877,,1,False
100000008473207100,terminal,0.9,3,0.4567949288256228,Признаки удержания: осталось 100% входящего потока (202 тыс. KZT от 1 плательщиков); колено 2.,2,False,1,0,202000.0,0.0,4,0,0.0,1.0,0.0,0,2,0.0005562056073953195,0.0,0,1877,,1,False
100000008473765100,terminal,0.7,6,0.24533288849347568,Признаки удержания: осталось 100% входящего потока (30 тыс. KZT от 1 плательщиков); колено 3.,3,False,1,0,30000.0,0.0,1,0,0.0,1.0,0.0,0,0,0.0002916730641589798,0.0,0,1877,,1,False
100000008474308100,peripheral,0.5,12,0.3,Явное правило роли не сработало: 1 плательщиков и 1 получателей; входящий поток 14 тыс. KZT.,2,False,1,1,14000.0,10000.0,2,1,0.7142857142857143,0.2857142857142857,0.0,0,1,0.0004450220360099154,0.0,0,1877,0.0,1,False
100000008474391100,terminal,0.7,23,0.27349125148279957,Признаки удержания: осталось 100% входящего потока (20 тыс. KZT от 1 плательщиков); колено 3.,3,False,1,0,20000.0,0.0,1,0,0.0,1.0,0.0,0,0,0.0004071507212217605,0.0,0,1877,,1,False
100000008477350100,coordinator,0.9882,0,0.9247256820877817,Признаки координации: 11 плательщиков → 39 получателей; оборот 4 млн KZT; достижимы seed-клиенты: 2 в пределах 2 шагов.,2,False,11,39,610100.0,3374866.0,14,44,5.531660383543682,-4.531660383543682,2764766.0,0,2,0.0010342350786611244,0.0025171940682580047,0,1877,0.5698872192258893,2,False
100000008478414100,terminal,0.9,1,0.223483837485172,Признаки удержания: осталось 100% входящего потока (10 тыс. KZT от 1 плательщиков); колено 2.,2,False,1,0,10000.0,0.0,1,0,0.0,1.0,0.0,0,1,0.00028896566732328953,0.0,3,270,,1,False
100000008486520100,peripheral,0.5,4,0.3,"Явное правило роли не сработало: 1 плательщиков и 1 получателей; входящий поток 35,7 тыс. KZT.",1,False,1,1,35720.0,14000.0,2,1,0.3919372900335946,0.6080627099664053,0.0,1,1,0.00028940983908926294,1.922024458454748e-05,0,1877,0.0,1,False
100000008488166100,terminal,0.7,1,0.1709556642941874,"Признаки удержания: осталось 100% входящего потока (5,6 тыс. KZT от 1 плательщиков); колено 3.",3,False,1,0,5600.0,0.0,1,0,0.0,1.0,0.0,0,0,0.0002864433297807149,0.0,3,270,,1,False
100000008489604100,terminal,0.7,1,0.1868364472123369,Признаки удержания: осталось 100% входящего потока (11 тыс. KZT от 1 плательщиков); колено 3.,3,False,1,0,11000.0,0.0,1,0,0.0,1.0,0.0,0,0,0.0002872861497883023,0.0,3,270,,1,False
100000008489922100,distributor,0.8,2,0.8490287663107948,"Признаки распределения: 36 получателей; исходящий поток 3,8 млн KZT.",3,False,3,36,262010.0,3789900.0,5,41,14.464715087210411,-13.464715087210411,3527890.0,0,0,0.0005858952858663094,0.0008721882963004521,0,1877,0.2690572310615056,2,False
100000008490127100,peripheral,0.5,5,0.3,"Явное правило роли не сработало: 1 плательщиков и 6 получателей; входящий поток 431,8 тыс. KZT.",3,False,1,6,431755.0,923000.0,2,9,2.137786476126507,-1.1377864761265069,491245.0,0,0,0.0002995621171696467,0.00011532146750728487,0,1877,0.0,1,False
100000008491390100,terminal,0.7,0,0.2382599347568209,Признаки удержания: осталось 100% входящего потока (36 тыс. KZT от 1 плательщиков); колено 3.,3,False,1,0,36000.0,0.0,1,0,0.0,1.0,0.0,0,0,0.00028759681303119975,0.0,0,1877,,1,False
100000008493007100,transit,1.0,1,0.372586743772242,"Признаки транзита: получено 26,1 тыс., отправлено 26,1 тыс. KZT; передано дальше 100% входящего потока. 100% исходящих сумм попали в окно 2 дней после входящего.",3,False,1,1,26150.0,26150.0,1,1,1.0,0.0,0.0,0,0,0.0002896507281429226,1.387027959709612e-06,3,270,1.0,1,False
100000008497298100,terminal,0.9,2,0.43271426453143536,Признаки удержания: осталось 100% входящего потока (600 тыс. KZT от 1 плательщиков); колено 2.,2,False,1,0,600000.0,0.0,1,0,0.0,1.0,0.0,0,1,0.00034202908327694116,0.0,0,1877,,1,False
100000008501413100,transit,1.0,33,0.3612138434163701,"Признаки транзита: получено 5 тыс., отправлено 5,1 тыс. KZT; передано дальше 102% входящего потока. 100% исходящих сумм попали в окно 2 дней после входящего.",3,False,1,1,5000.0,5100.0,1,1,1.02,-0.020000000000000018,100.0,0,0,0.00036664528360685786,2.1201713098418353e-05,0,1877,1.0,1,False
100000008502995100,terminal,0.7,0,0.3052083333333333,Признаки удержания: осталось 100% входящего потока (25 тыс. KZT от 1 плательщиков); колено 3.,3,False,1,0,25000.0,0.0,2,0,0.0,1.0,0.0,0,0,0.0007270949451502088,0.0,0,1877,,1,False
100000008503177100,terminal,0.7,6,0.2530731020166074,Признаки удержания: осталось 100% входящего потока (34 тыс. KZT от 1 плательщиков); колено 3.,3,False,1,0,33951.0,0.0,1,0,0.0,1.0,0.0,0,0,0.0002924769306603002,0.0,0,1877,,1,False
100000008507703100,terminal,0.7,1,0.23728128706998813,"Признаки удержания: осталось 100% входящего потока (28,5 тыс. KZT от 1 плательщиков); колено 3.",3,False,1,0,28500.0,0.0,1,0,0.0,1.0,0.0,0,0,0.00029001751092400227,0.0,3,270,,1,False
100000008512552100,peripheral,0.5,16,0.3,"Явное правило роли не сработало: 4 плательщиков и 6 получателей; входящий поток 394,4 тыс. KZT.",2,False,4,6,394360.0,1302275.0,9,11,3.3022492139162187,-2.3022492139162187,907915.0,0,1,0.0004258788196805511,0.00043072956564757015,0,1877,1.0,2,False
100000008512827100,distributor,0.5833,9,0.8543917936864235,"Признаки распределения: 10 получателей; исходящий поток 1,9 млн KZT.",2,False,3,10,107949.0,1944500.0,3,10,18.01313583266172,-17.01313583266172,1836551.0,0,1,0.0003352561979240575,0.00013726544500137545,0,1877,0.7986628953458472,1,False
100000008513251100,peripheral,0.5,88,0.03172597864768684,Явное правило роли не сработало: 0 плательщиков и 0 получателей; входящий поток 0 KZT. Входящие извне выборки не наблюдаются.,0,True,0,0,0.0,0.0,0,0,,0.0,0.0,0,0,0.0002855692942172909,0.0,32,1,,0,False
100000008514970100,terminal,0.6429,20,0.4815057829181495,Признаки удержания: осталось 92% входящего потока (380 тыс. KZT от 1 плательщиков); колено 3.,3,False,1,1,379966.0,31000.0,1,1,0.0815862471905381,0.9184137528094619,0.0,0,0,0.0003126314885305634,7.925874055483496e-07,0,1877,1.0,1,False
100000008516839100,consolidator,0.8,19,0.519961447212337,"Признаки сбора: 3 плательщиков, из них seed: 1; входящий поток 155 тыс. KZT. Входящие извне выборки не наблюдаются.",0,True,3,0,155000.0,0.0,4,0,0.0,1.0,0.0,1,3,0.0010695838614429964,0.0,0,1877,,2,False
100000008517061100,boundary,0.5,14,0.3,"Граница выгрузки: колено 4; исходящие здесь не собирались, вывод об удержании невозможен.",4,False,1,0,1844000.0,0.0,4,0,0.0,1.0,0.0,0,0,0.00041305671798624714,0.0,0,1877,,1,True
100000008517538100,distributor,0.6417,2,0.7880111639656839,"Признаки распределения: 17 получателей; исходящий поток 1,4 млн KZT.",3,False,3,17,155500.0,1439000.0,6,18,9.254019292604502,-8.254019292604502,1283500.0,0,0,0.00030701646079282416,0.0002458053647176589,0,1877,0.592077831827658,1,False
100000008522127100,peripheral,0.5,63,0.22342313167259786,Явное правило роли не сработало: 0 плательщиков и 1 получателей; входящий поток 0 KZT. Входящие извне выборки не наблюдаются.,0,True,0,1,0.0,145000.0,0,3,,0.0,145000.0,0,0,0.0002855692942172909,0.0,0,1877,0.0,0,False
100000008524903100,boundary,0.5,0,0.24729018386714116,"Граница выгрузки: колено 4; исходящие здесь не собирались, вывод об удержании невозможен.",4,False,1,0,15000.0,0.0,1,0,0.0,1.0,0.0,0,0,0.0003317732501869909,0.0,0,1877,,1,True
100000008525136100,boundary,0.5,0,0.19729018386714114,"Граница выгрузки: колено 4; исходящие здесь не собирались, вывод об удержании невозможен.",4,False,1,0,14100.0,0.0,1,0,0.0,1.0,0.0,0,0,0.0002885216550484359,0.0,0,1877,,1,True
100000008531133100,peripheral,0.5,4,0.3,Явное правило роли не сработало: 1 плательщиков и 3 получателей; входящий поток 25 тыс. KZT.,2,False,1,3,25000.0,158271.68,1,3,6.3308672,-5.3308672,133271.68,0,1,0.0005327484529006038,2.3348303988445135e-05,0,1877,0.20074140869674223,1,False
100000008531186100,terminal,0.9,3,0.3840487841043891,Признаки удержания: осталось 100% входящего потока (125 тыс. KZT от 1 плательщиков); колено 2.,2,False,1,0,125000.0,0.0,1,0,0.0,1.0,0.0,0,1,0.0003619550454860551,0.0,0,1877,,1,False
100000008532050100,terminal,0.7,5,0.3692652728351127,"Признаки удержания: осталось 100% входящего потока (455,2 тыс. KZT от 1 плательщиков); колено 3.",3,False,1,0,455156.0,0.0,1,0,0.0,1.0,0.0,0,0,0.0003003205242521543,0.0,0,1877,,1,False
100000008536546100,terminal,0.7,21,0.5018646204033215,Признаки удержания: осталось 100% входящего потока (250 тыс. KZT от 2 плательщиков); колено 3.,3,False,2,0,250000.0,0.0,2,0,0.0,1.0,0.0,0,0,0.0003172528720016747,0.0,0,1877,,2,False
100000008537380100,terminal,0.7,1,0.17620477461447212,Признаки удержания: осталось 100% входящего потока (8 тыс. KZT от 1 плательщиков); колено 3.,3,False,1,0,8000.0,0.0,1,0,0.0,1.0,0.0,0,0,0.00028681791645075375,0.0,3,270,,1,False
100000008545727100,peripheral,0.5,7,0.3,Явное правило роли не сработало: 1 плательщиков и 6 получателей; входящий поток 30 тыс. KZT.,2,False,1,6,30000.0,1866500.0,1,7,62.21666666666667,-61.21666666666667,1836500.0,0,1,0.00033870100433984517,0.00013420203177516877,0,1877,0.6375569247254219,1,False
100000008546855100,consolidator,0.7,17,0.6642385824436536,"Признаки сбора: 6 плательщиков, из них seed: 0; входящий поток 71,8 тыс. KZT.",2,False,6,2,71790.0,10000.0,8,2,0.1392951664577239,0.8607048335422761,0.0,0,1,0.0014269758891576917,5.8849614861964964e-05,0,1877,1.0,5,False
100000008547295100,terminal,0.7,8,0.27549303084223015,Признаки удержания: осталось 100% входящего потока (15 тыс. KZT от 1 плательщиков); колено 3.,3,False,1,0,15000.0,0.0,1,0,0.0,1.0,0.0,0,0,0.0005629711569533369,0.0,0,1877,,1,False
100000008547844100,distributor,0.6583,2,0.8258210553791279,Признаки распределения: 19 получателей; исходящий поток 2 млн KZT.,2,False,3,19,177600.0,2042199.0,3,21,11.498868243243244,-10.498868243243244,1864599.0,0,1,0.0003443380521779434,0.0017876098818035264,0,1877,0.40730604608071985,1,False
100000008547948100,coordinator,0.7944,2,0.9014049525504152,"Признаки координации: 6 плательщиков → 26 получателей; оборот 5,4 млн KZT; достижимы seed-клиенты: 1 в пределах 2 шагов.",2,False,6,26,212665.0,5185600.0,7,31,24.383890155878966,-23.383890155878966,4972935.0,0,1,0.0004277037249167612,0.0011322141374262575,0,1877,0.21627198395556926,4,False
100000008548853100,terminal,0.7,1,0.193486803084223,Признаки удержания: осталось 100% входящего потока (14 тыс. KZT от 1 плательщиков); колено 3.,3,False,1,0,14000.0,0.0,1,0,0.0,1.0,0.0,0,0,0.00028775438312585085,0.0,3,270,,1,False
100000008551752100,boundary,0.5,41,0.3,"Граница выгрузки: колено 4; исходящие здесь не собирались, вывод об удержании невозможен.",4,False,1,0,406000.0,0.0,2,0,0.0,1.0,0.0,0,0,0.0003415570643909764,0.0,0,1877,,1,True
100000008554390100,boundary,0.5,18,0.21210335112692766,"Граница выгрузки: колено 4; исходящие здесь не собирались, вывод об удержании невозможен.",4,False,1,0,14000.0,0.0,1,0,0.0,1.0,0.0,0,0,0.00029306138884771293,0.0,0,1877,,1,True
100000008555233100,terminal,0.7,21,0.3942652728351127,"Признаки удержания: осталось 100% входящего потока (440,6 тыс. KZT от 1 плательщиков); колено 3.",3,False,1,0,440600.0,0.0,1,0,0.0,1.0,0.0,0,0,0.0003634087205622213,0.0,0,1877,,1,False
100000008555918100,peripheral,0.5,3,0.3,"Явное правило роли не сработало: 1 плательщиков и 2 получателей; входящий поток 139,2 тыс. KZT.",1,False,1,2,139211.0,43300.0,1,2,0.3110386391879952,0.6889613608120049,0.0,1,2,0.00031344440839775313,4.755524433290098e-05,0,1877,0.0,1,False
100000008556318100,terminal,0.9,3,0.5568616548042704,"Признаки удержания: осталось 100% входящего потока (180,1 тыс. KZT от 2 плательщиков); колено 1.",1,False,2,0,180132.0,0.0,2,0,0.0,1.0,0.0,1,2,0.000560504103069661,0.0,0,1877,,1,False
100000008557672100,terminal,0.9,1,0.31950252075919333,"Признаки удержания: осталось 100% входящего потока (49,1 тыс. KZT от 1 плательщиков); колено 2.",2,False,1,0,49125.0,0.0,1,0,0.0,1.0,0.0,0,1,0.0003022539771005091,0.0,3,270,,1,False
100000008560263100,boundary,0.5,5,0.3,"Граница выгрузки: колено 4; исходящие здесь не собирались, вывод об удержании невозможен.",4,False,1,0,100000.0,0.0,1,0,0.0,1.0,0.0,0,0,0.0003131893168807817,0.0,0,1877,,1,True
100000008560717100,consolidator,0.7333,5,0.6536699288256228,"Признаки сбора: 7 плательщиков, из них seed: 1; входящий поток 529 тыс. KZT.",1,False,7,1,529000.0,25000.0,9,1,0.04725897920604915,0.9527410207939508,0.0,1,1,0.0003308341565552128,1.922024458454748e-05,0,1877,0.0,2,False
100000008561016100,transit,1.0,2,0.46991147686832746,"Признаки транзита: получено 180 тыс., отправлено 185 тыс. KZT; передано дальше 103% входящего потока. 100% исходящих сумм попали в окно 2 дней после входящего.",3,False,1,1,180000.0,185000.0,2,4,1.0277777777777777,-0.02777777777777768,5000.0,0,0,0.0002948428406003132,2.2390594206740877e-05,0,1877,1.0,1,False
100000008566737100,terminal,0.9,0,0.5749814650059312,Признаки удержания: осталось 100% входящего потока (230 тыс. KZT от 2 плательщиков); колено 1.,1,False,2,0,230000.0,0.0,2,0,0.0,1.0,0.0,1,2,0.0003494638119095339,0.0,0,1877,,2,False
100000008568512100,terminal,0.7,5,0.3261158066429419,"Признаки удержания: осталось 100% входящего потока (199,6 тыс. KZT от 1 плательщиков); колено 3.",3,False,1,0,199640.0,0.0,1,0,0.0,1.0,0.0,0,0,0.00029203946172944083,0.0,0,1877,,1,False
100000008571243100,terminal,0.7,7,0.3317652728351127,Признаки удержания: осталось 100% входящего потока (134 тыс. KZT от 1 плательщиков); колено 3.,3,False,1,0,134000.0,0.0,1,0,0.0,1.0,0.0,0,0,0.00030626343281042745,0.0,0,1877,,1,False
100000008571433100,peripheral,0.5,52,0.3,Явное правило роли не сработало: 2 плательщиков и 2 получателей; входящий поток 350 тыс. KZT. Входящие извне выборки не наблюдаются.,0,True,2,2,350000.0,1434000.0,2,3,4.097142857142857,-3.097142857142857,1084000.0,0,1,0.0016264807087207904,9.90734256935437e-07,11,5,0.7419804741980475,1,False
100000008571443100,terminal,0.9,13,0.44799451364175563,Признаки удержания: осталось 100% входящего потока (65 тыс. KZT от 2 плательщиков); колено 2.,2,False,2,0,65000.0,0.0,2,0,0.0,1.0,0.0,0,1,0.00031474857317144927,0.0,0,1877,,1,False
100000008575624100,peripheral,0.5,49,0.3,Явное правило роли не сработало: 0 плательщиков и 3 получателей; входящий поток 0 KZT. Входящие извне выборки не наблюдаются.,0,True,0,3,0.0,89500.0,0,5,,0.0,89500.0,0,0,0.0002855692942172909,0.0,18,6,0.0,0,False
100000008576243100,terminal,0.7,0,0.5030212040332147,"Признаки удержания: осталось 100% входящего потока (82,9 тыс. KZT от 2 плательщиков); колено 3.",3,False,2,0,82920.0,0.0,4,0,0.0,1.0,0.0,0,0,0.0016515737888683508,0.0,0,1877,,2,False
100000008576528100,terminal,0.7,5,0.2227350237247924,Признаки удержания: осталось 100% входящего потока (28 тыс. KZT от 1 плательщиков); колено 3.,3,False,1,0,28000.0,0.0,1,0,0.0,1.0,0.0,0,0,0.0002864767510913652,0.0,0,1877,,1,False
100000008579978100,peripheral,0.5,5,0.3,Явное правило роли не сработало: 1 плательщиков и 1 получателей; входящий поток 34 тыс. KZT.,3,False,1,1,34000.0,77000.0,1,6,2.264705882352941,-1.2647058823529411,43000.0,0,0,0.0002866712061358097,1.922024458454748e-05,0,1877,0.35064935064935066,1,False
100000008582730100,transit,1.0,17,0.3382228647686833,"Признаки транзита: получено 5 тыс., отправлено 5 тыс. KZT; передано дальше 100% входящего потока. 100% исходящих сумм попали в окно 2 дней после входящего.",3,False,1,1,5000.0,5000.0,1,1,1.0,0.0,0.0,0,0,0.0008925911171850297,0.0,0,1877,1.0,1,False
100000008583360100,peripheral,0.5,7,0.3,"Явное правило роли не сработало: 1 плательщиков и 1 получателей; входящий поток 112,8 тыс. KZT.",3,False,1,1,112843.0,170000.0,1,1,1.5065179054083992,-0.5065179054083992,57157.0,0,0,0.0003276125928311374,1.922024458454748e-05,0,1877,0.0,1,False
100000008583971100,boundary,0.5,0,0.3,"Граница выгрузки: колено 4; исходящие здесь не собирались, вывод об удержании невозможен.",4,False,2,0,51000.0,0.0,2,0,0.0,1.0,0.0,0,0,0.00032971602313587925,0.0,0,1877,,1,True
100000008586731100,terminal,0.9,12,0.22230501186239618,Признаки удержания: осталось 100% входящего потока (12 тыс. KZT от 1 плательщиков); колено 1.,1,False,1,0,12000.0,0.0,1,0,0.0,1.0,0.0,1,1,0.00028756075486281447,0.0,0,1877,,1,False
100000008587459100,peripheral,0.5,0,0.3,"Явное правило роли не сработало: 2 плательщиков и 2 получателей; входящий поток 181,5 тыс. KZT.",2,False,2,2,181507.0,686500.0,2,4,3.782223275135394,-2.782223275135394,504993.0,0,1,0.00030075681163842634,1.7724578204740185e-05,0,1877,0.0,1,False
100000008588665100,boundary,0.5,0,0.27660513048635826,"Граница выгрузки: колено 4; исходящие здесь не собирались, вывод об удержании невозможен.",4,False,1,0,25000.0,0.0,1,0,0.0,1.0,0.0,0,0,0.0003524909066556901,0.0,0,1877,,1,True
100000008595687100,terminal,0.5869,4,0.43330738434163707,"Признаки удержания: осталось 84% входящего потока (64,4 тыс. KZT от 1 плательщиков); колено 3.",3,False,1,1,64395.0,10400.0,1,1,0.161503222299868,0.838496777700132,0.0,0,0,0.00030485762729909343,0.00030108414068267934,0,1877,1.0,1,False
100000008596924100,terminal,0.7,8,0.3492029952550415,Признаки удержания: осталось 100% входящего потока (100 тыс. KZT от 1 плательщиков); колено 3.,3,False,1,0,100000.0,0.0,1,0,0.0,1.0,0.0,0,0,0.00041602042429942244,0.0,0,1877,,1,False
100000008598972100,terminal,0.7,20,0.3129930308422301,Признаки удержания: осталось 100% входящего потока (120 тыс. KZT от 1 плательщиков); колено 3.,3,False,1,0,120000.0,0.0,1,0,0.0,1.0,0.0,0,0,0.00029411601502281744,0.0,0,1877,,1,False
100000008599354100,peripheral,0.5,0,0.3,Явное правило роли не сработало: 1 плательщиков и 1 получателей; входящий поток 177 тыс. KZT.,3,False,1,1,177000.0,38200.0,1,2,0.21581920903954802,0.784180790960452,0.0,0,0,0.0003317435534185647,4.359230730515923e-06,0,1877,0.0,1,False
100000008601794100,peripheral,0.5,56,0.3,"Явное правило роли не сработало: 2 плательщиков и 1 получателей; входящий поток 494,4 тыс. KZT. Входящие извне выборки не наблюдаются.",0,True,2,1,494400.0,871400.0,8,13,1.7625404530744337,-0.7625404530744337,377000.0,0,1,0.002367779758018107,3.962937027741748e-07,8,4,0.23112233187973377,1,False
100000008603331100,peripheral,0.5,2,0.3,"Явное правило роли не сработало: 2 плательщиков и 6 получателей; входящий поток 39,5 тыс. KZT.",2,False,2,6,39500.0,741774.0,3,6,18.779088607594936,-17.779088607594936,702274.0,0,1,0.0003442340297094514,0.0001957690891704424,0,1877,0.44400855247015936,1,False
100000008603629100,coordinator,1.0,6,0.9281954329774614,"Признаки координации: 19 плательщиков → 61 получателей; оборот 6,8 млн KZT; достижимы seed-клиенты: 1 в пределах 2 шагов.",2,False,19,61,1817300.0,4986156.0,45,74,2.7437165025037142,-1.7437165025037142,3168856.0,0,1,0.0011918072731347837,0.00576052874226788,0,1877,0.9888378943619093,4,False
100000008612257100,terminal,0.7,16,0.1816318208778173,"Признаки удержания: осталось 100% входящего потока (9,5 тыс. KZT от 1 плательщиков); колено 3.",3,False,1,0,9500.0,0.0,1,0,0.0,1.0,0.0,0,0,0.00028786387694202796,0.0,0,1877,,1,False
100000008619159100,boundary,0.5,64,0.3,"Граница выгрузки: колено 4; исходящие здесь не собирались, вывод об удержании невозможен.",4,False,1,0,446400.0,0.0,2,0,0.0,1.0,0.0,0,0,0.00035658738939848845,0.0,0,1877,,1,True
100000008619857100,peripheral,0.5,0,0.3,Явное правило роли не сработало: 1 плательщиков и 2 получателей; входящий поток 29 тыс. KZT.,3,False,1,2,29000.0,13000.0,1,2,0.4482758620689655,0.5517241379310345,0.0,0,0,0.0002872025732618286,1.75823270987009e-06,0,1877,0.6153846153846154,1,False
100000008620570100,peripheral,0.5,6,0.3,Явное правило роли не сработало: 2 плательщиков и 2 получателей; входящий поток 145 тыс. KZT.,3,False,2,2,145000.0,31800.0,2,2,0.2193103448275862,0.7806896551724138,0.0,0,0,0.0003485384395879508,3.308344750837977e-05,0,1877,0.31446540880503143,1,False
100000008624978100,terminal,0.9,20,0.3739509193357058,Признаки удержания: осталось 100% входящего потока (109 тыс. KZT от 1 плательщиков); колено 2.,2,False,1,0,109000.0,0.0,1,0,0.0,1.0,0.0,0,1,0.00033803190556376176,0.0,0,1877,,1,False
100000008625905100,peripheral,0.5,58,0.3,"Явное правило роли не сработало: 1 плательщиков и 2 получателей; входящий поток 197,8 тыс. KZT.",3,False,1,2,197800.0,635000.0,1,2,3.210313447927199,-2.210313447927199,437200.0,0,0,0.0005453128171044595,3.962937027741748e-05,0,1877,0.0,1,False
100000008628231100,peripheral,0.5,66,0.3,Явное правило роли не сработало: 1 плательщиков и 2 получателей; входящий поток 50 тыс. KZT.,1,False,1,2,50000.0,627870.0,1,19,12.5574,-11.5574,577870.0,1,2,0.00029558111590539824,4.755524433290098e-05,0,1877,0.03503910045073025,1,False
100000008628818100,boundary,0.5,7,0.2834556642941874,"Граница выгрузки: колено 4; исходящие здесь не собирались, вывод об удержании невозможен.",4,False,1,0,46310.0,0.0,1,0,0.0,1.0,0.0,0,0,0.00030290447081849904,0.0,0,1877,,1,True
100000008629504100,boundary,0.5,0,0.2430197212336892,"Граница выгрузки: колено 4; исходящие здесь не собирались, вывод об удержании невозможен.",4,False,1,0,20000.0,0.0,1,0,0.0,1.0,0.0,0,0,0.00030201034173378495,0.0,0,1877,,1,True
100000008629581100,terminal,0.9,3,0.33756301897983393,"Признаки удержания: осталось 100% входящего потока (54,2 тыс. KZT от 1 плательщиков); колено 2.",2,False,1,0,54184.0,0.0,1,0,0.0,1.0,0.0,0,1,0.00031532894612265345,0.0,0,1877,,1,False
100000008631800100,boundary,0.5,18,0.2085891162514828,"Граница выгрузки: колено 4; исходящие здесь не собирались, вывод об удержании невозможен.",4,False,1,0,12850.0,0.0,1,0,0.0,1.0,0.0,0,0,0.00029244596678878543,0.0,0,1877,,1,True
100000008632060100,peripheral,0.5,0,0.3,Явное правило роли не сработало: 1 плательщиков и 9 получателей; входящий поток 6 тыс. KZT.,3,False,1,9,6000.0,339200.0,1,12,56.53333333333333,-55.53333333333333,333200.0,0,0,0.0002880256481640291,0.0005365436581217867,0,1877,0.0,1,False
100000008633099100,peripheral,0.5,10,0.2949325326215895,"Явное правило роли не сработало: 1 плательщиков и 1 получателей; входящий поток 19,5 тыс. KZT.",3,False,1,1,19468.0,13500.0,1,1,0.6934456544072324,0.3065543455927676,0.0,0,0,0.00029196202177266776,1.922024458454748e-05,0,1877,0.0,1,False
100000008634520100,terminal,0.7,2,0.3069876927639383,Признаки удержания: осталось 100% входящего потока (90 тыс. KZT от 1 плательщиков); колено 3.,3,False,1,0,90000.0,0.0,1,0,0.0,1.0,0.0,0,0,0.00029848291599650714,0.0,0,1877,,1,False
100000008636603100,peripheral,0.5,4,0.3,"Явное правило роли не сработало: 2 плательщиков и 6 получателей; входящий поток 35,5 тыс. KZT.",2,False,2,6,35460.0,159375.0,2,7,4.494500846023689,-3.494500846023689,123915.0,0,1,0.0003387006850594576,0.003474565491670118,0,1877,0.36941176470588233,1,False
100000008637537100,consolidator,0.9,40,0.7606494661921709,"Признаки сбора: 3 плательщиков, из них seed: 2; входящий поток 619,9 тыс. KZT. Входящие извне выборки не наблюдаются.",0,True,3,3,619890.0,2351495.0,22,30,3.793406894771653,-2.793406894771653,1731605.0,2,4,0.0008287331534345294,7.75353843868499e-05,0,1877,1.0,2,False
100000008638859100,boundary,0.5,17,0.3,"Граница выгрузки: колено 4; исходящие здесь не собирались, вывод об удержании невозможен.",4,False,1,0,34000.0,0.0,1,0,0.0,1.0,0.0,0,0,0.0005396486131466575,0.0,0,1877,,1,True
100000008647905100,peripheral,0.5,17,0.3,Явное правило роли не сработало: 1 плательщиков и 2 получателей; входящий поток 50 тыс. KZT.,2,False,1,2,50000.0,344222.0,1,2,6.88444,-5.88444,294222.0,0,1,0.0003287103258672675,3.844048916909496e-05,0,1877,0.670497527758249,1,False
100000008648783100,boundary,0.5,18,0.17624925860023724,"Граница выгрузки: колено 4; исходящие здесь не собирались, вывод об удержании невозможен.",4,False,1,0,5200.0,0.0,1,0,0.0,1.0,0.0,0,0,0.0002883520722228762,0.0,0,1877,,1,True
100000008649416100,boundary,0.5,16,0.2461336002372479,"Граница выгрузки: колено 4; исходящие здесь не собирались, вывод об удержании невозможен.",4,False,1,0,5000.0,0.0,1,0,0.0,1.0,0.0,0,0,0.000533726717629368,0.0,0,1877,,1,True
100000008650785100,peripheral,0.5,4,0.3,Явное правило роли не сработало: 2 плательщиков и 2 получателей; входящий поток 92 тыс. KZT. Входящие извне выборки не наблюдаются.,0,True,2,2,92000.0,120120.0,2,2,1.3056521739130436,-0.30565217391304356,28120.0,1,2,0.0006125210138081811,2.2423618681972056e-05,0,1877,0.5829170829170829,1,False
100000008652094100,terminal,0.7,0,0.2366585112692764,Признаки удержания: осталось 100% входящего потока (35 тыс. KZT от 1 плательщиков); колено 3.,3,False,1,0,35000.0,0.0,1,0,0.0,1.0,0.0,0,0,0.0002875404930641467,0.0,0,1877,,1,False
100000008653041100,terminal,0.7,1,0.23608021945432978,Признаки удержания: осталось 100% входящего потока (28 тыс. KZT от 1 плательщиков); колено 3.,3,False,1,0,28000.0,0.0,1,0,0.0,1.0,0.0,0,0,0.00028993947203441087,0.0,3,270,,1,False
100000008654653100,peripheral,0.5,4,0.1825031316725979,Явное правило роли не сработало: 0 плательщиков и 1 получателей; входящий поток 0 KZT. Входящие извне выборки не наблюдаются.,0,True,0,1,0.0,54000.0,0,1,,0.0,54000.0,0,0,0.0002855692942172909,0.0,0,1877,0.0,0,False
100000008655035100,terminal,0.9,10,0.37303158362989325,Признаки удержания: осталось 100% входящего потока (30 тыс. KZT от 1 плательщиков); колено 2.,2,False,1,0,30000.0,0.0,1,0,0.0,1.0,0.0,0,2,0.0005401427143175893,0.0,0,1877,,1,False
100000008655779100,peripheral,0.5,28,0.3,Явное правило роли не сработало: 1 плательщиков и 2 получателей; входящий поток 47 тыс. KZT.,3,False,1,2,47000.0,24704.0,1,2,0.5256170212765957,0.4743829787234043,0.0,0,0,0.00039705232861292827,5.920977464216475e-05,0,1877,0.0,1,False
100000008656043100,terminal,0.9,1,0.27951141755634634,"Признаки удержания: осталось 100% входящего потока (26,2 тыс. KZT от 1 плательщиков); колено 2.",2,False,1,0,26200.0,0.0,1,0,0.0,1.0,0.0,0,1,0.0002944677917550073,0.0,3,270,,1,False
100000008659445100,peripheral,0.5,43,0.3,"Явное правило роли не сработало: 3 плательщиков и 4 получателей; входящий поток 138,5 тыс. KZT. Входящие извне выборки не наблюдаются.",0,True,3,4,138490.0,875150.0,7,18,6.319228825185934,-5.319228825185934,736660.0,0,1,0.0024238038911821246,9.90734256935437e-07,1,6,0.5178540821573444,2,False
100000008659950100,terminal,0.7,2,0.36575103795966785,Признаки удержания: осталось 100% входящего потока (246 тыс. KZT от 1 плательщиков); колено 3.,3,False,1,0,246000.0,0.0,1,0,0.0,1.0,0.0,0,0,0.0003208665270804821,0.0,0,1877,,1,False
100000008661550100,terminal,0.7,1,0.2211336002372479,"Признаки удержания: осталось 100% входящего потока (22,8 тыс. KZT от 1 плательщиков); колено 3.",3,False,1,0,22800.0,0.0,1,0,0.0,1.0,0.0,0,0,0.00028912786758266,0.0,3,270,,1,False
100000008661585100,terminal,0.9,1,0.30099718268090153,"Признаки удержания: осталось 100% входящего потока (43,1 тыс. KZT от 1 плательщиков); колено 1.",1,False,1,0,43141.0,0.0,1,0,0.0,1.0,0.0,1,1,0.00029462408478601393,0.0,3,270,,1,False
100000008662216100,terminal,0.7,1,0.2329440984578885,"Признаки удержания: осталось 100% входящего потока (26,2 тыс. KZT от 1 плательщиков); колено 3.",3,False,1,0,26200.0,0.0,1,0,0.0,1.0,0.0,0,0,0.00028965853203188175,0.0,3,270,,1,False
100000008662805100,terminal,0.7,1,0.20271723013048634,"Признаки удержания: осталось 100% входящего потока (16,5 тыс. KZT от 1 плательщиков); колено 3.",3,False,1,0,16500.0,0.0,1,0,0.0,1.0,0.0,0,0,0.000288144577573808,0.0,3,270,,1,False
100000008663007100,terminal,0.9,1,0.2300229833926453,Признаки удержания: осталось 100% входящего потока (14 тыс. KZT от 1 плательщиков); колено 1.,1,False,1,0,14000.0,0.0,1,0,0.0,1.0,0.0,1,1,0.0002885077302285591,0.0,3,270,,1,False
100000008663723100,terminal,0.7,1,0.1994476571767497,"Признаки удержания: осталось 100% входящего потока (15,6 тыс. KZT от 1 плательщиков); колено 3.",3,False,1,0,15600.0,0.0,1,0,0.0,1.0,0.0,0,0,0.00028800410757254345,0.0,3,270,,1,False
100000008664469100,terminal,0.9,3,0.2991881672597865,Признаки удержания: осталось 100% входящего потока (25 тыс. KZT от 1 плательщиков); колено 1.,1,False,1,0,25000.0,0.0,1,0,0.0,1.0,0.0,1,2,0.0002905752050613446,0.0,0,1877,,1,False
100000008664774100,terminal,0.7,1,0.20202772835112692,"Признаки удержания: осталось 100% входящего потока (16,3 тыс. KZT от 1 плательщиков); колено 3.",3,False,1,0,16300.0,0.0,1,0,0.0,1.0,0.0,0,0,0.0002881133620179714,0.0,3,270,,1,False
100000008665380100,peripheral,0.5,0,0.3,"Явное правило роли не сработало: 2 плательщиков и 1 получателей; входящий поток 69,1 тыс. KZT.",1,False,2,1,69100.0,18200.0,2,1,0.2633863965267728,0.7366136034732271,0.0,1,1,0.00029077432850192693,1.922024458454748e-05,0,1877,1.0,1,False
100000008666075100,terminal,0.9,1,0.2713263641755635,"Признаки удержания: осталось 100% входящего потока (26,2 тыс. KZT от 1 плательщиков); колено 1.",1,False,1,0,26217.0,0.0,1,0,0.0,1.0,0.0,1,1,0.0002910719354249637,0.0,3,270,,1,False
100000008667058100,terminal,0.9,1,0.24381301897983393,"Признаки удержания: осталось 100% входящего потока (17,5 тыс. KZT от 1 плательщиков); колено 1.",1,False,1,0,17534.0,0.0,1,0,0.0,1.0,0.0,1,1,0.00028924947543311784,0.0,3,270,,1,False
100000008667795100,terminal,0.7,1,0.24864694543297744,Признаки удержания: осталось 100% входящего потока (34 тыс. KZT от 1 плательщиков); колено 3.,3,False,1,0,34000.0,0.0,1,0,0.0,1.0,0.0,0,0,0.000290875938709508,0.0,3,270,,1,False
100000008667799100,terminal,0.7,1,0.24864694543297744,Признаки удержания: осталось 100% входящего потока (34 тыс. KZT от 1 плательщиков); колено 3.,3,False,1,0,34000.0,0.0,1,0,0.0,1.0,0.0,0,0,0.000290875938709508,0.0,3,270,,1,False
100000008668099100,terminal,0.7,1,0.20007043297746144,"Признаки удержания: осталось 100% входящего потока (15,7 тыс. KZT от 1 плательщиков); колено 3.",3,False,1,0,15700.0,0.0,1,0,0.0,1.0,0.0,0,0,0.00028801971535046174,0.0,3,270,,1,False
100000008669037100,peripheral,0.5,89,0.03172597864768684,Явное правило роли не сработало: 0 плательщиков и 0 получателей; входящий поток 0 KZT. Входящие извне выборки не наблюдаются.,0,True,0,0,0.0,0.0,0,0,,0.0,0.0,0,0,0.0002855692942172909,0.0,33,1,,0,False
100000008669310100,terminal,0.7,0,0.26837559311981024,"Признаки удержания: осталось 100% входящего потока (59,6 тыс. KZT от 1 плательщиков); колено 3.",3,False,1,0,59567.0,0.0,2,0,0.0,1.0,0.0,0,0,0.00028892410569473836,0.0,0,1877,,1,False
100000008670667100,terminal,0.9,1,0.23665109727164885,"Признаки удержания: осталось 100% входящего потока (15,5 тыс. KZT от 1 плательщиков); колено 1.",1,False,1,0,15534.0,0.0,1,0,0.0,1.0,0.0,1,1,0.0002888296988600795,0.0,3,270,,1,False
100000008671026100,terminal,0.9,1,0.26142867734282327,"Признаки удержания: осталось 100% входящего потока (23,5 тыс. KZT от 1 плательщиков); колено 1.",1,False,1,0,23534.0,0.0,1,0,0.0,1.0,0.0,1,1,0.0002905088051522328,0.0,3,270,,1,False
100000008671081100,terminal,0.7,1,0.2541852016607355,"Признаки удержания: осталось 100% входящего потока (37,2 тыс. KZT от 1 плательщиков); колено 3.",3,False,1,0,37200.0,0.0,1,0,0.0,1.0,0.0,0,0,0.0002913753876028931,0.0,3,270,,1,False
100000008671129100,terminal,0.7,1,0.2329440984578885,"Признаки удержания: осталось 100% входящего потока (26,2 тыс. KZT от 1 плательщиков); колено 3.",3,False,1,0,26200.0,0.0,1,0,0.0,1.0,0.0,0,0,0.00028965853203188175,0.0,3,270,,1,False
100000008671929100,terminal,0.9,3,0.36925044483985764,Признаки удержания: осталось 100% входящего потока (75 тыс. KZT от 1 плательщиков); колено 1.,1,False,1,0,75000.0,0.0,2,0,0.0,1.0,0.0,1,2,0.00030058702674945194,0.0,0,1877,,1,False
100000008672162100,terminal,0.9,1,0.23702921115065242,"Признаки удержания: осталось 100% входящего потока (15,6 тыс. KZT от 1 плательщиков); колено 1.",1,False,1,0,15550.0,0.0,1,0,0.0,1.0,0.0,1,1,0.0002888330570726638,0.0,3,270,,1,False
100000008672200100,terminal,0.9,1,0.2121626631079478,"Признаки удержания: осталось 100% входящего потока (8,5 тыс. KZT от 1 плательщиков); колено 1.",1,False,1,0,8511.0,0.0,1,0,0.0,1.0,0.0,1,1,0.00028735565342385543,0.0,3,270,,1,False
100000008672480100,terminal,0.9,1,0.23478276986951363,Признаки удержания: осталось 100% входящего потока (13 тыс. KZT от 1 плательщиков); колено 2.,2,False,1,0,13000.0,0.0,1,0,0.0,1.0,0.0,0,1,0.0002899845792550891,0.0,3,270,,1,False
100000008672493100,terminal,0.7,1,0.193486803084223,Признаки удержания: осталось 100% входящего потока (14 тыс. KZT от 1 плательщиков); колено 3.,3,False,1,0,14000.0,0.0,1,0,0.0,1.0,0.0,0,0,0.00028775438312585085,0.0,3,270,,1,False
100000008672603100,terminal,0.9,3,0.2737284994068802,"Признаки удержания: осталось 100% входящего потока (21,2 тыс. KZT от 1 плательщиков); колено 2.",2,False,1,0,21200.0,0.0,1,0,0.0,1.0,0.0,0,1,0.00029721303813419784,0.0,0,1877,,1,False
100000008672762100,terminal,0.9,1,0.23478276986951363,Признаки удержания: осталось 100% входящего потока (13 тыс. KZT от 1 плательщиков); колено 2.,2,False,1,0,13000.0,0.0,1,0,0.0,1.0,0.0,0,1,0.0002899845792550891,0.0,3,270,,1,False
100000008673001100,terminal,0.9,19,0.29944543297746146,Признаки удержания: осталось 100% входящего потока (80 тыс. KZT от 1 плательщиков); колено 0. Входящие извне выборки не наблюдаются.,0,True,1,0,80000.0,0.0,1,0,0.0,1.0,0.0,1,1,0.0004689783107025115,0.0,0,1877,,1,False
100000008675322100,boundary,0.5,36,0.3,"Граница выгрузки: колено 4; исходящие здесь не собирались, вывод об удержании невозможен.",4,False,1,0,340000.0,0.0,4,0,0.0,1.0,0.0,0,0,0.0003193541698974364,0.0,0,1877,,1,True
100000008676812100,terminal,0.7,17,0.3838115361803084,"Признаки удержания: осталось 100% входящего потока (230,8 тыс. KZT от 1 плательщиков); колено 3.",3,False,1,0,230800.0,0.0,1,0,0.0,1.0,0.0,0,0,0.0004731341579895603,0.0,0,1877,,1,False
100000008677215100,terminal,0.7,23,0.21650726571767498,Признаки удержания: осталось 100% входящего потока (9 тыс. KZT от 1 плательщиков); колено 3.,3,False,1,0,9000.0,0.0,1,0,0.0,1.0,0.0,0,0,0.0003043767156368611,0.0,0,1877,,1,False
100000008677368100,boundary,0.5,10,0.2671300415183867,"Граница выгрузки: колено 4; исходящие здесь не собирались, вывод об удержании невозможен.",4,False,1,0,13500.0,0.0,1,0,0.0,1.0,0.0,0,0,0.0005340288694748735,0.0,0,1877,,1,True
100000008677518100,terminal,0.7,1,0.2707332443653618,"Признаки удержания: осталось 100% входящего потока (48,7 тыс. KZT от 1 плательщиков); колено 3.",3,False,1,0,48700.0,0.0,1,0,0.0,1.0,0.0,0,0,0.000293170282063496,0.0,3,270,,1,False
100000008679986100,terminal,0.9,1,0.24803899762752074,Признаки удержания: осталось 100% входящего потока (19 тыс. KZT от 1 плательщиков); колено 1.,1,False,1,0,19000.0,0.0,1,0,0.0,1.0,0.0,1,1,0.00028955717166115493,0.0,3,270,,1,False
100000008680061100,boundary,0.5,5,0.28479018386714117,"Граница выгрузки: колено 4; исходящие здесь не собирались, вывод об удержании невозможен.",4,False,1,0,41300.0,0.0,2,0,0.0,1.0,0.0,0,0,0.0003106855908070421,0.0,0,1877,,1,True
100000008680451100,terminal,0.9,1,0.26142867734282327,"Признаки удержания: осталось 100% входящего потока (23,5 тыс. KZT от 1 плательщиков); колено 1.",1,False,1,0,23534.0,0.0,1,0,0.0,1.0,0.0,1,1,0.0002905088051522328,0.0,3,270,,1,False
100000008680731100,distributor,0.725,12,0.5007651245551602,"Признаки распределения: 27 получателей; исходящий поток 1,5 млн KZT. Входящие извне выборки не наблюдаются.",0,True,0,27,0.0,1464354.0,0,28,,0.0,1464354.0,0,0,0.0002855692942172909,0.0,0,1877,0.0,0,False
100000008680912100,terminal,0.607,0,0.3980315836298932,"Признаки удержания: осталось 87% входящего потока (45,1 тыс. KZT от 1 плательщиков); колено 3.",3,False,1,1,45112.0,5990.85,2,1,0.13279947685759888,0.8672005231424011,0.0,0,0,0.0005351757124790597,0.0,0,1877,1.0,1,False
100000008682426100,terminal,0.7,14,0.22331331553973902,Признаки удержания: осталось 100% входящего потока (20 тыс. KZT от 1 плательщиков); колено 3.,3,False,1,0,20000.0,0.0,1,0,0.0,1.0,0.0,0,0,0.0002912223270400026,0.0,0,1877,,1,False
100000008683818100,terminal,0.9,1,0.2514420225385528,"Признаки удержания: осталось 100% входящего потока (17,4 тыс. KZT от 1 плательщиков); колено 2.",2,False,1,0,17400.0,0.0,1,0,0.0,1.0,0.0,0,1,0.0002914789834217285,0.0,3,270,,1,False
100000008684452100,terminal,0.7,1,0.27731687425860024,"Признаки удержания: осталось 100% входящего потока (51,8 тыс. KZT от 1 плательщиков); колено 3.",3,False,1,0,51800.0,0.0,1,0,0.0,1.0,0.0,0,0,0.0002936541231789628,0.0,3,270,,1,False
100000008684767100,terminal,0.7,1,0.2440650948991696,"Признаки удержания: осталось 100% входящего потока (31,1 тыс. KZT от 1 плательщиков); колено 3.",3,False,1,0,31100.0,0.0,1,0,0.0,1.0,0.0,0,0,0.0002904233131498777,0.0,3,270,,1,False
100000008684951100,terminal,0.7,1,0.2047634934756821,"Признаки удержания: осталось 100% входящего потока (17,2 тыс. KZT от 1 плательщиков); колено 3.",3,False,1,0,17200.0,0.0,1,0,0.0,1.0,0.0,0,0,0.000288253832019236,0.0,3,270,,1,False
100000008686214100,terminal,0.7,6,0.24813537959667853,Признаки удержания: осталось 100% входящего потока (25 тыс. KZT от 1 плательщиков); колено 3.,3,False,1,0,25000.0,0.0,1,0,0.0,1.0,0.0,0,0,0.00029772792993778554,0.0,0,1877,,1,False
100000008686234100,terminal,0.9,0,0.2938352609727165,"Признаки удержания: осталось 100% входящего потока (39,8 тыс. KZT от 1 плательщиков); колено 1.",1,False,1,0,39778.0,0.0,1,0,0.0,1.0,0.0,1,1,0.0002930337323065542,0.0,0,1877,,1,False
100000008686247100,peripheral,0.5,24,0.2687759489916963,Явное правило роли не сработало: 1 плательщиков и 1 получателей; входящий поток 22 тыс. KZT.,3,False,1,1,22000.0,5000.0,2,1,0.22727272727272727,0.7727272727272727,0.0,0,0,0.0003136737677799251,0.0,0,1877,0.0,1,False
100000008686313100,consolidator,0.7,0,0.7422523724792408,"Признаки сбора: 6 плательщиков, из них seed: 1; входящий поток 1,9 млн KZT.",1,False,6,7,1912716.0,333800.0,16,13,0.17451623764322566,0.8254837623567743,0.0,1,1,0.00046763290222869713,0.001984826024832945,0,1877,1.0,2,False
100000008686494100,terminal,0.7,1,0.20007043297746144,"Признаки удержания: осталось 100% входящего потока (15,7 тыс. KZT от 1 плательщиков); колено 3.",3,False,1,0,15700.0,0.0,1,0,0.0,1.0,0.0,0,0,0.00028801971535046174,0.0,3,270,,1,False
100000008687492100,terminal,0.9,1,0.24161106168446025,Признаки удержания: осталось 100% входящего потока (15 тыс. KZT от 1 плательщиков); колено 2.,2,False,1,0,15000.0,0.0,1,0,0.0,1.0,0.0,0,1,0.0002906638538762888,0.0,3,270,,1,False
100000008687617100,terminal,0.7,1,0.26250370699881376,"Признаки удержания: осталось 100% входящего потока (43,4 тыс. KZT от 1 плательщиков); колено 3.",3,False,1,0,43350.0,0.0,2,0,0.0,1.0,0.0,0,0,0.0002923352659448677,0.0,3,270,,1,False
100000008687671100,terminal,0.9,1,0.29303454922894423,"Признаки удержания: осталось 100% входящего потока (37,5 тыс. KZT от 1 плательщиков); колено 1.",1,False,1,0,37500.0,0.0,1,0,0.0,1.0,0.0,1,1,0.0002934401049617594,0.0,3,270,,1,False
100000008687733100,terminal,0.7,1,0.19511046856465006,"Признаки удержания: осталось 100% входящего потока (14,7 тыс. KZT от 1 плательщиков); колено 3.",3,False,1,0,14650.0,0.0,1,0,0.0,1.0,0.0,0,0,0.00028785583368231974,0.0,3,270,,1,False
100000008687990100,terminal,0.7,1,0.20649836892052192,"Признаки удержания: осталось 100% входящего потока (17,6 тыс. KZT от 1 плательщиков); колено 3.",3,False,1,0,17600.0,0.0,1,0,0.0,1.0,0.0,0,0,0.00028831626313090915,0.0,3,270,,1,False
100000008688109100,terminal,0.7,1,0.19079552194543295,"Признаки удержания: осталось 100% входящего потока (12,8 тыс. KZT от 1 плательщиков); колено 3.",3,False,1,0,12800.0,0.0,1,0,0.0,1.0,0.0,0,0,0.0002875670897908314,0.0,3,270,,1,False
100000008688155100,terminal,0.7,1,0.22360246144721233,"Признаки удержания: осталось 100% входящего потока (23,6 тыс. KZT от 1 плательщиков); колено 3.",3,False,1,0,23600.0,0.0,1,0,0.0,1.0,0.0,0,0,0.00028925272980600625,0.0,3,270,,1,False
100000008688476100,terminal,0.9,1,0.27199362396204035,Признаки удержания: осталось 100% входящего потока (24 тыс. KZT от 1 плательщиков); колено 2.,2,False,1,0,24000.0,0.0,1,0,0.0,1.0,0.0,0,1,0.0002937205896716876,0.0,3,270,,1,False
100000008688881100,terminal,0.9,1,0.31105056346381965,"Признаки удержания: осталось 100% входящего потока (44,2 тыс. KZT от 1 плательщиков); колено 2.",2,False,1,0,44211.0,0.0,1,0,0.0,1.0,0.0,0,1,0.00030058499935622143,0.0,3,270,,1,False
100000008690762100,terminal,0.7,1,0.23398947212336893,"Признаки удержания: осталось 100% входящего потока (26,8 тыс. KZT от 1 плательщиков); колено 3.",3,False,1,0,26750.0,0.0,1,0,0.0,1.0,0.0,0,0,0.00028974437481043224,0.0,3,270,,1,False
100000008690932100,terminal,0.9,1,0.25984949584816136,Признаки удержания: осталось 100% входящего потока (23 тыс. KZT от 1 плательщиков); колено 1.,1,False,1,0,23000.0,0.0,1,0,0.0,1.0,0.0,1,1,0.00029039672480723154,0.0,3,270,,1,False
100000008691027100,terminal,0.9,1,0.24381301897983393,"Признаки удержания: осталось 100% входящего потока (17,5 тыс. KZT от 1 плательщиков); колено 1.",1,False,1,0,17534.0,0.0,1,0,0.0,1.0,0.0,1,1,0.00028924947543311784,0.0,3,270,,1,False
100000008691168100,terminal,0.9,1,0.27199362396204035,Признаки удержания: осталось 100% входящего потока (24 тыс. KZT от 1 плательщиков); колено 2.,2,False,1,0,24000.0,0.0,1,0,0.0,1.0,0.0,0,1,0.0002937205896716876,0.0,3,270,,1,False
100000008691330100,terminal,0.9,1,0.25713597271648875,"Признаки удержания: осталось 100% входящего потока (21,4 тыс. KZT от 1 плательщиков); колено 1.",1,False,1,0,21440.0,0.0,1,0,0.0,1.0,0.0,1,1,0.0002900692990802617,0.0,3,270,,1,False
100000008691495100,terminal,0.9,1,0.2728833036773428,Признаки удержания: осталось 100% входящего потока (27 тыс. KZT от 1 плательщиков); колено 1.,1,False,1,0,27000.0,0.0,1,0,0.0,1.0,0.0,1,1,0.0002912362779533082,0.0,3,270,,1,False
100000008692291100,transit,0.9375,2,0.5803343712930011,"Признаки транзита: получено 160 тыс., отправлено 156 тыс. KZT; передано дальше 98% входящего потока. 13% исходящих сумм попали в окно 2 дней после входящего.",3,False,3,3,160000.0,156000.0,3,3,0.975,0.025000000000000022,0.0,0,0,0.000307852986577175,6.419957984941633e-05,0,1877,0.1346153846153846,2,False
100000008693069100,terminal,0.9,1,0.2519313463819692,Признаки удержания: осталось 100% входящего потока (20 тыс. KZT от 1 плательщиков); колено 1.,1,False,1,0,20000.0,0.0,1,0,0.0,1.0,0.0,1,1,0.0002897670599476741,0.0,3,270,,1,False
100000008695133100,terminal,0.7,1,0.25325103795966786,"Признаки удержания: осталось 100% входящего потока (36,6 тыс. KZT от 1 плательщиков); колено 3.",3,False,1,0,36610.0,0.0,1,0,0.0,1.0,0.0,0,0,0.00029128330171317526,0.0,3,270,,1,False
100000008695157100,boundary,0.5,6,0.3,"Граница выгрузки: колено 4; исходящие здесь не собирались, вывод об удержании невозможен.",4,False,1,0,425546.0,0.0,3,0,0.0,1.0,0.0,0,0,0.0004975174254247277,0.0,0,1877,,1,True
100000008695495100,terminal,0.9,1,0.25600163107947804,Признаки удержания: осталось 100% входящего потока (21 тыс. KZT от 1 плательщиков); колено 1.,1,False,1,0,21000.0,0.0,1,0,0.0,1.0,0.0,1,1,0.00028997694823419326,0.0,3,270,,1,False
100000008695566100,terminal,0.7,1,0.2480464116251483,"Признаки удержания: осталось 100% входящего потока (33,7 тыс. KZT от 1 плательщиков); колено 3.",3,False,1,0,33700.0,0.0,1,0,0.0,1.0,0.0,0,0,0.0002908291153757531,0.0,3,270,,1,False
100000008695689100,terminal,0.7,1,0.2329440984578885,"Признаки удержания: осталось 100% входящего потока (26,2 тыс. KZT от 1 плательщиков); колено 3.",3,False,1,0,26200.0,0.0,1,0,0.0,1.0,0.0,0,0,0.00028965853203188175,0.0,3,270,,1,False
100000008696692100,terminal,0.9,1,0.25602387307236063,Признаки удержания: осталось 100% входящего потока (19 тыс. KZT от 1 плательщиков); колено 2.,2,False,1,0,19000.0,0.0,1,0,0.0,1.0,0.0,0,1,0.00029202240311868824,0.0,3,270,,1,False
100000008696919100,terminal,0.9,1,0.2839598161328588,"Признаки удержания: осталось 100% входящего потока (31,9 тыс. KZT от 1 плательщиков); колено 1.",1,False,1,0,31945.0,0.0,1,0,0.0,1.0,0.0,1,1,0.00029227417553014546,0.0,3,270,,1,False
100000008697670100,terminal,0.7,1,0.23025281731909847,"Признаки удержания: осталось 100% входящего потока (25,4 тыс. KZT от 1 плательщиков); колено 3.",3,False,1,0,25350.0,0.0,1,0,0.0,1.0,0.0,0,0,0.0002895258659195763,0.0,3,270,,1,False
100000008699083100,boundary,0.5,9,0.3,"Граница выгрузки: колено 4; исходящие здесь не собирались, вывод об удержании невозможен.",4,False,1,0,238500.0,0.0,1,0,0.0,1.0,0.0,0,0,0.00030640170893457883,0.0,0,1877,,1,True
100000008701222100,peripheral,0.5,90,0.03172597864768684,Явное правило роли не сработало: 0 плательщиков и 0 получателей; входящий поток 0 KZT. Входящие извне выборки не наблюдаются.,0,True,0,0,0.0,0.0,0,0,,0.0,0.0,0,0,0.0002855692942172909,0.0,34,1,,0,False
100000008701256100,terminal,0.9,0,0.3310683570581257,"Признаки удержания: осталось 100% входящего потока (58,2 тыс. KZT от 1 плательщиков); колено 2.",2,False,1,0,58250.0,0.0,1,0,0.0,1.0,0.0,0,1,0.0003037426349007179,0.0,0,1877,,1,False
100000008701944100,terminal,0.9,15,0.38842304270462635,"Признаки удержания: осталось 100% входящего потока (52,1 тыс. KZT от 1 плательщиков); колено 1.",1,False,1,0,52124.0,0.0,1,0,0.0,1.0,0.0,1,2,0.0004115202535123902,0.0,0,1877,,1,False
100000008703533100,boundary,0.5,2,0.29484356465005934,"Граница выгрузки: колено 4; исходящие здесь не собирались, вывод об удержании невозможен.",4,False,1,0,75000.0,0.0,1,0,0.0,1.0,0.0,0,0,0.00029552677799059583,0.0,0,1877,,1,True
100000008706846100,terminal,0.7,1,0.19426527283511266,"Признаки удержания: осталось 100% входящего потока (14,2 тыс. KZT от 1 плательщиков); колено 3.",3,False,1,0,14200.0,0.0,1,0,0.0,1.0,0.0,0,0,0.00028778559868168743,0.0,3,270,,1,False
100000008706947100,terminal,0.7,1,0.2047634934756821,"Признаки удержания: осталось 100% входящего потока (17,2 тыс. KZT от 1 плательщиков); колено 3.",3,False,1,0,17200.0,0.0,1,0,0.0,1.0,0.0,0,0,0.000288253832019236,0.0,3,270,,1,False
100000008707810100,terminal,0.7,1,0.2329440984578885,"Признаки удержания: осталось 100% входящего потока (26,2 тыс. KZT от 1 плательщиков); колено 3.",3,False,1,0,26200.0,0.0,1,0,0.0,1.0,0.0,0,0,0.00028965853203188175,0.0,3,270,,1,False
100000008708025100,terminal,0.7,28,0.22382488137603795,Признаки удержания: осталось 100% входящего потока (10 тыс. KZT от 1 плательщиков); колено 3.,3,False,1,0,10000.0,0.0,1,0,0.0,1.0,0.0,0,0,0.0003092890887695541,0.0,0,1877,,1,False
100000008708061100,terminal,0.7,1,0.17776171411625147,"Признаки удержания: осталось 100% входящего потока (8,7 тыс. KZT от 1 плательщиков); колено 3.",3,False,1,0,8650.0,0.0,1,0,0.0,1.0,0.0,0,0,0.0002869193670072226,0.0,3,270,,1,False
100000008708207100,terminal,0.7,2,0.5342934460260973,Признаки удержания: осталось 100% входящего потока (465 тыс. KZT от 2 плательщиков); колено 3.,3,False,2,0,465000.0,0.0,2,0,0.0,1.0,0.0,0,0,0.00035978690472981295,0.0,0,1877,,2,False
100000008708368100,terminal,0.9,1,0.26231835705812573,"Признаки удержания: осталось 100% входящего потока (23,7 тыс. KZT от 1 плательщиков); колено 1.",1,False,1,0,23677.0,0.0,1,0,0.0,1.0,0.0,1,1,0.00029053881917720503,0.0,3,270,,1,False
100000008708595100,terminal,0.7,1,0.2047634934756821,"Признаки удержания: осталось 100% входящего потока (17,2 тыс. KZT от 1 плательщиков); колено 3.",3,False,1,0,17200.0,0.0,1,0,0.0,1.0,0.0,0,0,0.000288253832019236,0.0,3,270,,1,False
100000008708743100,terminal,0.7,1,0.1991585112692764,"Признаки удержания: осталось 100% входящего потока (15,6 тыс. KZT от 1 плательщиков); колено 3.",3,False,1,0,15550.0,0.0,1,0,0.0,1.0,0.0,0,0,0.0002879963036835843,0.0,3,270,,1,False
100000008710791100,distributor,0.6917,2,0.8555492734821493,"Признаки распределения: 23 получателей; исходящий поток 5,5 млн KZT.",2,False,3,23,181510.0,5521511.0,3,25,30.41987218335078,-29.41987218335078,5340001.0,0,1,0.0003342621960762572,0.00031460850776037077,0,1877,0.7006958783564862,1,False
100000008710843100,distributor,0.6083,21,0.7794335705812575,Признаки распределения: 13 получателей; исходящий поток 2 млн KZT.,2,False,2,13,33944.0,1985500.0,3,14,58.49340089559274,-57.49340089559274,1951556.0,0,1,0.00029287559446499275,0.0012357500791213899,0,1877,0.007554772097708386,1,False
100000008710913100,boundary,0.5,2,0.1946656287069988,"Граница выгрузки: колено 4; исходящие здесь не собирались, вывод об удержании невозможен.",4,False,1,0,14000.0,0.0,1,0,0.0,1.0,0.0,0,0,0.00028811097479962785,0.0,0,1877,,1,True
100000008712036100,terminal,0.7,1,0.2181976571767497,Признаки удержания: осталось 100% входящего потока (21 тыс. KZT от 1 плательщиков); колено 3.,3,False,1,0,21000.0,0.0,1,0,0.0,1.0,0.0,0,0,0.00028884692758013086,0.0,3,270,,1,False
100000008712184100,terminal,0.7,1,0.20809979240806642,Признаки удержания: осталось 100% входящего потока (18 тыс. KZT от 1 плательщиков); колено 3.,3,False,1,0,18000.0,0.0,1,0,0.0,1.0,0.0,0,0,0.0002883786942425823,0.0,3,270,,1,False
100000008712827100,terminal,0.7,1,0.29866918742586,Признаки удержания: осталось 100% входящего потока (76 тыс. KZT от 1 плательщиков); колено 3.,3,False,1,0,76000.0,0.0,1,0,0.0,1.0,0.0,0,0,0.0002974312054351879,0.0,3,270,,1,False
100000008712991100,terminal,0.7,1,0.2914182977461447,"Признаки удержания: осталось 100% входящего потока (66,1 тыс. KZT от 1 плательщиков); колено 3.",3,False,1,0,66100.0,0.0,1,0,0.0,1.0,0.0,0,0,0.00029588603542127765,0.0,3,270,,1,False
100000008713270100,peripheral,0.5,8,0.3,Явное правило роли не сработало: 1 плательщиков и 3 получателей; входящий поток 30 тыс. KZT.,2,False,1,3,30000.0,190000.0,1,3,6.333333333333333,-5.333333333333333,160000.0,0,1,0.00029125521728309953,1.1888811083225246e-06,0,1877,0.7894736842105263,1,False
100000008713685100,terminal,0.7,1,0.2719787959667853,"Признаки удержания: осталось 100% входящего потока (49,7 тыс. KZT от 1 плательщиков); колено 3.",3,False,1,0,49700.0,0.0,1,0,0.0,1.0,0.0,0,0,0.0002933263598426788,0.0,3,270,,1,False
100000008714412100,terminal,0.7,7,0.3458666963226572,Признаки удержания: осталось 100% входящего потока (169 тыс. KZT от 1 плательщиков); колено 3.,3,False,1,0,169000.0,0.0,1,0,0.0,1.0,0.0,0,0,0.0003116686182638587,0.0,0,1877,,1,False
100000008715513100,boundary,0.5,18,0.2692207888493476,"Граница выгрузки: колено 4; исходящие здесь не собирались, вывод об удержании невозможен.",4,False,1,0,32500.0,0.0,1,0,0.0,1.0,0.0,0,0,0.00030296165675219926,0.0,0,1877,,1,True
100000008715887100,terminal,0.7,1,0.20809979240806642,Признаки удержания: осталось 100% входящего потока (18 тыс. KZT от 1 плательщиков); колено 3.,3,False,1,0,18000.0,0.0,1,0,0.0,1.0,0.0,0,0,0.0002883786942425823,0.0,3,270,,1,False
100000008716072100,terminal,0.7,1,0.189016162514828,"Признаки удержания: осталось 100% входящего потока (12,1 тыс. KZT от 1 плательщиков); колено 3.",3,False,1,0,12100.0,0.0,1,0,0.0,1.0,0.0,0,0,0.00028745783534540344,0.0,3,270,,1,False
100000008716222100,terminal,0.9,1,0.24597049228944246,Признаки удержания: осталось 100% входящего потока (18 тыс. KZT от 1 плательщиков); колено 1.,1,False,1,0,18000.0,0.0,1,0,0.0,1.0,0.0,1,1,0.00028934728337463573,0.0,3,270,,1,False
100000008716439100,terminal,0.9,1,0.22484059905100828,"Признаки удержания: осталось 100% входящего потока (12,3 тыс. KZT от 1 плательщиков); колено 1.",1,False,1,0,12267.0,0.0,1,0,0.0,1.0,0.0,1,1,0.00028814399382802143,0.0,3,270,,1,False
100000008716773100,terminal,0.9,1,0.23776319691577696,"Признаки удержания: осталось 100% входящего потока (15,7 тыс. KZT от 1 плательщиков); колено 1.",1,False,1,0,15677.0,0.0,1,0,0.0,1.0,0.0,1,1,0.00028885971288505175,0.0,3,270,,1,False
100000008717340100,terminal,0.9,1,0.2990398873072361,"Признаки удержания: осталось 100% входящего потока (41,5 тыс. KZT от 1 плательщиков); колено 1.",1,False,1,0,41500.0,0.0,1,0,0.0,1.0,0.0,1,1,0.000294279658107836,0.0,3,270,,1,False
100000008717341100,terminal,0.9,1,0.23178010083036774,"Признаки удержания: осталось 100% входящего потока (14,6 тыс. KZT от 1 плательщиков); колено 1.",1,False,1,0,14627.0,0.0,1,0,0.0,1.0,0.0,1,1,0.0002886393301842066,0.0,3,270,,1,False
100000008717375100,terminal,0.9,3,0.2953922004744959,"Признаки удержания: осталось 100% входящего потока (29,5 тыс. KZT от 1 плательщиков); колено 2.",2,False,1,0,29506.0,0.0,1,0,0.0,1.0,0.0,0,1,0.0003017749691235294,0.0,0,1877,,1,False
100000008717802100,terminal,0.7,1,0.23203217674970344,"Признаки удержания: осталось 100% входящего потока (26,1 тыс. KZT от 1 плательщиков); колено 3.",3,False,1,0,26150.0,0.0,1,0,0.0,1.0,0.0,0,0,0.0002896507281429226,0.0,3,270,,1,False
100000008718089100,terminal,0.9,1,0.23665109727164885,"Признаки удержания: осталось 100% входящего потока (15,5 тыс. KZT от 1 плательщиков); колено 1.",1,False,1,0,15534.0,0.0,1,0,0.0,1.0,0.0,1,1,0.0002888296988600795,0.0,3,270,,1,False
100000008718811100,terminal,0.7,1,0.2967118920521945,"Признаки удержания: осталось 100% входящего потока (73,3 тыс. KZT от 1 плательщиков); колено 3.",3,False,1,0,73300.0,0.0,1,0,0.0,1.0,0.0,0,0,0.0002970097954313942,0.0,3,270,,1,False
100000008720668100,terminal,0.7,1,0.2010935646500593,Признаки удержания: осталось 100% входящего потока (16 тыс. KZT от 1 плательщиков); колено 3.,3,False,1,0,16000.0,0.0,1,0,0.0,1.0,0.0,0,0,0.0002880665386842166,0.0,3,270,,1,False
100000008720798100,terminal,0.9,1,0.23665109727164885,"Признаки удержания: осталось 100% входящего потока (15,5 тыс. KZT от 1 плательщиков); колено 1.",1,False,1,0,15534.0,0.0,1,0,0.0,1.0,0.0,1,1,0.0002888296988600795,0.0,3,270,,1,False
100000008720856100,peripheral,0.5,5,0.3,"Явное правило роли не сработало: 1 плательщиков и 1 получателей; входящий поток 18,1 тыс. KZT.",3,False,1,1,18105.0,46000.0,1,2,2.5407346037006353,-1.5407346037006353,27895.0,0,0,0.00031932628410571523,1.9616538287321655e-05,0,1877,0.0,1,False
100000008721637100,peripheral,0.5,8,0.3,Явное правило роли не сработало: 1 плательщиков и 2 получателей; входящий поток 24 тыс. KZT.,3,False,1,2,24041.0,127000.0,1,2,5.282642152988644,-4.282642152988644,102959.0,0,0,0.0002904606519895623,7.33145040171938e-05,0,1877,0.09448818897637795,1,False
100000008722328100,terminal,0.9,1,0.26231835705812573,"Признаки удержания: осталось 100% входящего потока (23,7 тыс. KZT от 1 плательщиков); колено 1.",1,False,1,0,23677.0,0.0,1,0,0.0,1.0,0.0,1,1,0.00029053881917720503,0.0,3,270,,1,False
100000008722417100,peripheral,0.5,5,0.3,"Явное правило роли не сработало: 1 плательщиков и 3 получателей; входящий поток 331,9 тыс. KZT.",3,False,1,3,331900.0,720000.0,1,6,2.16932811087677,-1.1693281108767701,388100.0,0,0,0.0002963258990924791,5.7660733753642434e-05,0,1877,0.3611111111111111,1,False
100000008722541100,boundary,0.5,5,0.3,"Граница выгрузки: колено 4; исходящие здесь не собирались, вывод об удержании невозможен.",4,False,1,0,280000.0,0.0,4,0,0.0,1.0,0.0,0,0,0.000383638105897556,0.0,0,1877,,1,True
100000008723830100,transit,1.0,4,0.6576549525504152,"Признаки транзита: получено 459,8 тыс., отправлено 455 тыс. KZT; передано дальше 99% входящего потока. 100% исходящих сумм попали в окно 2 дней после входящего.",1,False,2,1,459785.0,455000.0,2,1,0.9895929619278576,0.010407038072142383,0.0,1,1,0.0003402309877065733,1.9616538287321655e-05,0,1877,1.0,1,False
100000008724279100,terminal,0.9,4,0.2194580367734282,"Признаки удержания: осталось 100% входящего потока (11,8 тыс. KZT от 1 плательщиков); колено 1.",1,False,1,0,11750.0,0.0,1,0,0.0,1.0,0.0,1,1,0.00028683263134622903,0.0,0,1877,,1,False
100000008724461100,peripheral,0.5,2,0.3,"Явное правило роли не сработало: 1 плательщиков и 1 получателей; входящий поток 100,1 тыс. KZT.",3,False,1,1,100111.0,130000.0,1,1,1.298558599954051,-0.298558599954051,29889.0,0,0,0.00029072698311701726,2.2390594206740877e-05,0,1877,1.0,1,False
100000008727982100,boundary,0.5,8,0.3,"Граница выгрузки: колено 4; исходящие здесь не собирались, вывод об удержании невозможен.",4,False,1,0,30000.0,0.0,2,0,0.0,1.0,0.0,0,0,0.0005138489258762213,0.0,0,1877,,1,True
100000008728457100,terminal,0.9,11,0.33139457295373664,Признаки удержания: осталось 100% входящего потока (45 тыс. KZT от 1 плательщиков); колено 1.,1,False,1,0,45000.0,0.0,1,0,0.0,1.0,0.0,1,2,0.0002923944521197359,0.0,0,1877,,1,False
100000008729597100,terminal,0.7,6,0.3087670521945433,"Признаки удержания: осталось 100% входящего потока (83,1 тыс. KZT от 1 плательщиков); колено 3.",3,False,1,0,83090.0,0.0,1,0,0.0,1.0,0.0,0,0,0.0003024747023657885,0.0,0,1877,,1,False
100000008729801100,terminal,0.9,1,0.24381301897983393,"Признаки удержания: осталось 100% входящего потока (17,5 тыс. KZT от 1 плательщиков); колено 1.",1,False,1,0,17534.0,0.0,1,0,0.0,1.0,0.0,1,1,0.00028924947543311784,0.0,3,270,,1,False
100000008730021100,terminal,0.9,15,0.40608318505338076,"Признаки удержания: осталось 100% входящего потока (75,6 тыс. KZT от 1 плательщиков); колено 1.",1,False,1,0,75555.0,0.0,3,0,0.0,1.0,0.0,1,2,0.00046813825917664217,0.0,0,1877,,1,False
100000008730238100,boundary,0.5,2,0.3,"Граница выгрузки: колено 4; исходящие здесь не собирались, вывод об удержании невозможен.",4,False,1,0,113000.0,0.0,1,0,0.0,1.0,0.0,0,0,0.0005632359245676687,0.0,0,1877,,1,True
100000008730371100,terminal,0.7,0,0.5336113582443653,Признаки удержания: осталось 100% входящего потока (520 тыс. KZT от 2 плательщиков); колено 3.,3,False,2,0,520000.0,0.0,3,0,0.0,1.0,0.0,0,0,0.0008583627263123977,0.0,0,1877,,1,False
100000008730846100,consolidator,0.7333,11,0.7550852023724792,"Признаки сбора: 7 плательщиков, из них seed: 0; входящий поток 155 тыс. KZT.",2,False,7,3,155042.0,363370.0,11,4,2.343687516930896,-1.343687516930896,208328.0,0,1,0.0005360575471708012,0.00014091260514214476,0,1877,1.0,4,False
100000008731444100,peripheral,0.5,0,0.3,Явное правило роли не сработало: 3 плательщиков и 9 получателей; входящий поток 439 тыс. KZT.,2,False,3,9,439000.0,879767.8,5,9,2.0040268792710707,-1.0040268792710707,440767.80000000005,0,1,0.00035336188519380433,0.0001241168559002798,0,1877,0.6956014984863051,1,False
100000008732098100,terminal,0.9,1,0.23776319691577696,"Признаки удержания: осталось 100% входящего потока (15,7 тыс. KZT от 1 плательщиков); колено 1.",1,False,1,0,15677.0,0.0,1,0,0.0,1.0,0.0,1,1,0.00028885971288505175,0.0,3,270,,1,False
100000008732488100,terminal,0.6489,6,0.45136788256227756,Признаки удержания: осталось 93% входящего потока (137 тыс. KZT от 1 плательщиков); колено 3.,3,False,1,1,137000.0,10000.0,1,1,0.072992700729927,0.927007299270073,0.0,0,0,0.0003134431769510035,1.922024458454748e-05,0,1877,1.0,1,False
100000008733049100,terminal,0.9,15,0.22214931791221826,Признаки удержания: осталось 100% входящего потока (10 тыс. KZT от 1 плательщиков); колено 2.,2,False,1,0,10000.0,0.0,1,0,0.0,1.0,0.0,0,1,0.0002887507034719393,0.0,0,1877,,1,False
100000008733194100,peripheral,0.5,13,0.3,"Явное правило роли не сработало: 4 плательщиков и 8 получателей; входящий поток 251,4 тыс. KZT.",2,False,4,8,251424.0,159695.0,4,8,0.6351621165839378,0.36483788341606216,0.0,0,1,0.00047072559440912876,0.00020045361098198542,0,1877,0.711481261154075,2,False
100000008734279100,boundary,0.5,6,0.26646278173190985,"Граница выгрузки: колено 4; исходящие здесь не собирались, вывод об удержании невозможен.",4,False,1,0,31650.0,0.0,1,0,0.0,1.0,0.0,0,0,0.0003013329445693454,0.0,0,1877,,1,True
100000008734364100,terminal,0.9,1,0.27951141755634634,"Признаки удержания: осталось 100% входящего потока (26,2 тыс. KZT от 1 плательщиков); колено 2.",2,False,1,0,26200.0,0.0,1,0,0.0,1.0,0.0,0,1,0.0002944677917550073,0.0,3,270,,1,False
100000008735384100,terminal,0.9,1,0.2955256524317912,"Признаки удержания: осталось 100% входящего потока (39,2 тыс. KZT от 1 плательщиков); колено 1.",1,False,1,0,39220.0,0.0,1,0,0.0,1.0,0.0,1,1,0.00029380111281457236,0.0,3,270,,1,False
100000008735802100,boundary,0.5,0,0.3,"Граница выгрузки: колено 4; исходящие здесь не собирались, вывод об удержании невозможен.",4,False,1,0,85000.0,0.0,2,0,0.0,1.0,0.0,0,0,0.0005087033417052578,0.0,0,1877,,1,True
100000008735832100,terminal,0.7,1,0.20649836892052192,"Признаки удержания: осталось 100% входящего потока (17,6 тыс. KZT от 1 плательщиков); колено 3.",3,False,1,0,17600.0,0.0,1,0,0.0,1.0,0.0,0,0,0.00028831626313090915,0.0,3,270,,1,False
100000008736173100,terminal,0.9,1,0.2823139086595492,"Признаки удержания: осталось 100% входящего потока (31,1 тыс. KZT от 1 плательщиков); колено 1.",1,False,1,0,31060.0,0.0,1,0,0.0,1.0,0.0,1,1,0.000292088424396576,0.0,3,270,,1,False
100000008736394100,terminal,0.9,1,0.24639309015421113,Признаки удержания: осталось 100% входящего потока (16 тыс. KZT от 1 плательщиков); колено 2.,2,False,1,0,16000.0,0.0,1,0,0.0,1.0,0.0,0,1,0.00029100349118688865,0.0,3,270,,1,False
100000008736760100,terminal,0.9,1,0.32012529655990507,"Признаки удержания: осталось 100% входящего потока (54,8 тыс. KZT от 1 плательщиков); колено 1.",1,False,1,0,54757.0,0.0,1,0,0.0,1.0,0.0,1,1,0.00029706214712222056,0.0,3,270,,1,False
100000008736940100,peripheral,0.5,43,0.3,"Явное правило роли не сработало: 3 плательщиков и 3 получателей; входящий поток 451,1 тыс. KZT.",1,False,3,3,451090.0,182100.0,13,6,0.40368884258130305,0.596311157418697,0.0,1,1,0.002414156749076467,7.925874055483496e-07,1,6,1.0,2,False
100000008737422100,terminal,0.9,1,0.33836373072360615,"Признаки удержания: осталось 100% входящего потока (76,9 тыс. KZT от 1 плательщиков); колено 1.",1,False,1,0,76903.0,0.0,1,0,0.0,1.0,0.0,1,1,0.00030171033311547385,0.0,3,270,,1,False
100000008737514100,terminal,0.9,15,0.3514865065243179,Признаки удержания: осталось 100% входящего потока (85 тыс. KZT от 1 плательщиков); колено 2.,2,False,1,0,85000.0,0.0,1,0,0.0,1.0,0.0,0,1,0.0003126112728818023,0.0,0,1877,,1,False
100000008737958100,terminal,0.9,1,0.42708704033214706,"Признаки удержания: осталось 100% входящего потока (53,4 тыс. KZT от 2 плательщиков); колено 1.",1,False,2,0,53373.0,0.0,2,0,0.0,1.0,0.0,1,1,0.00029962614026345346,0.0,3,270,,1,False
100000008738325100,peripheral,0.5,19,0.3,"Явное правило роли не сработало: 1 плательщиков и 1 получателей; входящий поток 36,5 тыс. KZT. Входящие извне выборки не наблюдаются.",0,True,1,1,36550.0,54000.0,1,1,1.4774281805745555,-0.4774281805745555,17450.0,1,1,0.0005285862410602083,1.981468513870874e-07,0,1877,0.0,1,False
100000008738526100,peripheral,0.5,21,0.3,Явное правило роли не сработало: 1 плательщиков и 1 получателей; входящий поток 15 тыс. KZT.,3,False,1,1,15000.0,140000.0,1,1,9.333333333333334,-8.333333333333334,125000.0,0,0,0.0002874522211122593,2.139985994980544e-05,0,1877,0.0,1,False
100000008738658100,terminal,0.7,1,0.2394165183867141,"Признаки удержания: осталось 100% входящего потока (29,9 тыс. KZT от 1 плательщиков); колено 3.",3,False,1,0,29920.0,0.0,1,0,0.0,1.0,0.0,0,0,0.0002902391413704419,0.0,3,270,,1,False
100000008739887100,peripheral,0.5,6,0.3,Явное правило роли не сработало: 2 плательщиков и 2 получателей; входящий поток 214 тыс. KZT.,3,False,2,2,214000.0,307000.0,3,2,1.4345794392523366,-0.43457943925233655,93000.0,0,0,0.0003333006339697427,3.844048916909496e-05,0,1877,1.0,1,False
100000008740295100,boundary,0.5,2,0.3,"Граница выгрузки: колено 4; исходящие здесь не собирались, вывод об удержании невозможен.",4,False,1,0,300000.0,0.0,1,0,0.0,1.0,0.0,0,0,0.000325036609326122,0.0,0,1877,,1,True
100000008740793100,terminal,0.7,1,0.2181976571767497,Признаки удержания: осталось 100% входящего потока (21 тыс. KZT от 1 плательщиков); колено 3.,3,False,1,0,21000.0,0.0,1,0,0.0,1.0,0.0,0,0,0.00028884692758013086,0.0,3,270,,1,False
100000008741372100,terminal,0.9,1,0.29045447805456703,Признаки удержания: осталось 100% входящего потока (36 тыс. KZT от 1 плательщиков); колено 1.,1,False,1,0,35975.0,0.0,1,0,0.0,1.0,0.0,1,1,0.00029312002532481767,0.0,3,270,,1,False
100000008742053100,distributor,0.6,9,0.7208333333333334,"Признаки распределения: 12 получателей; исходящий поток 2,8 млн KZT.",3,False,1,12,10000.0,2789000.0,1,12,278.9,-277.9,2779000.0,0,0,0.0002862711500893241,0.00012107303358925221,0,1877,0.0,1,False
100000008742266100,terminal,0.9,1,0.2642978944246738,Признаки удержания: осталось 100% входящего потока (21 тыс. KZT от 1 плательщиков); колено 2.,2,False,1,0,21000.0,0.0,1,0,0.0,1.0,0.0,0,1,0.00029270167773988795,0.0,3,270,,1,False
100000008743913100,distributor,0.6083,21,0.8435053380782918,"Признаки распределения: 13 получателей; исходящий поток 1,9 млн KZT.",2,False,3,13,149300.0,1850600.0,3,13,12.395177494976558,-11.395177494976558,1701300.0,0,1,0.00033210781237653756,0.00030606507803785624,0,1877,0.44796282286825895,2,False
100000008744364100,terminal,0.7,1,0.22460335112692764,"Признаки удержания: осталось 100% входящего потока (23,7 тыс. KZT от 1 плательщиков); колено 3.",3,False,1,0,23700.0,0.0,1,0,0.0,1.0,0.0,0,0,0.00028926833758392454,0.0,3,270,,1,False
100000008744799100,terminal,0.7,1,0.19026171411625148,"Признаки удержания: осталось 100% входящего потока (12,6 тыс. KZT от 1 плательщиков); колено 3.",3,False,1,0,12600.0,0.0,1,0,0.0,1.0,0.0,0,0,0.00028753587423499484,0.0,3,270,,1,False
100000008744849100,terminal,0.9,1,0.3025096381969158,"Признаки удержания: осталось 100% входящего потока (44,4 тыс. KZT от 1 плательщиков); колено 1.",1,False,1,0,44445.0,0.0,1,0,0.0,1.0,0.0,1,1,0.00029489777911163493,0.0,3,270,,1,False
100000008745474100,terminal,0.9,1,0.2982391755634638,"Признаки удержания: осталось 100% входящего потока (40,6 тыс. KZT от 1 плательщиков); колено 1.",1,False,1,0,40559.0,0.0,1,0,0.0,1.0,0.0,1,1,0.0002940821532302215,0.0,3,270,,1,False
100000008745489100,terminal,0.9,1,0.32114842823250295,"Признаки удержания: осталось 100% входящего потока (55,5 тыс. KZT от 1 плательщиков); колено 1.",1,False,1,0,55539.0,0.0,1,0,0.0,1.0,0.0,1,1,0.00029722627976227855,0.0,3,270,,1,False
100000008745643100,terminal,0.9,1,0.25473383748517203,"Признаки удержания: осталось 100% входящего потока (20,3 тыс. KZT от 1 плательщиков); колено 1.",1,False,1,0,20313.0,0.0,1,0,0.0,1.0,0.0,1,1,0.0002898327549813546,0.0,3,270,,1,False
100000008745676100,boundary,0.5,1,0.3,"Граница выгрузки: колено 4; исходящие здесь не собирались, вывод об удержании невозможен.",4,False,1,0,34547.0,0.0,1,0,0.0,1.0,0.0,0,0,0.0005303236661827129,0.0,3,270,,1,True
100000008745725100,terminal,0.9,1,0.30742511862396205,"Признаки удержания: осталось 100% входящего потока (47,1 тыс. KZT от 1 плательщиков); колено 1.",1,False,1,0,47060.0,0.0,1,0,0.0,1.0,0.0,1,1,0.0002954466369808825,0.0,3,270,,1,False
100000008745863100,terminal,0.7,1,0.22135602016607356,"Признаки удержания: осталось 100% входящего потока (22,9 тыс. KZT от 1 плательщиков); колено 3.",3,False,1,0,22900.0,0.0,1,0,0.0,1.0,0.0,0,0,0.00028914347536057827,0.0,3,270,,1,False
100000008745884100,terminal,0.7,1,0.2137270166073547,Признаки удержания: осталось 100% входящего потока (20 тыс. KZT от 1 плательщиков); колено 3.,3,False,1,0,20000.0,0.0,1,0,0.0,1.0,0.0,0,0,0.000288690849800948,0.0,3,270,,1,False
100000008746025100,terminal,0.9,1,0.2580256524317912,Признаки удержания: осталось 100% входящего потока (22 тыс. KZT от 1 плательщиков); колено 1.,1,False,1,0,22000.0,0.0,1,0,0.0,1.0,0.0,1,1,0.0002901868365207124,0.0,3,270,,1,False
100000008746449100,distributor,0.5833,2,0.71232034400949,Признаки распределения: 10 получателей; исходящий поток 1 млн KZT.,3,False,1,10,10000.0,1009000.0,1,10,100.9,-99.9,999000.0,0,0,0.00028700414108164825,0.00016598228268404117,0,1877,0.0,1,False
100000008746673100,terminal,0.9,1,0.31803454922894425,Признаки удержания: осталось 100% входящего потока (53 тыс. KZT от 1 плательщиков); колено 1.,1,False,1,0,53048.0,0.0,1,0,0.0,1.0,0.0,1,1,0.0002967034480405593,0.0,3,270,,1,False
100000008747113100,terminal,0.9,5,0.5522946322657176,"Признаки удержания: осталось 100% входящего потока (197,8 тыс. KZT от 2 плательщиков); колено 1.",1,False,2,0,197801.0,0.0,2,0,0.0,1.0,0.0,1,2,0.00030751915506009613,0.0,0,1877,,2,False
100000008748408100,distributor,0.675,8,0.8484818547316264,"Признаки распределения: 21 получателей; исходящий поток 1,5 млн KZT.",1,False,1,21,360000.0,1499960.0,2,22,4.166555555555555,-3.166555555555555,1139960.0,1,1,0.0003340545949423307,7.1332866499351465e-06,0,1877,0.8743499826662045,1,False
100000008748795100,terminal,0.7,0,0.2518275504151839,"Признаки удержания: осталось 100% входящего потока (47,1 тыс. KZT от 1 плательщиков); колено 3.",3,False,1,0,47057.0,0.0,1,0,0.0,1.0,0.0,0,0,0.000288219542906905,0.0,0,1877,,1,False
100000008748914100,distributor,0.6083,3,0.8663777744502689,"Признаки распределения: 13 получателей; исходящий поток 4,5 млн KZT.",1,False,2,13,180000.0,4471847.0,9,21,24.843594444444445,-23.843594444444445,4291847.0,1,1,0.0007908267344260674,0.0006406087705344536,0,1877,0.4959248382156187,1,False
100000008749063100,terminal,0.9,1,0.24803899762752074,Признаки удержания: осталось 100% входящего потока (19 тыс. KZT от 1 плательщиков); колено 1.,1,False,1,0,19000.0,0.0,1,0,0.0,1.0,0.0,1,1,0.00028955717166115493,0.0,3,270,,1,False
100000008749405100,terminal,0.7,1,0.25398502372479237,"Признаки удержания: осталось 100% входящего потока (37,1 тыс. KZT от 1 плательщиков); колено 3.",3,False,1,0,37150.0,0.0,1,0,0.0,1.0,0.0,0,0,0.000291367583713934,0.0,3,270,,1,False
100000008749406100,terminal,0.9,1,0.2419891755634638,"Признаки удержания: осталось 100% входящего потока (17,1 тыс. KZT от 1 плательщиков); колено 1.",1,False,1,0,17144.0,0.0,1,0,0.0,1.0,0.0,1,1,0.0002891676190013754,0.0,3,270,,1,False
100000008749618100,terminal,0.9,1,0.3078032325029656,"Признаки удержания: осталось 100% входящего потока (47,3 тыс. KZT от 1 плательщиков); колено 1.",1,False,1,0,47280.0,0.0,1,0,0.0,1.0,0.0,1,1,0.00029549281240391677,0.0,3,270,,1,False
100000008749900100,terminal,0.7,1,0.20427416963226572,"Признаки удержания: осталось 100% входящего потока (17,1 тыс. KZT от 1 плательщиков); колено 3.",3,False,1,0,17150.0,0.0,1,0,0.0,1.0,0.0,0,0,0.00028824602813027684,0.0,3,270,,1,False
100000008749989100,terminal,0.9,1,0.24639309015421113,Признаки удержания: осталось 100% входящего потока (16 тыс. KZT от 1 плательщиков); колено 2.,2,False,1,0,16000.0,0.0,1,0,0.0,1.0,0.0,0,1,0.00029100349118688865,0.0,3,270,,1,False
100000008750464100,terminal,0.7,1,0.17731687425860024,"Признаки удержания: осталось 100% входящего потока (8,5 тыс. KZT от 1 плательщиков); колено 3.",3,False,1,0,8500.0,0.0,1,0,0.0,1.0,0.0,0,0,0.00028689595534034515,0.0,3,270,,1,False
100000008751349100,terminal,0.7,27,0.19195210557532622,"Признаки удержания: осталось 100% входящего потока (11,6 тыс. KZT от 1 плательщиков); колено 3.",3,False,1,0,11630.0,0.0,1,0,0.0,1.0,0.0,0,0,0.00028848577638606985,0.0,0,1877,,1,False
100000008751380100,terminal,0.7,2,0.47524836892052197,"Признаки удержания: осталось 100% входящего потока (345,8 тыс. KZT от 2 плательщиков); колено 3.",3,False,2,0,345780.0,0.0,2,0,0.0,1.0,0.0,0,0,0.0003127638118830456,0.0,0,1877,,1,False
100000008751429100,terminal,0.7308,43,0.6558088671411625,"Признаки удержания: осталось 81% входящего потока (386,2 тыс. KZT от 3 плательщиков); колено 1.",1,False,3,1,386200.0,72600.0,6,2,0.1879854997410668,0.8120145002589332,0.0,1,1,0.0015043129924041134,0.0,1,6,1.0,2,False
100000008752616100,peripheral,0.5,2,0.3,"Явное правило роли не сработало: 2 плательщиков и 7 получателей; входящий поток 64,5 тыс. KZT.",2,False,2,7,64510.0,1265000.0,2,7,19.6093628894745,-18.6093628894745,1200490.0,0,1,0.00031306069757078167,0.0001387598191961718,0,1877,1.0,1,False
100000008753061100,terminal,0.7,1,0.23692541518386714,"Признаки удержания: осталось 100% входящего потока (28,4 тыс. KZT от 1 плательщиков); колено 3.",3,False,1,0,28400.0,0.0,2,0,0.0,1.0,0.0,0,0,0.000290001903146084,0.0,3,270,,1,False
100000008753193100,terminal,0.9,1,0.289742734282325,"Признаки удержания: осталось 100% входящего потока (35,2 тыс. KZT от 1 плательщиков); колено 1.",1,False,1,0,35225.0,0.0,1,0,0.0,1.0,0.0,1,1,0.0002929626091099283,0.0,3,270,,1,False
100000008753897100,terminal,0.7,1,0.22602683867141163,"Признаки удержания: осталось 100% входящего потока (24,1 тыс. KZT от 1 плательщиков); колено 3.",3,False,1,0,24050.0,0.0,1,0,0.0,1.0,0.0,0,0,0.00028932296480663856,0.0,3,270,,1,False
100000008754608100,terminal,0.7,1,0.18954997034400947,"Признаки удержания: осталось 100% входящего потока (12,3 тыс. KZT от 1 плательщиков); колено 3.",3,False,1,0,12300.0,0.0,1,0,0.0,1.0,0.0,0,0,0.00028748905090124,0.0,3,270,,1,False
100000008754747100,terminal,0.7,1,0.26615139383155395,"Признаки удержания: осталось 100% входящего потока (45,5 тыс. KZT от 1 плательщиков); колено 3.",3,False,1,0,45500.0,0.0,1,0,0.0,1.0,0.0,0,0,0.0002926708331701108,0.0,3,270,,1,False
100000008754997100,terminal,0.7,1,0.20809979240806642,Признаки удержания: осталось 100% входящего потока (18 тыс. KZT от 1 плательщиков); колено 3.,3,False,1,0,18000.0,0.0,1,0,0.0,1.0,0.0,0,0,0.0002883786942425823,0.0,3,270,,1,False
100000008755168100,terminal,0.7,1,0.20649836892052192,"Признаки удержания: осталось 100% входящего потока (17,6 тыс. KZT от 1 плательщиков); колено 3.",3,False,1,0,17600.0,0.0,1,0,0.0,1.0,0.0,0,0,0.00028831626313090915,0.0,3,270,,1,False
100000008755361100,terminal,0.9,1,0.23178010083036774,"Признаки удержания: осталось 100% входящего потока (14,6 тыс. KZT от 1 плательщиков); колено 1.",1,False,1,0,14627.0,0.0,1,0,0.0,1.0,0.0,1,1,0.0002886393301842066,0.0,3,270,,1,False
100000008755580100,terminal,0.7,1,0.2010935646500593,Признаки удержания: осталось 100% входящего потока (16 тыс. KZT от 1 плательщиков); колено 3.,3,False,1,0,16000.0,0.0,1,0,0.0,1.0,0.0,0,0,0.0002880665386842166,0.0,3,270,,1,False
100000008755754100,terminal,0.7,9,0.20240584223013047,Признаки удержания: осталось 100% входящего потока (7 тыс. KZT от 1 плательщиков); колено 3.,3,False,1,0,7000.0,0.0,1,0,0.0,1.0,0.0,0,0,0.0002958990020703291,0.0,0,1877,,1,False
100000008757301100,boundary,0.5,0,0.3,"Граница выгрузки: колено 4; исходящие здесь не собирались, вывод об удержании невозможен.",4,False,1,0,58398.0,0.0,3,0,0.0,1.0,0.0,0,0,0.0005305464848242217,0.0,0,1877,,1,True
100000008757369100,peripheral,0.5,0,0.3,Явное правило роли не сработало: 1 плательщиков и 1 получателей; входящий поток 26 тыс. KZT.,3,False,1,1,25961.0,58398.0,1,3,2.249451099726513,-1.249451099726513,32437.0,0,0,0.0002878715741932152,1.922024458454748e-05,0,1877,0.8989691427788623,1,False
100000008758106100,boundary,0.5,2,0.18176527283511268,"Граница выгрузки: колено 4; исходящие здесь не собирались, вывод об удержании невозможен.",4,False,1,0,10000.0,0.0,1,0,0.0,1.0,0.0,0,0,0.00028688487138758524,0.0,0,1877,,1,True
100000008758168100,peripheral,0.5,21,0.3,"Явное правило роли не сработало: 2 плательщиков и 5 получателей; входящий поток 75,4 тыс. KZT.",2,False,2,5,75410.0,1533600.0,2,5,20.33682535472749,-19.33682535472749,1458190.0,0,1,0.0003183672512790776,5.602000957855802e-05,0,1877,0.28729786124152323,1,False
100000008758607100,boundary,0.5,2,0.16721900948991694,"Граница выгрузки: колено 4; исходящие здесь не собирались, вывод об удержании невозможен.",4,False,1,0,5000.0,0.0,1,0,0.0,1.0,0.0,0,0,0.00028622708280243804,0.0,0,1877,,1,True
100000008759795100,boundary,0.5,18,0.22415851126927638,"Граница выгрузки: колено 4; исходящие здесь не собирались, вывод об удержании невозможен.",4,False,1,0,17000.0,0.0,1,0,0.0,1.0,0.0,0,0,0.0002946668376970891,0.0,0,1877,,1,True
100000008759857100,peripheral,0.5,21,0.3,Явное правило роли не сработало: 1 плательщиков и 2 получателей; входящий поток 5 тыс. KZT.,3,False,1,2,5000.0,994000.0,1,3,198.8,-197.8,989000.0,0,0,0.00028633291495751956,7.299981620149678e-06,0,1877,0.0,1,False
100000008760098100,peripheral,0.5,21,0.3,Явное правило роли не сработало: 1 плательщиков и 1 получателей; входящий поток 7 тыс. KZT.,3,False,1,1,7000.0,390000.0,1,1,55.714285714285715,-54.714285714285715,383000.0,0,0,0.00028663836325361103,7.299981620149678e-06,0,1877,0.0,1,False
100000008761132100,boundary,0.5,2,0.18176527283511268,"Граница выгрузки: колено 4; исходящие здесь не собирались, вывод об удержании невозможен.",4,False,1,0,10000.0,0.0,1,0,0.0,1.0,0.0,0,0,0.00028688487138758524,0.0,0,1877,,1,True
100000008761219100,peripheral,0.5,48,0.3,Явное правило роли не сработало: 2 плательщиков и 2 получателей; входящий поток 50 тыс. KZT.,3,False,2,2,50000.0,375000.0,2,2,7.5,-6.5,325000.0,0,0,0.00029284083313645565,4.172642445459748e-05,0,1877,1.0,1,False
100000008761220100,boundary,0.5,2,0.18176527283511268,"Граница выгрузки: колено 4; исходящие здесь не собирались, вывод об удержании невозможен.",4,False,1,0,10000.0,0.0,1,0,0.0,1.0,0.0,0,0,0.00028688487138758524,0.0,0,1877,,1,True
100000008762005100,boundary,0.5,2,0.1687314650059312,"Граница выгрузки: колено 4; исходящие здесь не собирались, вывод об удержании невозможен.",4,False,1,0,5000.0,0.0,1,0,0.0,1.0,0.0,0,0,0.0002867795934290693,0.0,0,1877,,1,True
100000008762728100,terminal,0.9,4,0.2810238730723606,Признаки удержания: осталось 100% входящего потока (17 тыс. KZT от 1 плательщиков); колено 2.,2,False,1,0,17026.0,0.0,1,0,0.0,1.0,0.0,0,1,0.00031770106594377663,0.0,0,1877,,1,False
100000008762832100,peripheral,0.5,3,0.3,Явное правило роли не сработало: 1 плательщиков и 1 получателей; входящий поток 150 тыс. KZT.,2,False,1,1,150000.0,85000.0,1,4,0.5666666666666667,0.43333333333333335,0.0,0,1,0.000308147620844976,0.0,0,1877,0.0,1,False
100000008762843100,boundary,0.5,2,0.17618253262158956,"Граница выгрузки: колено 4; исходящие здесь не собирались, вывод об удержании невозможен.",4,False,1,0,7000.0,0.0,1,0,0.0,1.0,0.0,0,0,0.0002872637131137807,0.0,0,1877,,1,True
100000008762885100,boundary,0.5,2,0.17618253262158956,"Граница выгрузки: колено 4; исходящие здесь не собирались, вывод об удержании невозможен.",4,False,1,0,7000.0,0.0,1,0,0.0,1.0,0.0,0,0,0.0002872637131137807,0.0,0,1877,,1,True
100000008763688100,terminal,0.7,1,0.2181976571767497,Признаки удержания: осталось 100% входящего потока (21 тыс. KZT от 1 плательщиков); колено 3.,3,False,1,0,21000.0,0.0,1,0,0.0,1.0,0.0,0,0,0.00028884692758013086,0.0,3,270,,1,False
100000008764436100,terminal,0.9,1,0.23542778766310793,"Признаки удержания: осталось 100% входящего потока (13,1 тыс. KZT от 1 плательщиков); колено 2.",2,False,1,0,13100.0,0.0,1,0,0.0,1.0,0.0,0,1,0.00029001854298614906,0.0,3,270,,1,False
100000008764654100,terminal,0.7,1,0.23203217674970344,"Признаки удержания: осталось 100% входящего потока (26,1 тыс. KZT от 1 плательщиков); колено 3.",3,False,1,0,26150.0,0.0,1,0,0.0,1.0,0.0,0,0,0.0002896507281429226,0.0,3,270,,1,False
100000008765494100,terminal,0.9,1,0.27199362396204035,Признаки удержания: осталось 100% входящего потока (24 тыс. KZT от 1 плательщиков); колено 2.,2,False,1,0,24000.0,0.0,1,0,0.0,1.0,0.0,0,1,0.0002937205896716876,0.0,3,270,,1,False
100000008765627100,terminal,0.9,8,0.3231502075919336,Признаки удержания: осталось 100% входящего потока (60 тыс. KZT от 1 плательщиков); колено 2.,2,False,1,0,60000.0,0.0,1,0,0.0,1.0,0.0,0,1,0.00029694114034890817,0.0,0,1877,,1,False
100000008766031100,boundary,0.5,2,0.1680197212336892,"Граница выгрузки: колено 4; исходящие здесь не собирались, вывод об удержании невозможен.",4,False,1,0,5000.0,0.0,1,0,0.0,1.0,0.0,0,0,0.0002864770372824112,0.0,0,1877,,1,True
100000008766764100,boundary,0.5,2,0.16721900948991694,"Граница выгрузки: колено 4; исходящие здесь не собирались, вывод об удержании невозможен.",4,False,1,0,5000.0,0.0,1,0,0.0,1.0,0.0,0,0,0.00028622708280243804,0.0,0,1877,,1,True
100000008767027100,terminal,0.7,21,0.16744142941874257,Признаки удержания: осталось 100% входящего потока (5 тыс. KZT от 1 плательщиков); колено 3.,3,False,1,0,5000.0,0.0,1,0,0.0,1.0,0.0,0,0,0.00028633291495751956,0.0,0,1877,,1,False
100000008767065100,terminal,0.7,21,0.18225459667852906,Признаки удержания: осталось 100% входящего потока (10 тыс. KZT от 1 плательщиков); колено 3.,3,False,1,0,10000.0,0.0,1,0,0.0,1.0,0.0,0,0,0.0002870965356977483,0.0,0,1877,,1,False
100000008767925100,terminal,0.9,1,0.2419891755634638,"Признаки удержания: осталось 100% входящего потока (17,1 тыс. KZT от 1 плательщиков); колено 1.",1,False,1,0,17144.0,0.0,1,0,0.0,1.0,0.0,1,1,0.0002891676190013754,0.0,3,270,,1,False
100000008767950100,terminal,0.7,1,0.20538626927639383,"Признаки удержания: осталось 100% входящего потока (17,4 тыс. KZT от 1 плательщиков); колено 3.",3,False,1,0,17350.0,0.0,1,0,0.0,1.0,0.0,0,0,0.0002882772436861134,0.0,3,270,,1,False
100000008768896100,terminal,0.9,1,0.30742511862396205,"Признаки удержания: осталось 100% входящего потока (47,1 тыс. KZT от 1 плательщиков); колено 1.",1,False,1,0,47060.0,0.0,1,0,0.0,1.0,0.0,1,1,0.0002954466369808825,0.0,3,270,,1,False
100000008769097100,terminal,0.7,1,0.2440650948991696,"Признаки удержания: осталось 100% входящего потока (31,1 тыс. KZT от 1 плательщиков); колено 3.",3,False,1,0,31100.0,0.0,1,0,0.0,1.0,0.0,0,0,0.0002904233131498777,0.0,3,270,,1,False
100000008769636100,terminal,0.9,1,0.26029433570581256,"Признаки удержания: осталось 100% входящего потока (23,1 тыс. KZT от 1 плательщиков); колено 1.",1,False,1,0,23118.0,0.0,1,0,0.0,1.0,0.0,1,1,0.0002904214916250408,0.0,3,270,,1,False
100000008770483100,boundary,0.5,48,0.1772723902728351,"Граница выгрузки: колено 4; исходящие здесь не собирались, вывод об удержании невозможен.",4,False,1,0,5000.0,0.0,1,0,0.0,1.0,0.0,0,0,0.0002888920536538102,0.0,0,1877,,1,True
100000008771627100,terminal,0.9,1,0.24815020759193357,"Признаки удержания: осталось 100% входящего потока (16,5 тыс. KZT от 1 плательщиков); колено 2.",2,False,1,0,16500.0,0.0,1,0,0.0,1.0,0.0,0,1,0.0002911733098421886,0.0,3,270,,1,False
100000008771814100,terminal,0.9,1,0.27092600830367736,"Признаки удержания: осталось 100% входящего потока (23,7 тыс. KZT от 1 плательщиков); колено 2.",2,False,1,0,23700.0,0.0,1,0,0.0,1.0,0.0,0,1,0.0002936186984785076,0.0,3,270,,1,False
100000008771819100,terminal,0.9,1,0.29508081257414,"Признаки удержания: осталось 100% входящего потока (38,9 тыс. KZT от 1 плательщиков); колено 1.",1,False,1,0,38900.0,0.0,1,0,0.0,1.0,0.0,1,1,0.00029373394856288624,0.0,3,270,,1,False
100000008772058100,terminal,0.9,1,0.32172672004744957,Признаки удержания: осталось 100% входящего потока (50 тыс. KZT от 1 плательщиков); колено 2.,2,False,1,0,50000.0,0.0,1,0,0.0,1.0,0.0,0,1,0.000302551159747284,0.0,3,270,,1,False
100000008772246100,terminal,0.7,1,0.2639494365361803,"Признаки удержания: осталось 100% входящего потока (44,5 тыс. KZT от 1 плательщиков); колено 3.",3,False,1,0,44500.0,0.0,1,0,0.0,1.0,0.0,0,0,0.00029251475539092793,0.0,3,270,,1,False
100000008773876100,terminal,0.9,1,0.26950252075919334,"Признаки удержания: осталось 100% входящего потока (26,1 тыс. KZT от 1 плательщиков); колено 1.",1,False,1,0,26120.0,0.0,1,0,0.0,1.0,0.0,1,1,0.00029105157626117134,0.0,3,270,,1,False
100000008774237100,terminal,0.72,25,0.4037848457888493,Признаки удержания: осталось 80% входящего потока (50 тыс. KZT от 1 плательщиков); колено 2.,2,False,1,1,50000.0,10000.0,1,1,0.2,0.8,0.0,0,1,0.0003103490467286019,0.0,6,17,1.0,1,False
100000008775471100,terminal,0.7,21,0.40178306642941874,Признаки удержания: осталось 100% входящего потока (580 тыс. KZT от 1 плательщиков); колено 3.,3,False,1,0,580000.0,0.0,2,0,0.0,1.0,0.0,0,0,0.00035837580082273557,0.0,0,1877,,1,False
100000008775747100,boundary,0.5,2,0.16721900948991694,"Граница выгрузки: колено 4; исходящие здесь не собирались, вывод об удержании невозможен.",4,False,1,0,5000.0,0.0,1,0,0.0,1.0,0.0,0,0,0.00028622708280243804,0.0,0,1877,,1,True
100000008776298100,terminal,0.9,1,0.3006857947805457,"Признаки удержания: осталось 100% входящего потока (42,8 тыс. KZT от 1 плательщиков); колено 1.",1,False,1,0,42800.0,0.0,1,0,0.0,1.0,0.0,1,1,0.00029455251288031093,0.0,3,270,,1,False
100000008776310100,terminal,0.7,1,0.21050192763938314,"Признаки удержания: осталось 100% входящего потока (19,2 тыс. KZT от 1 плательщиков); колено 3.",3,False,1,0,19200.0,0.0,1,0,0.0,1.0,0.0,0,0,0.00028856598757760174,0.0,3,270,,1,False
100000008776420100,terminal,0.7,1,0.29364249703440093,"Признаки удержания: осталось 100% входящего потока (69,5 тыс. KZT от 1 плательщиков); колено 3.",3,False,1,0,69500.0,0.0,1,0,0.0,1.0,0.0,0,0,0.00029641669987049937,0.0,3,270,,1,False
100000008776576100,terminal,0.9,1,0.23235839264531433,"Признаки удержания: осталось 100% входящего потока (14,8 тыс. KZT от 1 плательщиков); колено 1.",1,False,1,0,14765.0,0.0,1,0,0.0,1.0,0.0,1,1,0.00028866829476774624,0.0,3,270,,1,False
100000008776720100,terminal,0.7,1,0.23203217674970344,"Признаки удержания: осталось 100% входящего потока (26,1 тыс. KZT от 1 плательщиков); колено 3.",3,False,1,0,26150.0,0.0,1,0,0.0,1.0,0.0,0,0,0.0002896507281429226,0.0,3,270,,1,False
100000008777088100,terminal,0.9,1,0.24597049228944246,Признаки удержания: осталось 100% входящего потока (18 тыс. KZT от 1 плательщиков); колено 1.,1,False,1,0,18000.0,0.0,1,0,0.0,1.0,0.0,1,1,0.00028934728337463573,0.0,3,270,,1,False
100000008778010100,boundary,0.5,1,0.3,"Граница выгрузки: колено 4; исходящие здесь не собирались, вывод об удержании невозможен.",4,False,1,0,76950.0,0.0,2,0,0.0,1.0,0.0,0,0,0.0005296426486872762,0.0,3,270,,1,True
100000008778753100,boundary,0.5,26,0.20569765717674968,"Граница выгрузки: колено 4; исходящие здесь не собирались, вывод об удержании невозможен.",4,False,1,0,10000.0,0.0,1,0,0.0,1.0,0.0,0,0,0.00029415636801295746,0.0,0,1877,,1,True
100000008779584100,terminal,0.9,1,0.28311462040332147,"Признаки удержания: осталось 100% входящего потока (31,4 тыс. KZT от 1 плательщиков); колено 1.",1,False,1,0,31400.0,0.0,1,0,0.0,1.0,0.0,1,1,0.00029215978641399247,0.0,3,270,,1,False
100000008782056100,terminal,0.9,1,0.27675341043890866,"Признаки удержания: осталось 100% входящего потока (29,1 тыс. KZT от 1 плательщиков); колено 1.",1,False,1,0,29082.0,0.0,1,0,0.0,1.0,0.0,1,1,0.0002916732653658411,0.0,3,270,,1,False
100000008782421100,terminal,0.9,1,0.3106946915776987,"Признаки удержания: осталось 100% входящего потока (49,7 тыс. KZT от 1 плательщиков); колено 1.",1,False,1,0,49680.0,0.0,1,0,0.0,1.0,0.0,1,1,0.00029599654429156275,0.0,3,270,,1,False
100000008782800100,terminal,0.9,1,0.30135305456702255,"Признаки удержания: осталось 100% входящего потока (43,4 тыс. KZT от 1 плательщиков); колено 1.",1,False,1,0,43381.0,0.0,1,0,0.0,1.0,0.0,1,1,0.0002946744579747786,0.0,3,270,,1,False
