gid,role,role_score,cluster_id,priority_score,evidence,depth,is_seed,in_deg,out_deg,in_kzt,out_kzt,pass_through,truncated_by_depth,pagerank,betweenness,seed_neighbors
100000000343175100,distributor,0.624,8,0.642,"веер на 31 получателей (4,000,039 KZT), in_deg=8",0,True,8,31,178712.0,4000039.0,22.382598818210305,False,0.0007132581979384058,0.0011641127518991386,1
100000000456947100,peripheral,0.1,68,0.1842,нет рёбер в выгрузке (orphan),0,True,0,0,0.0,0.0,,False,0.00028556929421729154,0.0,0
100000000580561100,peripheral,0.15,40,0.2126,нет выраженных признаков роли,0,True,2,3,27980.0,1488077.0,53.183595425303785,False,0.0008349888856684662,1.1888811083225246e-06,0
100000001415126100,peripheral,0.25,14,0.203,"слабый сток in_deg=1, 27,000 KZT (ниже порога terminal)",0,True,1,0,27000.0,0.0,0.0,False,0.00040961890543080563,0.0,0
100000001429930100,peripheral,0.25,13,0.2016,"слабый сток in_deg=1, 26,000 KZT (ниже порога terminal)",0,True,1,0,26000.0,0.0,0.0,False,0.00035079789147407855,0.0,0
100000001616816100,consolidator,0.65,5,0.6576,"получает от 5 плательщиков (176,195 KZT), отдаёт 3 (181,326 KZT)",0,True,5,3,176195.0,181326.0,1.0291211441868384,False,0.0024346571906844567,8.837349571864098e-05,0
100000001732159100,peripheral,0.15,32,0.2893,нет выраженных признаков роли,0,True,2,4,2378100.0,1505966.0,0.633264370716118,False,0.001095056787299685,2.0012831990095827e-05,2
100000002527114100,distributor,0.944,0,0.7067,"веер на 111 получателей (3,289,249 KZT), in_deg=3",0,True,3,111,129000.0,3289249.0,25.49805426356589,False,0.0008111056953132642,0.00019339132695379732,0
100000002916006100,peripheral,0.15,20,0.2201,нет выраженных признаков роли,0,True,0,1,0.0,32000.0,,False,0.00028556929421729154,0.0,1
100000003016635100,distributor,0.792,3,0.6998,"веер на 73 получателей (9,414,081 KZT), in_deg=8",0,True,8,73,586981.0,9414081.0,16.038135817002594,False,0.0011896363343877683,0.007857711538606338,0
100000003200071100,peripheral,0.15,63,0.1901,нет выраженных признаков роли,0,True,0,1,0.0,30000.0,,False,0.00028556929421729154,0.0,0
100000003265658100,peripheral,0.1,69,0.1842,нет рёбер в выгрузке (orphan),0,True,0,0,0.0,0.0,,False,0.00028556929421729154,0.0,0
100000003349739100,peripheral,0.1,70,0.1842,нет рёбер в выгрузке (orphan),0,True,0,0,0.0,0.0,,False,0.00028556929421729154,0.0,0
100000003684369100,distributor,0.748,2,0.7592,"веер на 62 получателей (8,588,655 KZT), in_deg=24",0,True,24,62,3848436.0,8588655.0,2.2317260830113845,False,0.0020202912084868697,0.002324361640196229,1
100000003770083100,peripheral,0.1,71,0.1842,нет рёбер в выгрузке (orphan),0,True,0,0,0.0,0.0,,False,0.00028556929421729154,0.0,0
100000003975102100,peripheral,0.15,3,0.2536,нет выраженных признаков роли,0,True,1,2,25650.0,88500.0,3.4502923976608186,False,0.00034546521801698146,3.8044195466320786e-05,2
100000003977183100,peripheral,0.15,5,0.229,нет выраженных признаков роли,0,True,2,4,123800.0,766000.0,6.187399030694669,False,0.00033146038169944473,1.7833216624837866e-06,1
100000004007116100,peripheral,0.15,24,0.2069,нет выраженных признаков роли,0,True,3,4,764704.0,148000.0,0.19353893794200108,False,0.000627776957324844,0.0,0
100000004019124100,terminal,0.4793,3,0.4419,"деньги приходят (in_deg=3, 193,000 KZT) и не уходят; depth=0≠4",0,True,3,0,193000.0,0.0,0.0,False,0.001202868090203372,0.0,2
100000004021459100,peripheral,0.1,72,0.1842,нет рёбер в выгрузке (orphan),0,True,0,0,0.0,0.0,,False,0.00028556929421729154,0.0,0
100000004041163100,peripheral,0.15,20,0.2975,нет выраженных признаков роли,0,True,1,2,50000.0,866000.0,17.32,False,0.0020847480556725217,2.3381328463676314e-05,2
100000004174835100,peripheral,0.1,73,0.1842,нет рёбер в выгрузке (orphan),0,True,0,0,0.0,0.0,,False,0.00028556929421729154,0.0,0
100000004193835100,peripheral,0.15,3,0.2254,нет выраженных признаков роли,0,True,1,1,47000.0,5000.0,0.10638297872340426,False,0.000469930139695586,1.1888811083225246e-06,1
100000004269433100,peripheral,0.15,51,0.2257,нет выраженных признаков роли,0,True,0,1,0.0,1372000.0,,False,0.00028556929421729154,0.0,1
100000004358004100,distributor,0.544,2,0.587,"веер на 11 получателей (980,850 KZT), in_deg=0",0,True,0,11,0.0,980850.0,,False,0.00028556929421729154,0.0,1
100000004388983100,peripheral,0.15,59,0.1927,нет выраженных признаков роли,0,True,0,2,0.0,450816.0,,False,0.00028556929421729154,0.0,0
100000004714705100,peripheral,0.15,20,0.2202,нет выраженных признаков роли,0,True,0,1,0.0,36550.0,,False,0.00028556929421729154,0.0,1
100000004723755100,peripheral,0.15,2,0.1904,нет выраженных признаков роли,0,True,0,1,0.0,95000.0,,False,0.00028556929421729154,0.0,0
100000004813068100,peripheral,0.15,25,0.1929,нет выраженных признаков роли,0,True,0,3,0.0,297000.0,,False,0.00028556929421729154,0.0,0
100000004971871100,peripheral,0.15,53,0.2017,нет выраженных признаков роли,0,True,1,1,25400.0,5650.0,0.22244094488188976,False,0.0007430293125206688,0.0,0
100000005017150100,peripheral,0.1,74,0.1842,нет рёбер в выгрузке (orphan),0,True,0,0,0.0,0.0,,False,0.00028556929421729154,0.0,0
100000005087431100,peripheral,0.1,75,0.1842,нет рёбер в выгрузке (orphan),0,True,0,0,0.0,0.0,,False,0.00028556929421729154,0.0,0
100000005235389100,peripheral,0.1,76,0.1842,нет рёбер в выгрузке (orphan),0,True,0,0,0.0,0.0,,False,0.00028556929421729154,0.0,0
100000005264990100,peripheral,0.15,20,0.2241,нет выраженных признаков роли,0,True,1,2,17070.0,122000.0,7.147041593438781,False,0.00036399621508450213,6.063293652444875e-05,1
100000005370580100,peripheral,0.25,13,0.2015,"слабый сток in_deg=1, 24,075 KZT (ниже порога terminal)",0,True,1,0,24075.0,0.0,0.0,False,0.0003459684664848741,0.0,0
100000005382566100,consolidator,0.8846,20,0.8239,"получает от 7 плательщиков (393,066 KZT), отдаёт 1 (50,000 KZT)",0,True,7,1,393066.0,50000.0,0.12720510041570626,False,0.002113262052157117,4.6366363224578456e-05,6
100000005386383100,peripheral,0.15,20,0.2276,нет выраженных признаков роли,0,True,2,1,37500.0,29000.0,0.7733333333333333,False,0.0005243332756978227,5.171632821202981e-05,1
100000005392290100,peripheral,0.15,64,0.1904,нет выраженных признаков роли,0,True,0,1,0.0,81465.0,,False,0.00028556929421729154,0.0,0
100000005395727100,peripheral,0.25,3,0.2021,"слабый сток in_deg=1, 17,000 KZT (ниже порога terminal)",0,True,1,0,17000.0,0.0,0.0,False,0.00037120672995618085,0.0,0
100000005409680100,terminal,0.4455,4,0.3638,"деньги приходят (in_deg=2, 55,060 KZT) и не уходят; depth=0≠4",0,True,2,0,55060.0,0.0,0.0,False,0.0006335288187931628,0.0,0
100000005417257100,peripheral,0.15,20,0.2213,нет выраженных признаков роли,0,True,0,2,0.0,106000.0,,False,0.00028556929421729154,0.0,1
100000005454368100,terminal,0.4449,13,0.3581,"деньги приходят (in_deg=2, 48,600 KZT) и не уходят; depth=0≠4",0,True,2,0,48600.0,0.0,0.0,False,0.0003941929632081948,0.0,0
100000005480435100,peripheral,0.1,77,0.1842,нет рёбер в выгрузке (orphan),0,True,0,0,0.0,0.0,,False,0.00028556929421729154,0.0,0
100000005485830100,peripheral,0.15,38,0.1946,нет выраженных признаков роли,0,True,0,5,0.0,275885.0,,False,0.00028556929421729154,0.0,0
100000005493505100,terminal,0.4662,2,0.3963,"деньги приходят (in_deg=3, 62,020 KZT) и не уходят; depth=0≠4",0,True,3,0,62020.0,0.0,0.0,False,0.0006174200765778794,0.0,1
100000005495722100,peripheral,0.1,78,0.1842,нет рёбер в выгрузке (orphan),0,True,0,0,0.0,0.0,,False,0.00028556929421729154,0.0,0
100000005498992100,distributor,0.564,7,0.5686,"веер на 16 получателей (2,262,868 KZT), in_deg=0",0,True,0,16,0.0,2262868.0,,False,0.00028556929421729154,0.0,0
100000005519347100,peripheral,0.15,3,0.2588,нет выраженных признаков роли,0,True,2,1,73100.0,99000.0,1.3543091655266757,False,0.0005567200012967704,9.90734256935437e-07,2
100000005523088100,terminal,0.49,20,0.4254,"деньги приходят (in_deg=1, 700,000 KZT) и не уходят; depth=0≠4",0,True,1,0,700000.0,0.0,0.0,False,0.0017206377268585405,0.0,1
100000005543136100,peripheral,0.15,2,0.2201,нет выраженных признаков роли,0,True,0,1,0.0,10000.0,,False,0.00028556929421729154,0.0,1
100000005550592100,peripheral,0.1,79,0.1842,нет рёбер в выгрузке (orphan),0,True,0,0,0.0,0.0,,False,0.00028556929421729154,0.0,0
100000005560900100,peripheral,0.1,80,0.1842,нет рёбер в выгрузке (orphan),0,True,0,0,0.0,0.0,,False,0.00028556929421729154,0.0,0
100000005568407100,peripheral,0.1,81,0.1842,нет рёбер в выгрузке (orphan),0,True,0,0,0.0,0.0,,False,0.00028556929421729154,0.0,0
100000005668605100,terminal,0.4695,20,0.402,"деньги приходят (in_deg=3, 94,500 KZT) и не уходят; depth=0≠4",0,True,3,0,94500.0,0.0,0.0,False,0.0008383018688148942,0.0,1
100000005744674100,peripheral,0.15,20,0.2202,нет выраженных признаков роли,0,True,0,1,0.0,50066.0,,False,0.00028556929421729154,0.0,1
100000006232815100,peripheral,0.15,29,0.2025,нет выраженных признаков роли,0,True,1,5,160000.0,296500.0,1.853125,False,0.0005566536352336276,2.774055919419224e-06,0
100000006249740100,peripheral,0.15,45,0.1921,нет выраженных признаков роли,0,True,0,3,0.0,93007.0,,False,0.00028556929421729154,0.0,0
100000006831291100,peripheral,0.15,45,0.1901,нет выраженных признаков роли,0,True,0,1,0.0,15000.0,,False,0.00028556929421729154,0.0,0
100000006866783100,distributor,0.768,1,0.6674,"веер на 67 получателей (3,948,037 KZT), in_deg=13",0,True,13,67,838812.0,3948037.0,4.706700667133994,False,0.0008703719471294033,0.006433431970835954,0
100000007018630100,peripheral,0.15,60,0.1908,нет выраженных признаков роли,0,True,0,1,0.0,200000.0,,False,0.00028556929421729154,0.0,0
100000007747786100,distributor,0.624,5,0.5955,"веер на 31 получателей (4,238,009 KZT), in_deg=0",0,True,0,31,0.0,4238009.4,,False,0.00028556929421729154,0.0,0
100000007982728100,peripheral,0.15,5,0.2335,нет выраженных признаков роли,0,True,0,8,0.0,1804384.0,,False,0.00028556929421729154,0.0,1
100000008117324100,peripheral,0.1,82,0.1842,нет рёбер в выгрузке (orphan),0,True,0,0,0.0,0.0,,False,0.00028556929421729154,0.0,0
100000008205000100,peripheral,0.1,83,0.1842,нет рёбер в выгрузке (orphan),0,True,0,0,0.0,0.0,,False,0.00028556929421729154,0.0,0
100000008314203100,transit,0.7212,32,0.4977,"pass-through=0.86: in=382,076 → out=327,000 KZT",0,True,2,2,382076.0,327000.0,0.8558506684533967,False,0.000502990862402697,3.903492972325622e-05,2
100000008418835100,coordinator,0.96,51,0.7291,"связей с seed=2, betweenness=0.0003, in=1/out=4",0,True,1,4,1372000.0,186179.0,0.13569897959183674,False,0.0005285862410602093,0.00031663866851656567,2
100000008513251100,peripheral,0.1,84,0.1842,нет рёбер в выгрузке (orphan),0,True,0,0,0.0,0.0,,False,0.00028556929421729154,0.0,0
100000008516839100,terminal,0.4755,20,0.4082,"деньги приходят (in_deg=3, 155,000 KZT) и не уходят; depth=0≠4",0,True,3,0,155000.0,0.0,0.0,False,0.001069583861442998,0.0,1
100000008522127100,peripheral,0.15,12,0.1906,нет выраженных признаков роли,0,True,0,1,0.0,145000.0,,False,0.00028556929421729154,0.0,0
100000008571433100,peripheral,0.15,47,0.2313,нет выраженных признаков роли,0,True,2,2,350000.0,1434000.0,4.097142857142857,False,0.0016264807087207891,9.90734256935437e-07,0
100000008575624100,peripheral,0.15,42,0.1921,нет выраженных признаков роли,0,True,0,3,0.0,89500.0,,False,0.00028556929421729154,0.0,0
100000008601794100,peripheral,0.15,52,0.246,нет выраженных признаков роли,0,True,2,1,494400.0,871400.0,1.7625404530744337,False,0.002367779758018105,3.962937027741748e-07,0
100000008637537100,peripheral,0.15,32,0.2793,нет выраженных признаков роли,0,True,3,3,619890.0,2351495.0,3.793406894771653,False,0.00082873315343453,7.72772720409641e-05,2
100000008650785100,peripheral,0.15,3,0.2611,нет выраженных признаков роли,0,True,2,2,92000.0,120120.0,1.3056521739130436,False,0.0006125210138081822,2.437206272061175e-05,2
100000008654653100,peripheral,0.15,3,0.2202,нет выраженных признаков роли,0,True,0,1,0.0,54000.0,,False,0.00028556929421729154,0.0,1
100000008659445100,peripheral,0.15,39,0.2493,нет выраженных признаков роли,0,True,3,4,138490.0,875150.0,6.319228825185934,False,0.0024238038911821216,7.925874055483496e-07,0
100000008669037100,peripheral,0.1,85,0.1842,нет рёбер в выгрузке (orphan),0,True,0,0,0.0,0.0,,False,0.00028556929421729154,0.0,0
100000008673001100,peripheral,0.25,20,0.2346,"слабый сток in_deg=1, 80,000 KZT (ниже порога terminal)",0,True,1,0,80000.0,0.0,0.0,False,0.00046897831070251243,0.0,1
100000008680731100,distributor,0.608,10,0.579,"веер на 27 получателей (1,464,354 KZT), in_deg=0",0,True,0,27,0.0,1464354.0,,False,0.00028556929421729154,0.0,0
100000008701222100,peripheral,0.1,86,0.1842,нет рёбер в выгрузке (orphan),0,True,0,0,0.0,0.0,,False,0.00028556929421729154,0.0,0
100000008738325100,peripheral,0.15,20,0.2569,нет выраженных признаков роли,0,True,1,1,36550.0,54000.0,1.4774281805745555,False,0.0005285862410602093,1.981468513870874e-07,2
100000003134937100,peripheral,0.25,3,0.1301,"слабый сток in_deg=1, 10,286 KZT (ниже порога terminal)",1,False,1,0,10286.0,0.0,0.0,False,0.00028667522491586665,0.0,1
100000005074393100,coordinator,0.88,13,0.6064,"связей с seed=1, betweenness=0.0002, in=4/out=6",1,False,4,6,563026.0,685500.0,1.2175281425724567,False,0.0010600834163353955,0.00021697080226886072,1
100000001924185100,terminal,0.4551,8,0.3176,"деньги приходят (in_deg=2, 151,000 KZT) и не уходят; depth=1≠4",1,False,2,0,151000.0,0.0,0.0,False,0.0003102198760278659,0.0,2
100000004070318100,distributor,0.576,1,0.5601,"веер на 19 получателей (551,860 KZT), in_deg=4",1,False,4,19,207246.55,551860.0,2.662818753798314,False,0.0003141223476175561,0.006168311483680031,3
100000005807278100,peripheral,0.25,38,0.1302,"слабый сток in_deg=1, 8,385 KZT (ниже порога terminal)",1,False,1,0,8385.0,0.0,0.0,False,0.00029295533223776336,0.0,1
100000003377795100,peripheral,0.25,5,0.1301,"слабый сток in_deg=1, 7,000 KZT (ниже порога terminal)",1,False,1,0,7000.0,0.0,0.0,False,0.0002859706898885471,0.0,1
100000004330371100,coordinator,0.88,3,0.6022,"связей с seed=1, betweenness=0.0003, in=2/out=2",1,False,2,2,264171.0,90681.0,0.3432662934235779,False,0.0012542719301566099,0.00033467003199279065,1
100000008165763100,distributor,0.568,2,0.5278,"веер на 17 получателей (1,267,858 KZT), in_deg=15",1,False,15,17,1165815.0,1267858.0,1.087529324978663,False,0.0009102399259160818,0.0004217555731774155,1
100000001684867100,peripheral,0.25,3,0.1302,"слабый сток in_deg=1, 30,550 KZT (ниже порога terminal)",1,False,1,0,30550.0,0.0,0.0,False,0.0002888539707525308,0.0,1
100000003900547100,peripheral,0.25,3,0.1302,"слабый сток in_deg=1, 23,700 KZT (ниже порога terminal)",1,False,1,0,23700.0,0.0,0.0,False,0.0002881174720858732,0.0,1
100000006656003100,peripheral,0.15,0,0.1211,нет выраженных признаков роли,1,False,1,1,20000.0,9000.0,0.45,False,0.0002897670599476747,0.0,1
100000008237827100,peripheral,0.25,2,0.1304,"слабый сток in_deg=1, 40,001 KZT (ниже порога terminal)",1,False,1,0,40001.0,0.0,0.0,False,0.0002935789518042112,0.0,1
100000003014659100,terminal,0.448,8,0.287,"деньги приходят (in_deg=1, 280,000 KZT) и не уходят; depth=1≠4",1,False,1,0,280000.0,0.0,0.0,False,0.00032803694338806014,0.0,1
100000007939160100,peripheral,0.15,40,0.134,нет выраженных признаков роли,1,False,1,2,795000.0,14300.0,0.017987421383647798,False,0.0006653456234025188,3.962937027741748e-07,1
100000007274584100,peripheral,0.25,2,0.1304,"слабый сток in_deg=1, 38,000 KZT (ниже порога terminal)",1,False,1,0,38000.0,0.0,0.0,False,0.00029317827870025315,0.0,1
100000001524952100,terminal,0.4304,1,0.2839,"деньги приходят (in_deg=1, 103,807 KZT) и не уходят; depth=1≠4",1,False,1,0,103807.0,0.0,0.0,False,0.000305048929310362,0.0,1
100000003131693100,terminal,0.4553,2,0.2887,"деньги приходят (in_deg=1, 353,277 KZT) и не уходят; depth=1≠4",1,False,1,0,353277.0,0.0,0.0,False,0.0003563082208274816,0.0,1
100000008383405100,peripheral,0.25,25,0.1306,"слабый сток in_deg=1, 25,000 KZT (ниже порога terminal)",1,False,1,0,25000.0,0.0,0.0,False,0.0003060252661737661,0.0,1
100000008736173100,peripheral,0.25,0,0.1303,"слабый сток in_deg=1, 31,060 KZT (ниже порога terminal)",1,False,1,0,31060.0,0.0,0.0,False,0.00029208842439657666,0.0,1
100000002861485100,peripheral,0.25,3,0.1302,"слабый сток in_deg=1, 29,323 KZT (ниже порога terminal)",1,False,1,0,29323.0,0.0,0.0,False,0.0002887220461008536,0.0,1
100000008745474100,peripheral,0.25,0,0.1304,"слабый сток in_deg=1, 40,559 KZT (ниже порога terminal)",1,False,1,0,40559.0,0.0,0.0,False,0.00029408215323022217,0.0,1
100000008691330100,peripheral,0.25,0,0.1302,"слабый сток in_deg=1, 21,440 KZT (ниже порога terminal)",1,False,1,0,21440.0,0.0,0.0,False,0.00029006929908026235,0.0,1
100000007639767100,distributor,0.54,2,0.5192,"веер на 10 получателей (822,244 KZT), in_deg=4",1,False,4,10,90913.0,822244.0,9.044295095310902,False,0.00030144003922722264,0.007963323810395656,2
100000002921047100,peripheral,0.15,5,0.1245,нет выраженных признаков роли,1,False,2,1,338000.0,163000.02,0.48224857988165676,False,0.0003170480938744791,2.159800680119253e-05,1
100000004783447100,peripheral,0.25,0,0.1303,"слабый сток in_deg=1, 26,200 KZT (ниже порога terminal)",1,False,1,0,26200.0,0.0,0.0,False,0.0002910683673240935,0.0,1
100000008696919100,peripheral,0.25,0,0.1303,"слабый сток in_deg=1, 31,945 KZT (ниже порога terminal)",1,False,1,0,31945.0,0.0,0.0,False,0.0002922741755301461,0.0,1
100000008736940100,peripheral,0.15,39,0.1766,нет выраженных признаков роли,1,False,3,3,451090.0,182100.0,0.40368884258130305,False,0.002414156749076463,7.925874055483496e-07,1
100000005940652100,peripheral,0.25,32,0.1301,"слабый сток in_deg=1, 8,395 KZT (ниже порога terminal)",1,False,1,0,8395.0,0.0,0.0,False,0.0002880883622154847,0.0,1
100000004180097100,coordinator,0.88,1,0.5937,"связей с seed=1, betweenness=0.0004, in=3/out=3",1,False,3,3,104854.0,47800.0,0.4558719743643542,False,0.0008565318930578589,0.0003521069549148543,1
100000005539201100,peripheral,0.15,3,0.1213,нет выраженных признаков роли,1,False,1,1,45504.0,25000.0,0.5494022503516175,False,0.00029046179572496833,4.1016398237127094e-05,1
100000005620225100,terminal,0.445,1,0.2858,"деньги приходят (in_deg=2, 49,846 KZT) и не уходят; depth=1≠4",1,False,2,0,49845.66,0.0,0.0,False,0.00029623624314500165,0.0,1
100000004388353100,terminal,0.4463,8,0.287,"деньги приходят (in_deg=2, 62,960 KZT) и не уходят; depth=1≠4",1,False,2,0,62960.0,0.0,0.0,False,0.0003407590740791645,0.0,1
100000007442518100,consolidator,0.575,28,0.5626,"аккумулирует от 5 источников (510,000 KZT), далее out_deg=9",1,False,5,9,510000.0,4419999.0,8.666664705882352,False,0.0006487732246506232,0.0002530335292213106,1
100000000267734100,peripheral,0.15,5,0.1346,нет выраженных признаков роли,1,False,2,7,180000.0,282000.0,1.5666666666666667,False,0.0005373190777888436,3.5666433249675733e-06,1
100000001987030100,peripheral,0.15,3,0.1221,нет выраженных признаков роли,1,False,2,1,30864.0,19000.0,0.6156039398652151,False,0.00029387275355437117,5.706629319948117e-05,1
100000002603478100,peripheral,0.25,10,0.1302,"слабый сток in_deg=1, 23,500 KZT (ниже порога terminal)",1,False,1,0,23500.0,0.0,0.0,False,0.00028946923798144183,0.0,1
100000001380054100,peripheral,0.15,29,0.1355,нет выраженных признаков роли,1,False,2,3,127050.0,360000.0,2.833530106257379,False,0.0007164305424822372,2.774055919419224e-06,1
100000002992171100,peripheral,0.25,0,0.1301,"слабый сток in_deg=1, 14,627 KZT (ниже порога terminal)",1,False,1,0,14627.0,0.0,0.0,False,0.00028863933018420727,0.0,1
100000002781227100,transit,0.7278,12,0.4105,"pass-through=1.11: in=191,168 → out=212,420 KZT",1,False,2,3,191167.62,212420.0,1.1111714421092862,False,0.0023265921896669546,0.00013295653728073565,1
100000008745643100,peripheral,0.25,0,0.1302,"слабый сток in_deg=1, 20,313 KZT (ниже порога terminal)",1,False,1,0,20313.0,0.0,0.0,False,0.0002898327549813552,0.0,1
100000002836736100,terminal,0.4909,5,0.296,"деньги приходят (in_deg=2, 509,000 KZT) и не уходят; depth=1≠4",1,False,2,0,509000.0,0.0,0.0,False,0.00045179005468890665,0.0,1
100000004188160100,coordinator,0.88,3,0.5818,"связей с seed=1, betweenness=0.0024, in=2/out=5",1,False,2,5,87862.0,133846.0,1.5233661878855478,False,0.00029682740213491873,0.002416797146368305,1
100000004841728100,peripheral,0.25,0,0.1305,"слабый сток in_deg=1, 52,208 KZT (ниже порога terminal)",1,False,1,0,52208.0,0.0,0.0,False,0.00029652714187988386,0.0,1
100000001554432100,peripheral,0.25,2,0.1305,"слабый сток in_deg=1, 53,920 KZT (ниже порога terminal)",1,False,1,0,53920.0,0.0,0.0,False,0.0002963660427257465,0.0,1
100000008768896100,peripheral,0.25,0,0.1304,"слабый сток in_deg=1, 47,060 KZT (ниже порога terminal)",1,False,1,0,47060.0,0.0,0.0,False,0.0002954466369808832,0.0,1
100000008232832100,peripheral,0.15,32,0.1277,нет выраженных признаков роли,1,False,1,1,337000.0,138000.0,0.4094955489614243,False,0.0004942271899045282,0.0,1
100000002864256100,terminal,0.4336,2,0.2846,"деньги приходят (in_deg=1, 135,780 KZT) и не уходят; depth=1≠4",1,False,1,0,135780.0,0.0,0.0,False,0.00031275739719351586,0.0,1
100000001929088100,terminal,0.4796,5,0.3212,"деньги приходят (in_deg=2, 396,010 KZT) и не уходят; depth=1≠4",1,False,2,0,396010.0,0.0,0.0,False,0.0003175873990634132,0.0,2
100000002794197100,peripheral,0.25,5,0.1302,"слабый сток in_deg=1, 30,100 KZT (ниже порога terminal)",1,False,1,0,30100.0,0.0,0.0,False,0.00028729529560369047,0.0,1
100000005669845100,peripheral,0.25,29,0.1308,"слабый сток in_deg=1, 20,000 KZT (ниже порога terminal)",1,False,1,0,20000.0,0.0,0.0,False,0.00031753584489255926,0.0,1
100000002211413100,peripheral,0.25,0,0.1304,"слабый сток in_deg=1, 37,000 KZT (ниже порога terminal)",1,False,1,0,37000.0,0.0,0.0,False,0.0002933351608185004,0.0,1
100000002784085100,terminal,0.44,7,0.2854,"деньги приходят (in_deg=1, 200,000 KZT) и не уходят; depth=1≠4",1,False,1,0,200000.0,0.0,0.0,False,0.00030704796171737703,0.0,1
100000008782421100,peripheral,0.25,0,0.1305,"слабый сток in_deg=1, 49,680 KZT (ниже порога terminal)",1,False,1,0,49680.0,0.0,0.0,False,0.0002959965442915634,0.0,1
100000003739818100,peripheral,0.25,2,0.1305,"слабый сток in_deg=1, 57,293 KZT (ниже порога terminal)",1,False,1,0,57293.0,0.0,0.0,False,0.0002970414402168262,0.0,1
100000002214570100,peripheral,0.25,0,0.1303,"слабый сток in_deg=1, 26,471 KZT (ниже порога terminal)",1,False,1,0,26471.0,0.0,0.0,False,0.00029112524704974025,0.0,1
100000006443391100,peripheral,0.15,7,0.1738,нет выраженных признаков роли,1,False,3,2,86775.93,60041.71000000001,0.6919166409394865,False,0.00241950775350154,1.1888811083225246e-06,1
100000005473151100,coordinator,0.88,9,0.5909,"связей с seed=1, betweenness=0.0002, in=3/out=4",1,False,3,4,1220000.0,225000.0,0.18442622950819673,False,0.0004682674337196526,0.0002407484244353112,1
100000005124479100,peripheral,0.15,1,0.1236,нет выраженных признаков роли,1,False,2,2,137753.0,22000.0,0.15970614070110994,False,0.00030323005398092,4.755524433290098e-05,1
100000005527892100,coordinator,0.88,16,0.5878,"связей с seed=1, betweenness=0.0002, in=3/out=8",1,False,3,8,220001.0,552419.0,2.510984040981632,False,0.00031243167214621147,0.00023500216574508568,1
100000008028628100,peripheral,0.25,0,0.1305,"слабый сток in_deg=1, 57,224 KZT (ниже порога terminal)",1,False,1,0,57224.0,0.0,0.0,False,0.00029757994152506393,0.0,1
100000001953577100,peripheral,0.25,0,0.1302,"слабый сток in_deg=1, 15,600 KZT (ниже порога terminal)",1,False,1,0,15600.0,0.0,0.0,False,0.0002888435514869904,0.0,1
100000008193577100,peripheral,0.15,39,0.15,нет выраженных признаков роли,1,False,2,5,154300.0,480180.0,3.1119896305897603,False,0.0012389478209868774,1.981468513870874e-06,1
100000008753193100,peripheral,0.25,0,0.1303,"слабый сток in_deg=1, 35,225 KZT (ниже порога terminal)",1,False,1,0,35225.0,0.0,0.0,False,0.00029296260910992896,0.0,1
100000008746025100,peripheral,0.25,0,0.1302,"слабый сток in_deg=1, 22,000 KZT (ниже порога terminal)",1,False,1,0,22000.0,0.0,0.0,False,0.00029018683652071305,0.0,1
100000002934441100,terminal,0.4461,1,0.2861,"деньги приходят (in_deg=2, 60,846 KZT) и не уходят; depth=1≠4",1,False,2,0,60845.6,0.0,0.0,False,0.0003024813010750062,0.0,1
100000003701161100,coordinator,0.88,23,0.6203,"связей с seed=1, betweenness=0.0002, in=4/out=3",1,False,4,3,1527103.0,349000.0,0.22853730232996727,False,0.0016488161626324815,0.00021300786524111896,1
100000006707582100,distributor,0.556,8,0.4984,"веер на 14 получателей (961,138 KZT), in_deg=2",1,False,2,14,39520.0,961138.0,24.320293522267207,False,0.0005380556485142959,0.0006118774770833259,1
100000003239379100,peripheral,0.25,10,0.1308,"слабый сток in_deg=1, 92,500 KZT (ниже порога terminal)",1,False,1,0,92500.0,0.0,0.0,False,0.0003009201366932023,0.0,1
100000000979923100,peripheral,0.25,8,0.1308,"слабый сток in_deg=1, 97,900 KZT (ниже порога terminal)",1,False,1,0,97900.0,0.0,0.0,False,0.00030041780440949955,0.0,1
100000001111763100,peripheral,0.25,0,0.1302,"слабый сток in_deg=1, 17,144 KZT (ниже порога terminal)",1,False,1,0,17144.0,0.0,0.0,False,0.00028916761900137604,0.0,1
100000003865939100,peripheral,0.25,64,0.136,"слабый сток in_deg=1, 81,465 KZT (ниже порога terminal)",1,False,1,0,81465.0,0.0,0.0,False,0.0005285862410602093,0.0,1
100000002858835100,peripheral,0.25,0,0.1302,"слабый сток in_deg=1, 24,400 KZT (ниже порога terminal)",1,False,1,0,24400.0,0.0,0.0,False,0.00029069056840835903,0.0,1
100000003404627100,terminal,0.5678,32,0.3285,"деньги приходят (in_deg=4, 877,700 KZT) и не уходят; depth=1≠4",1,False,4,0,877700.0,0.0,0.0,False,0.0013785777125656837,0.0,1
100000008691027100,peripheral,0.25,0,0.1302,"слабый сток in_deg=1, 17,534 KZT (ниже порога terminal)",1,False,1,0,17534.0,0.0,0.0,False,0.0002892494754331185,0.0,1
100000004071080100,consolidator,0.931,1,0.5931,"получает от 9 плательщиков (238,600 KZT), отдаёт 2 (46,500 KZT)",1,False,9,2,238600.0,46500.0,0.19488683989941324,False,0.0013690045738923447,2.4966503274773013e-05,1
100000002864680100,peripheral,0.25,10,0.1305,"слабый сток in_deg=1, 55,932 KZT (ниже порога terminal)",1,False,1,0,55932.0,0.0,0.0,False,0.00029485149228607687,0.0,1
100000001330685100,peripheral,0.15,4,0.1367,нет выраженных признаков роли,1,False,3,1,2435923.0,100500.0,0.04125746175063826,False,0.0004382160258847993,1.922024458454748e-05,1
100000008745725100,peripheral,0.25,0,0.1304,"слабый сток in_deg=1, 47,060 KZT (ниже порога terminal)",1,False,1,0,47060.0,0.0,0.0,False,0.0002954466369808832,0.0,1
100000002621949100,terminal,0.4365,2,0.2851,"деньги приходят (in_deg=1, 164,612 KZT) и не уходят; depth=1≠4",1,False,1,0,164612.0,0.0,0.0,False,0.0003185306140517461,0.0,1
100000007908818100,coordinator,0.96,2,0.6299,"связей с seed=2, betweenness=0.0002, in=4/out=6",1,False,4,6,727475.0,302000.0,0.4151345407058662,False,0.00047538119204737717,0.00017753957884283033,2
100000008691495100,peripheral,0.25,0,0.1303,"слабый сток in_deg=1, 27,000 KZT (ниже порога terminal)",1,False,1,0,27000.0,0.0,0.0,False,0.00029123627795330886,0.0,1
100000003832231100,peripheral,0.25,2,0.1303,"слабый сток in_deg=1, 35,000 KZT (ниже порога terminal)",1,False,1,0,35000.0,0.0,0.0,False,0.0002925775693989667,0.0,1
100000002371751100,peripheral,0.15,60,0.1284,нет выраженных признаков роли,1,False,1,1,200000.0,250000.0,1.25,False,0.0005285862410602093,1.981468513870874e-07,1
100000002894076100,terminal,0.58,5,0.3375,"деньги приходят (in_deg=4, 1,122,782 KZT) и не уходят; depth=1≠4",1,False,4,0,1122782.0,0.0,0.0,False,0.0003826799433759162,0.0,2
100000001362940100,peripheral,0.25,2,0.1307,"слабый сток in_deg=1, 81,000 KZT (ниже порога terminal)",1,False,1,0,81000.0,0.0,0.0,False,0.0003017884453520255,0.0,1
100000008741372100,peripheral,0.25,0,0.1303,"слабый сток in_deg=1, 35,975 KZT (ниже порога terminal)",1,False,1,0,35975.0,0.0,0.0,False,0.0002931200253248183,0.0,1
100000002618492100,terminal,0.4697,8,0.291,"деньги приходят (in_deg=2, 296,500 KZT) и не уходят; depth=1≠4",1,False,2,0,296500.0,0.0,0.0,False,0.00036902681066638954,0.0,1
100000002750332100,peripheral,0.25,7,0.1301,"слабый сток in_deg=1, 11,360 KZT (ниже порога terminal)",1,False,1,0,11360.0,0.0,0.0,False,0.0002867892825312964,0.0,1
100000004948177100,terminal,0.5037,3,0.2971,"деньги приходят (in_deg=3, 437,163 KZT) и не уходят; depth=1≠4",1,False,3,0,437163.0,0.0,0.0,False,0.00042215807154897335,0.0,1
100000002511825100,peripheral,0.25,1,0.1306,"слабый сток in_deg=1, 65,000 KZT (ниже порога terminal)",1,False,1,0,65000.0,0.0,0.0,False,0.0002977667017240067,0.0,1
100000008566737100,terminal,0.463,2,0.2896,"деньги приходят (in_deg=2, 230,000 KZT) и не уходят; depth=1≠4",1,False,2,0,230000.0,0.0,0.0,False,0.0003494638119095346,0.0,1
100000008661585100,peripheral,0.25,0,0.1304,"слабый сток in_deg=1, 43,141 KZT (ниже порога terminal)",1,False,1,0,43141.0,0.0,0.0,False,0.0002946240847860146,0.0,1
100000004759121100,consolidator,0.7921,4,0.5808,"получает от 6 плательщиков (710,000 KZT), отдаёт 2 (312,000 KZT)",1,False,6,2,710000.0,312000.0,0.4394366197183099,False,0.001415179682240734,7.7079125189577e-05,1
100000004360785100,peripheral,0.25,3,0.1306,"слабый сток in_deg=1, 94,705 KZT (ниже порога terminal)",1,False,1,0,94705.0,0.0,0.0,False,0.0002957517914765332,0.0,1
100000005092518100,peripheral,0.25,0,0.1303,"слабый сток in_deg=1, 26,144 KZT (ниже порога terminal)",1,False,1,0,26144.0,0.0,0.0,False,0.00029105661358004846,0.0,1
100000008737958100,terminal,0.4453,0,0.2859,"деньги приходят (in_deg=2, 53,373 KZT) и не уходят; depth=1≠4",1,False,2,0,53373.0,0.0,0.0,False,0.0002996261402634541,0.0,1
100000003044518100,peripheral,0.25,5,0.1302,"слабый сток in_deg=1, 34,423 KZT (ниже порога terminal)",1,False,1,0,34423.0,0.0,0.0,False,0.0002875431861018102,0.0,1
100000004159526100,peripheral,0.15,14,0.1406,нет выраженных признаков роли,1,False,4,4,275037.0,68000.0,0.24723946232688693,False,0.0008532026216190944,9.788454458522118e-05,1
100000007544358100,transit,0.7329,3,0.3641,"pass-through=1.09: in=322,500 → out=350,000 KZT",1,False,2,1,322500.0,350000.0,1.0852713178294573,False,0.00034057167427426654,1.9616538287321655e-05,1
100000005901606100,peripheral,0.25,0,0.1303,"слабый сток in_deg=1, 35,660 KZT (ниже порога terminal)",1,False,1,0,35660.0,0.0,0.0,False,0.0002930539105145648,0.0,1
100000006658598100,peripheral,0.25,3,0.1301,"слабый сток in_deg=1, 9,000 KZT (ниже порога terminal)",1,False,1,0,9000.0,0.0,0.0,False,0.0002865369566990314,0.0,1
100000002793851100,peripheral,0.25,3,0.1301,"слабый сток in_deg=1, 11,052 KZT (ниже порога terminal)",1,False,1,0,11052.0,0.0,0.0,False,0.0002867575837448681,0.0,1
100000005612411100,coordinator,0.88,2,0.5876,"связей с seed=1, betweenness=0.0002, in=3/out=8",1,False,3,8,115500.0,506997.0,4.389584415584416,False,0.0003272060826887607,0.0001759544040317336,1
100000007511163100,coordinator,0.96,3,0.6188,"связей с seed=2, betweenness=0.0003, in=2/out=3",1,False,2,3,63666.0,82052.0,1.2887883642760658,False,0.0003395973251602182,0.0003277348921942426,2
100000002648315100,peripheral,0.15,5,0.1228,нет выраженных признаков роли,1,False,1,2,132000.0,76000.0,0.5757575757575758,False,0.0002931384697323966,3.962937027741748e-07,1
100000004739664100,transit,0.7167,0,0.3577,"pass-through=0.83: in=12,000 → out=10,000 KZT",1,False,1,1,12000.0,10000.0,0.8333333333333334,False,0.0002880879536555215,1.387027959709612e-06,1
100000003713616100,peripheral,0.25,3,0.1301,"слабый сток in_deg=1, 15,893 KZT (ниже порога terminal)",1,False,1,0,15893.0,0.0,0.0,False,0.0002872780786419906,0.0,1
100000003476560100,peripheral,0.25,2,0.1305,"слабый сток in_deg=1, 50,000 KZT (ниже порога terminal)",1,False,1,0,50000.0,0.0,0.0,False,0.0002955811159053989,0.0,1
100000008782800100,peripheral,0.25,0,0.1304,"слабый сток in_deg=1, 43,381 KZT (ниже порога terminal)",1,False,1,0,43381.0,0.0,0.0,False,0.0002946744579747792,0.0,1
100000004218576100,peripheral,0.25,0,0.1303,"слабый сток in_deg=1, 26,144 KZT (ниже порога terminal)",1,False,1,0,26144.0,0.0,0.0,False,0.00029105661358004846,0.0,1
100000003299365100,transit,0.75,2,0.3635,"pass-through=1.00: in=200,000 → out=200,000 KZT",1,False,1,1,200000.0,200000.0,1.0,False,0.00032561658096972093,0.0,1
100000008730021100,peripheral,0.25,51,0.1346,"слабый сток in_deg=1, 75,555 KZT (ниже порога terminal)",1,False,1,0,75555.0,0.0,0.0,False,0.0004681382591766429,0.0,1
100000002757797100,terminal,0.43,10,0.2838,"деньги приходят (in_deg=1, 100,000 KZT) и не уходят; depth=1≠4",1,False,1,0,100000.0,0.0,0.0,False,0.00030216479959665457,0.0,1
100000002845605100,peripheral,0.25,1,0.1305,"слабый сток in_deg=1, 57,567 KZT (ниже порога terminal)",1,False,1,0,57567.0,0.0,0.0,False,0.000296371881262508,0.0,1
100000000817146100,peripheral,0.25,3,0.1374,"слабый сток in_deg=1, 70,020 KZT (ниже порога terminal)",1,False,1,0,70020.0,0.0,0.0,False,0.0005894684786410268,0.0,1
100000002957306100,terminal,0.4798,8,0.3221,"деньги приходят (in_deg=2, 398,490 KZT) и не уходят; depth=1≠4",1,False,2,0,398490.0,0.0,0.0,False,0.0003551868796242712,0.0,2
100000008188026100,peripheral,0.15,3,0.1263,нет выраженных признаков роли,1,False,2,4,86468.0,337983.17,3.9087659018365173,False,0.00029930359678538354,7.589024408125448e-05,1
100000004790991100,terminal,0.4439,3,0.286,"деньги приходят (in_deg=1, 239,413 KZT) и не уходят; depth=1≠4",1,False,1,0,239413.0,0.0,0.0,False,0.00031131051396626806,0.0,1
100000002973903100,terminal,0.4693,10,0.2898,"деньги приходят (in_deg=3, 92,880 KZT) и не уходят; depth=1≠4",1,False,3,0,92880.0,0.0,0.0,False,0.0003168690397944537,0.0,1
100000004325327100,transit,0.7477,1,0.3623,"pass-through=0.99: in=70,817 → out=70,000 KZT",1,False,2,1,70817.0,70000.0,0.988463222107686,False,0.00029579231968135644,3.844048916909496e-05,1
100000001477796100,terminal,0.4382,2,0.2856,"деньги приходят (in_deg=1, 182,000 KZT) и не уходят; depth=1≠4",1,False,1,0,182000.0,0.0,0.0,False,0.0003306619019813849,0.0,1
100000007536804100,peripheral,0.15,5,0.1225,нет выраженных признаков роли,1,False,1,2,100000.0,55000.0,0.55,False,0.0002913035180923711,7.925874055483496e-07,1
100000008665380100,peripheral,0.15,1,0.1222,нет выраженных признаков роли,1,False,2,1,69100.0,18200.0,0.2633863965267728,False,0.0002907743285019276,1.922024458454748e-05,1
100000001870116100,peripheral,0.25,0,0.1302,"слабый сток in_deg=1, 24,000 KZT (ниже порога terminal)",1,False,1,0,24000.0,0.0,0.0,False,0.00029060661309375133,0.0,1
100000001074553100,terminal,0.4429,7,0.3154,"деньги приходят (in_deg=2, 28,971 KZT) и не уходят; depth=1≠4",1,False,2,0,28971.0,0.0,0.0,False,0.0002894987523363488,0.0,2
100000000978041100,peripheral,0.25,0,0.1304,"слабый сток in_deg=1, 44,445 KZT (ниже порога terminal)",1,False,1,0,44445.0,0.0,0.0,False,0.0002948977791116356,0.0,1
100000002603769100,terminal,0.56,1,0.3086,"деньги приходят (in_deg=3, 1,185,368 KZT) и не уходят; depth=1≠4",1,False,3,0,1185368.0,0.0,0.0,False,0.0005415388680707115,0.0,1
100000005034574100,terminal,0.4459,59,0.2889,"деньги приходят (in_deg=1, 258,816 KZT) и не уходят; depth=1≠4",1,False,1,0,258816.0,0.0,0.0,False,0.00042508668959388994,0.0,1
100000002958286100,terminal,0.4457,7,0.2863,"деньги приходят (in_deg=1, 257,000 KZT) и не уходят; depth=1≠4",1,False,1,0,257000.0,0.0,0.0,False,0.00031316938195490143,0.0,1
100000005634552100,peripheral,0.15,1,0.1277,нет выраженных признаков роли,1,False,1,3,25850.0,1196000.0,46.2669245647969,False,0.0002883486359009555,1.922024458454748e-05,1
100000008736760100,peripheral,0.25,0,0.1305,"слабый сток in_deg=1, 54,757 KZT (ниже порога terminal)",1,False,1,0,54757.0,0.0,0.0,False,0.0002970621471222212,0.0,1
100000008701944100,peripheral,0.25,51,0.1332,"слабый сток in_deg=1, 52,124 KZT (ниже порога terminal)",1,False,1,0,52124.0,0.0,0.0,False,0.0004115202535123909,0.0,1
100000008748408100,distributor,0.584,5,0.5051,"веер на 21 получателей (1,499,960 KZT), in_deg=1",1,False,1,21,360000.0,1499960.0,4.166555555555555,False,0.0003340545949423314,6.142552392999709e-06,1
100000008486520100,peripheral,0.15,3,0.1212,нет выраженных признаков роли,1,False,1,1,35720.0,14000.0,0.3919372900335946,False,0.0002894098390892636,1.922024458454748e-05,1
100000003163256100,transit,0.7275,3,0.3588,"pass-through=1.11: in=13,485 → out=15,000 KZT",1,False,1,1,13485.0,15000.0,1.1123470522803114,False,0.0002870191751690984,1.922024458454748e-05,1
100000003102157100,peripheral,0.25,1,0.1308,"слабый сток in_deg=1, 96,746 KZT (ниже порога terminal)",1,False,1,0,96746.0,0.0,0.0,False,0.00030372391555028635,0.0,1
100000004741837100,peripheral,0.25,3,0.1302,"слабый сток in_deg=1, 25,596 KZT (ниже порога terminal)",1,False,1,0,25596.0,0.0,0.0,False,0.00028832132631535974,0.0,1
100000008443341100,coordinator,0.88,1,0.5882,"связей с seed=1, betweenness=0.0004, in=2/out=3",1,False,2,3,34500.0,50000.0,1.4492753623188406,False,0.0006689699930486669,0.00035349398287456394,1
100000004792397100,peripheral,0.25,0,0.1307,"слабый сток in_deg=1, 73,520 KZT (ниже порога terminal)",1,False,1,0,73520.0,0.0,0.0,False,0.0003010002810421802,0.0,1
100000003809101100,peripheral,0.15,8,0.1253,нет выраженных признаков роли,1,False,2,2,166050.0,55200.0,0.3324299909665763,False,0.00036194707754243373,0.00012938989395576807,1
100000002838861100,consolidator,0.8464,7,0.6291,"получает от 5 плательщиков (554,524 KZT), отдаёт 1 (10,000 KZT)",1,False,5,1,554523.95,10000.0,0.018033486200190272,False,0.0021199186472606875,1.9418391435934565e-05,2
100000008560717100,consolidator,0.9005,4,0.5644,"получает от 7 плательщиков (529,000 KZT), отдаёт 1 (25,000 KZT)",1,False,7,1,529000.0,25000.0,0.04725897920604915,False,0.00033083415655521347,1.922024458454748e-05,1
100000008693069100,peripheral,0.25,0,0.1302,"слабый сток in_deg=1, 20,000 KZT (ниже порога terminal)",1,False,1,0,20000.0,0.0,0.0,False,0.0002897670599476747,0.0,1
100000008672162100,peripheral,0.25,0,0.1302,"слабый сток in_deg=1, 15,550 KZT (ниже порога terminal)",1,False,1,0,15550.0,0.0,0.0,False,0.00028883305707266447,0.0,1
100000007311010100,peripheral,0.15,2,0.1226,нет выраженных признаков роли,1,False,2,1,64480.0,20000.0,0.31017369727047145,False,0.00030935983624902813,2.3975769017837576e-05,1
100000005505655100,peripheral,0.15,27,0.1228,нет выраженных признаков роли,1,False,2,1,33070.0,20000.0,0.6047777441790142,False,0.0003215080211255226,0.0002690834241836647,1
100000004707703100,coordinator,1.0,3,0.6627,"связей с seed=3, betweenness=0.0002, in=2/out=5",1,False,2,5,239300.0,231650.0,0.9680317592979524,False,0.0006355624384346359,0.0001666415020165405,3
100000004005964100,peripheral,0.15,24,0.1277,нет выраженных признаков роли,1,False,3,3,97900.0,72000.0,0.7354443309499489,False,0.00040452469148817284,2.774055919419224e-06,1
100000008244300100,consolidator,0.85,1,0.5582,"получает от 5 плательщиков (65,430 KZT), отдаёт 0 (0 KZT)",1,False,5,0,65430.0,0.0,0.0,False,0.0004793659147286669,0.0,1
100000002692044100,peripheral,0.25,10,0.1308,"слабый сток in_deg=1, 97,000 KZT (ниже порога terminal)",1,False,1,0,97000.0,0.0,0.0,False,0.0003016669344352737,0.0,1
100000001103905100,peripheral,0.25,0,0.1302,"слабый сток in_deg=1, 18,000 KZT (ниже порога terminal)",1,False,1,0,18000.0,0.0,0.0,False,0.0002893472833746364,0.0,1
100000008755361100,peripheral,0.25,0,0.1301,"слабый сток in_deg=1, 14,627 KZT (ниже порога terminal)",1,False,1,0,14627.0,0.0,0.0,False,0.00028863933018420727,0.0,1
100000002810870100,peripheral,0.25,0,0.1303,"слабый сток in_deg=1, 33,677 KZT (ниже порога terminal)",1,False,1,0,33677.0,0.0,0.0,False,0.0002926377020423973,0.0,1
100000005897462100,peripheral,0.25,8,0.1308,"слабый сток in_deg=1, 98,400 KZT (ниже порога terminal)",1,False,1,0,98400.0,0.0,0.0,False,0.00030049363949730454,0.0,1
100000000941942100,terminal,0.433,2,0.2845,"деньги приходят (in_deg=1, 130,000 KZT) и не уходят; depth=1≠4",1,False,1,0,130000.0,0.0,0.0,False,0.00031160003060637067,0.0,1
100000008723830100,transit,0.7479,3,0.3666,"pass-through=0.99: in=459,785 → out=455,000 KZT",1,False,2,1,459785.0,455000.0,0.9895929619278576,False,0.00034023098770657393,1.9616538287321655e-05,1
100000008776576100,peripheral,0.25,0,0.1301,"слабый сток in_deg=1, 14,765 KZT (ниже порога terminal)",1,False,1,0,14765.0,0.0,0.0,False,0.0002886682947677469,0.0,1
100000005432267100,terminal,0.475,2,0.2911,"деньги приходят (in_deg=2, 350,001 KZT) и не уходят; depth=1≠4",1,False,2,0,350001.0,0.0,0.0,False,0.00034233348585063317,0.0,1
100000006745291100,peripheral,0.25,8,0.1307,"слабый сток in_deg=1, 82,534 KZT (ниже порога terminal)",1,False,1,0,82534.0,0.0,0.0,False,0.00029808724049107805,0.0,1
100000008670667100,peripheral,0.25,0,0.1302,"слабый сток in_deg=1, 15,534 KZT (ниже порога terminal)",1,False,1,0,15534.0,0.0,0.0,False,0.00028882969886008015,0.0,1
100000002480800100,terminal,0.4969,2,0.3012,"деньги приходят (in_deg=2, 569,251 KZT) и не уходят; depth=1≠4",1,False,2,0,569251.0,0.0,0.0,False,0.0006410781031176439,0.0,1
100000002182176100,peripheral,0.25,1,0.1304,"слабый сток in_deg=1, 42,465 KZT (ниже порога terminal)",1,False,1,0,42465.0,0.0,0.0,False,0.00029353795436764016,0.0,1
100000008219168100,peripheral,0.25,5,0.1303,"слабый сток in_deg=1, 53,200 KZT (ниже порога terminal)",1,False,1,0,53200.0,0.0,0.0,False,0.00028861990131883385,0.0,1
100000004226848100,terminal,0.4502,2,0.2877,"деньги приходят (in_deg=1, 301,866 KZT) и не уходят; depth=1≠4",1,False,1,0,301866.0,0.0,0.0,False,0.00034601386553133583,0.0,1
100000006326645100,peripheral,0.25,0,0.1302,"слабый сток in_deg=1, 25,264 KZT (ниже порога terminal)",1,False,1,0,25264.0,0.0,0.0,False,0.0002908719118879116,0.0,1
100000003589877100,peripheral,0.15,12,0.1289,нет выраженных признаков роли,1,False,2,6,176000.0,416129.0,2.364369318181818,False,0.00030697515997142214,9.392160755747943e-05,1
100000003942602100,transit,0.75,0,0.3613,"pass-through=1.00: in=30,000 → out=30,000 KZT",1,False,1,1,30000.0,30000.0,1.0,False,0.00029186594281286634,0.0,1
100000000922570100,transit,0.7377,10,0.3602,"pass-through=1.06: in=47,101 → out=50,000 KZT",1,False,1,1,47101.0,50000.0,1.0615485870788306,False,0.00029338594320602534,1.981468513870874e-07,1
100000005079754100,peripheral,0.15,2,0.1228,нет выраженных признаков роли,1,False,1,2,70000.0,122000.0,1.7428571428571429,False,0.0002995858445806418,9.511048866580196e-05,1
100000003187359100,peripheral,0.25,0,0.1302,"слабый сток in_deg=1, 19,072 KZT (ниже порога terminal)",1,False,1,0,19072.0,0.0,0.0,False,0.00028957228361778495,0.0,1
100000000998559100,terminal,0.43,2,0.2839,"деньги приходят (in_deg=1, 100,000 KZT) и не уходят; depth=1≠4",1,False,1,0,100000.0,0.0,0.0,False,0.00030559293759350624,0.0,1
100000008690932100,peripheral,0.25,0,0.1302,"слабый сток in_deg=1, 23,000 KZT (ниже порога terminal)",1,False,1,0,23000.0,0.0,0.0,False,0.0002903967248072322,0.0,1
100000008773876100,peripheral,0.25,0,0.1303,"слабый сток in_deg=1, 26,120 KZT (ниже порога terminal)",1,False,1,0,26120.0,0.0,0.0,False,0.000291051576261172,0.0,1
100000006789108100,peripheral,0.25,8,0.1303,"слабый сток in_deg=1, 37,500 KZT (ниже порога terminal)",1,False,1,0,37500.0,0.0,0.0,False,0.00029125692580266233,0.0,1
100000004058740100,peripheral,0.25,0,0.1303,"слабый сток in_deg=1, 30,000 KZT (ниже порога terminal)",1,False,1,0,30000.0,0.0,0.0,False,0.00029186594281286634,0.0,1
100000007641801100,terminal,0.44,5,0.2851,"деньги приходят (in_deg=1, 200,000 KZT) и не уходят; depth=1≠4",1,False,1,0,200000.0,0.0,0.0,False,0.0002970377419674507,0.0,1
100000000555721100,terminal,0.4513,1,0.287,"деньги приходят (in_deg=2, 113,000 KZT) и не уходят; depth=1≠4",1,False,2,0,113000.0,0.0,0.0,False,0.0003080919617958144,0.0,1
100000008729801100,peripheral,0.25,0,0.1302,"слабый сток in_deg=1, 17,534 KZT (ниже порога terminal)",1,False,1,0,17534.0,0.0,0.0,False,0.0002892494754331185,0.0,1
100000004664905100,terminal,0.4729,3,0.2925,"деньги приходят (in_deg=2, 329,020 KZT) и не уходят; depth=1≠4",1,False,2,0,329020.0,0.0,0.0,False,0.00041184396684263347,0.0,1
100000003057225100,terminal,0.4436,3,0.286,"деньги приходят (in_deg=1, 236,000 KZT) и не уходят; depth=1≠4",1,False,1,0,236000.0,0.0,0.0,False,0.00031094355484958164,0.0,1
100000000703902100,peripheral,0.25,0,0.1302,"слабый сток in_deg=1, 25,499 KZT (ниже порога terminal)",1,False,1,0,25499.0,0.0,0.0,False,0.0002909212356352436,0.0,1
100000008720798100,peripheral,0.25,0,0.1302,"слабый сток in_deg=1, 15,534 KZT (ниже порога terminal)",1,False,1,0,15534.0,0.0,0.0,False,0.00028882969886008015,0.0,1
100000001411870100,terminal,0.53,5,0.3021,"деньги приходят (in_deg=2, 900,000 KZT) и не уходят; depth=1≠4",1,False,2,0,900000.0,0.0,0.0,False,0.0004780448174649537,0.0,1
100000008556318100,terminal,0.458,2,0.2938,"деньги приходят (in_deg=2, 180,132 KZT) и не уходят; depth=1≠4",1,False,2,0,180132.0,0.0,0.0,False,0.0005605041030696618,0.0,1
100000002720627100,terminal,0.4399,8,0.2855,"деньги приходят (in_deg=1, 199,300 KZT) и не уходят; depth=1≠4",1,False,1,0,199300.0,0.0,0.0,False,0.0003157971602163422,0.0,1
100000003022835100,terminal,0.4325,2,0.2844,"деньги приходят (in_deg=1, 125,000 KZT) и не уходят; depth=1≠4",1,False,1,0,125000.0,0.0,0.0,False,0.00031059884843755994,0.0,1
100000008304115100,peripheral,0.25,10,0.1304,"слабый сток in_deg=1, 51,000 KZT (ниже порога terminal)",1,False,1,0,51000.0,0.0,0.0,False,0.0002940330019607667,0.0,1
100000003886323100,peripheral,0.15,3,0.1575,нет выраженных признаков роли,1,False,2,1,78168.0,7650.0,0.09786613447958244,False,0.0018048414724057037,1.922024458454748e-05,1
100000000607731100,peripheral,0.15,29,0.122,нет выраженных признаков роли,1,False,1,1,20000.0,66666.0,3.3333,False,0.00031753584489255926,5.944405541612623e-07,1
100000005961971100,peripheral,0.25,0,0.1304,"слабый сток in_deg=1, 47,353 KZT (ниже порога terminal)",1,False,1,0,47353.0,0.0,0.0,False,0.0002955081342488333,0.0,1
100000000440392100,terminal,0.4306,3,0.2838,"деньги приходят (in_deg=1, 105,705 KZT) и не уходят; depth=1≠4",1,False,1,0,105705.0,0.0,0.0,False,0.0002969344900653264,0.0,1
100000004105288100,terminal,0.4615,2,0.2921,"деньги приходят (in_deg=2, 215,000 KZT) и не уходят; depth=1≠4",1,False,2,0,215000.0,0.0,0.0,False,0.0004630401380988297,0.0,1
100000008169544100,peripheral,0.15,3,0.1545,нет выраженных признаков роли,1,False,1,4,137104.0,42800.0,0.31217178200490137,False,0.00030031044942800976,1.9022097733160393e-05,2
100000004186824100,peripheral,0.15,3,0.1259,нет выраженных признаков роли,1,False,2,1,451700.0,7000.0,0.015497011290679655,False,0.0003819271547747415,0.00018328583753305587,1
100000008672200100,peripheral,0.25,0,0.1301,"слабый сток in_deg=1, 8,511 KZT (ниже порога terminal)",1,False,1,0,8511.0,0.0,0.0,False,0.0002873556534238561,0.0,1
100000002188829100,terminal,0.46,2,0.2896,"деньги приходят (in_deg=1, 400,000 KZT) и не уходят; depth=1≠4",1,False,1,0,400000.0,0.0,0.0,False,0.0003656638677221504,0.0,1
100000008717341100,peripheral,0.25,0,0.1301,"слабый сток in_deg=1, 14,627 KZT (ниже порога terminal)",1,False,1,0,14627.0,0.0,0.0,False,0.00028863933018420727,0.0,1
100000002214301100,peripheral,0.15,1,0.1211,нет выраженных признаков роли,1,False,1,1,21438.0,8000.0,0.373169138912212,False,0.0002895921868654294,9.610122292273739e-05,1
100000002565277100,terminal,0.4683,2,0.2911,"деньги приходят (in_deg=1, 483,319 KZT) и не уходят; depth=1≠4",1,False,1,0,483319.0,0.0,0.0,False,0.0003823473671467787,0.0,1
100000005546031100,peripheral,0.15,42,0.1328,нет выраженных признаков роли,1,False,3,1,66800.0,8000.0,0.11976047904191617,False,0.0007125289535173759,5.944405541612623e-07,1
100000003449074100,peripheral,0.25,1,0.1301,"слабый сток in_deg=1, 10,000 KZT (ниже порога terminal)",1,False,1,0,10000.0,0.0,0.0,False,0.00028744581844909387,0.0,1
100000008748914100,distributor,0.552,2,0.5483,"веер на 13 получателей (4,471,847 KZT), in_deg=2",1,False,2,13,180000.0,4471847.0,24.843594444444445,False,0.0007908267344260687,0.0006406087705344536,2
100000004744306100,peripheral,0.15,20,0.1565,нет выраженных признаков роли,1,False,1,2,69000.0,92000.0,1.3333333333333333,False,0.00046077699668254296,3.923307657464331e-05,2
100000003158727100,terminal,0.4968,5,0.2936,"деньги приходят (in_deg=3, 367,940 KZT) и не уходят; depth=1≠4",1,False,3,0,367940.0,0.0,0.0,False,0.0003141291273527469,0.0,1
100000001389255100,peripheral,0.25,0,0.1302,"слабый сток in_deg=1, 16,136 KZT (ниже порога terminal)",1,False,1,0,16136.0,0.0,0.0,False,0.0002889560516085647,0.0,1
100000008695495100,peripheral,0.25,0,0.1302,"слабый сток in_deg=1, 21,000 KZT (ниже порога terminal)",1,False,1,0,21000.0,0.0,0.0,False,0.0002899769482341939,0.0,1
100000004015047100,consolidator,0.9549,5,0.6788,"получает от 9 плательщиков (919,104 KZT), отдаёт 1 (69,195 KZT)",1,False,9,1,919104.0,69195.0,0.07528527783580531,False,0.0022785971106508733,1.446472015125738e-05,3
100000005183943100,terminal,0.4881,40,0.2993,"деньги приходят (in_deg=1, 680,900 KZT) и не уходят; depth=1≠4",1,False,1,0,680900.0,0.0,0.0,False,0.0006108393603081358,0.0,1
100000003004487100,coordinator,0.88,30,0.5831,"связей с seed=1, betweenness=0.0002, in=4/out=2",1,False,4,2,183702.8,265015.0,1.4426290726107605,False,0.0003508724817163434,0.00019279688639963605,1
100000003042994100,terminal,0.4486,3,0.2868,"деньги приходят (in_deg=1, 286,086 KZT) и не уходят; depth=1≠4",1,False,1,0,286086.0,0.0,0.0,False,0.00031632870407851755,0.0,1
100000001899164100,peripheral,0.15,10,0.1474,нет выраженных признаков роли,1,False,4,3,291675.0,76500.0,0.2622782206222679,False,0.00117656200955105,0.00012661583803634885,1
100000003946524100,transit,0.7336,2,0.363,"pass-through=1.08: in=133,757 → out=144,750 KZT",1,False,2,2,133757.0,144750.0,1.0821863528637754,False,0.00032606057588892095,0.0001194825513864137,1
100000008717340100,peripheral,0.25,0,0.1304,"слабый сток in_deg=1, 41,500 KZT (ниже порога terminal)",1,False,1,0,41500.0,0.0,0.0,False,0.00029427965810783666,0.0,1
100000003831324100,terminal,0.47,5,0.2898,"деньги приходят (in_deg=2, 300,000 KZT) и не уходят; depth=1≠4",1,False,2,0,300000.0,0.0,0.0,False,0.00031519260326985757,0.0,1
100000008129393100,peripheral,0.25,45,0.1307,"слабый сток in_deg=1, 10,000 KZT (ниже порога terminal)",1,False,1,0,10000.0,0.0,0.0,False,0.0003116981820260498,0.0,1
100000004388209100,peripheral,0.25,0,0.1301,"слабый сток in_deg=1, 11,800 KZT (ниже порога terminal)",1,False,1,0,11800.0,0.0,0.0,False,0.00028804597599821764,0.0,1
100000000706545100,peripheral,0.15,3,0.196,нет выраженных признаков роли,1,False,3,1,1070300.0,75800.0,0.07082126506586939,False,0.003226626040496735,1.9616538287321655e-05,1
100000004497606100,peripheral,0.25,0,0.1302,"слабый сток in_deg=1, 15,534 KZT (ниже порога terminal)",1,False,1,0,15534.0,0.0,0.0,False,0.00028882969886008015,0.0,1
100000008470470100,peripheral,0.25,0,0.1303,"слабый сток in_deg=1, 33,547 KZT (ниже порога terminal)",1,False,1,0,33547.0,0.0,0.0,False,0.0002926104165651498,0.0,1
100000004318918100,peripheral,0.25,8,0.1306,"слабый сток in_deg=1, 75,600 KZT (ниже порога terminal)",1,False,1,0,75600.0,0.0,0.0,False,0.00029703555949339906,0.0,1
100000005228059100,peripheral,0.25,0,0.1303,"слабый сток in_deg=1, 26,000 KZT (ниже порога terminal)",1,False,1,0,26000.0,0.0,0.0,False,0.0002910263896667897,0.0,1
100000001609499100,peripheral,0.15,1,0.1254,нет выраженных признаков роли,1,False,3,2,263113.0,21000.0,0.07981361620292422,False,0.0003209139565492536,0.0,1
100000002824176100,terminal,0.4344,5,0.2853,"деньги приходят (in_deg=1, 144,000 KZT) и не уходят; depth=1≠4",1,False,1,0,144000.0,0.0,0.0,False,0.000338598157500587,0.0,1
100000001363952100,peripheral,0.15,6,0.1234,нет выраженных признаков роли,1,False,2,1,196655.0,91000.0,0.4627393150441128,False,0.00030709529312419095,1.922024458454748e-05,1
100000001049200100,coordinator,0.88,18,0.5805,"связей с seed=1, betweenness=0.0017, in=2/out=4",1,False,2,4,76624.0,36000.0,0.46982668615577367,False,0.0002982913003271405,0.0016626502299890505,1
100000002662768100,peripheral,0.25,2,0.1309,"слабый сток in_deg=1, 84,300 KZT (ниже порога terminal)",1,False,1,0,84300.0,0.0,0.0,False,0.0003064555955058249,0.0,1
100000004737477100,transit,0.7133,1,0.3586,"pass-through=0.82: in=49,598 → out=40,500 KZT",1,False,2,1,49598.0,40500.0,0.8165651840800032,False,0.0002923193048489319,1.922024458454748e-05,1
100000008680451100,peripheral,0.25,0,0.1302,"слабый сток in_deg=1, 23,534 KZT (ниже порога terminal)",1,False,1,0,23534.0,0.0,0.0,False,0.00029050880515223344,0.0,1
100000001952325100,peripheral,0.25,0,0.1307,"слабый сток in_deg=1, 77,888 KZT (ниже порога terminal)",1,False,1,0,77888.0,0.0,0.0,False,0.0003019170730776959,0.0,1
100000008751429100,peripheral,0.15,39,0.1529,нет выраженных признаков роли,1,False,3,1,386200.0,72600.0,0.1879854997410668,False,0.0015043129924041112,0.0,1
100000001960517100,terminal,0.44,5,0.2866,"деньги приходят (in_deg=1, 200,000 KZT) и не уходят; depth=1≠4",1,False,1,0,200000.0,0.0,0.0,False,0.0003592204932218686,0.0,1
100000008686234100,peripheral,0.25,1,0.1304,"слабый сток in_deg=1, 39,778 KZT (ниже порога terminal)",1,False,1,0,39778.0,0.0,0.0,False,0.00029303373230655486,0.0,1
100000004213658100,peripheral,0.25,0,0.1302,"слабый сток in_deg=1, 25,347 KZT (ниже порога terminal)",1,False,1,0,25347.0,0.0,0.0,False,0.00029088933261569265,0.0,1
100000001194266100,peripheral,0.25,2,0.1305,"слабый сток in_deg=1, 50,000 KZT (ниже порога terminal)",1,False,1,0,50000.0,0.0,0.0,False,0.0002955811159053989,0.0,1
100000002243354100,peripheral,0.25,0,0.1302,"слабый сток in_deg=1, 20,879 KZT (ниже порога terminal)",1,False,1,0,20879.0,0.0,0.0,False,0.00028995155175152505,0.0,1
100000006069103100,transit,0.714,3,0.383,"pass-through=1.18: in=228,818 → out=270,000 KZT",1,False,3,3,228818.0,270000.0,1.1799770997036947,False,0.0011516310982681742,5.805702745641661e-05,1
100000002760175100,terminal,0.4387,8,0.2853,"деньги приходят (in_deg=1, 187,410 KZT) и не уходят; depth=1≠4",1,False,1,0,187410.0,0.0,0.0,False,0.0003139938018283406,0.0,1
100000003567087100,peripheral,0.25,0,0.1306,"слабый сток in_deg=1, 62,115 KZT (ниже порога terminal)",1,False,1,0,62115.0,0.0,0.0,False,0.00029860650513442917,0.0,1
100000008229700100,peripheral,0.15,10,0.1211,нет выраженных признаков роли,1,False,1,1,23500.0,7200.0,0.30638297872340425,False,0.00028946923798144183,1.981468513870874e-07,1
100000004076740100,coordinator,0.88,19,0.5938,"связей с seed=1, betweenness=0.0004, in=3/out=6",1,False,3,6,93250.0,125000.0,1.3404825737265416,False,0.0007414546780411369,0.00040521031108659375,1
100000003284932100,peripheral,0.25,2,0.1306,"слабый сток in_deg=1, 69,925 KZT (ниже порога terminal)",1,False,1,0,69925.0,0.0,0.0,False,0.00029957082684810965,0.0,1
100000008071620100,peripheral,0.25,1,0.1304,"слабый сток in_deg=1, 46,968 KZT (ниже порога terminal)",1,False,1,0,46968.0,0.0,0.0,False,0.00029438295322922075,0.0,1
100000003235780100,terminal,0.4465,1,0.2859,"деньги приходят (in_deg=2, 65,000 KZT) и не уходят; depth=1≠4",1,False,2,0,65000.0,0.0,0.0,False,0.0002912000789176462,0.0,1
100000005363908100,transit,0.75,42,0.3623,"pass-through=1.00: in=19,500 → out=19,500 KZT",1,False,1,1,19500.0,19500.0,1.0,False,0.0003385171206244077,0.0,1
100000001851289100,terminal,0.431,3,0.2838,"деньги приходят (in_deg=1, 109,510 KZT) и не уходят; depth=1≠4",1,False,1,0,109510.0,0.0,0.0,False,0.0002973435962589953,0.0,1
100000002870937100,peripheral,0.25,5,0.1305,"слабый сток in_deg=1, 83,700 KZT (ниже порога terminal)",1,False,1,0,83700.0,0.0,0.0,False,0.00029036883960073317,0.0,1
100000002152857100,coordinator,0.88,5,0.5856,"связей с seed=1, betweenness=0.0003, in=1/out=5",1,False,1,5,105000.0,1230000.0,11.714285714285714,False,0.00029971084026209484,0.00031465720000269483,1
100000002600345100,terminal,0.4452,3,0.2858,"деньги приходят (in_deg=2, 52,400 KZT) и не уходят; depth=1≠4",1,False,2,0,52400.0,0.0,0.0,False,0.00029572053084311694,0.0,1
100000002580377100,peripheral,0.15,3,0.1211,нет выраженных признаков роли,1,False,1,1,37750.0,5000.0,0.13245033112582782,False,0.00028962810073792267,1.922024458454748e-05,1
100000004094958100,transit,0.7449,42,0.3632,"pass-through=1.03: in=39,000 → out=40,000 KZT",1,False,1,1,39000.0,40000.0,1.0256410256410255,False,0.00039146494703152384,1.981468513870874e-07,1
100000002609774100,peripheral,0.15,9,0.121,нет выраженных признаков роли,1,False,1,1,7700.0,27500.0,3.5714285714285716,False,0.0002863971832294468,0.0003245645425720492,1
100000002596035100,terminal,0.4432,8,0.2861,"деньги приходят (in_deg=1, 231,570 KZT) и не уходят; depth=1≠4",1,False,1,0,231570.0,0.0,0.0,False,0.00032069155678327325,0.0,1
100000004664515100,peripheral,0.25,1,0.1303,"слабый сток in_deg=1, 37,691 KZT (ниже порога terminal)",1,False,1,0,37691.0,0.0,0.0,False,0.00029264210169937773,0.0,1
100000000661912100,consolidator,0.65,1,0.5727,"получает от 5 плательщиков (393,036 KZT), отдаёт 2 (430,700 KZT)",1,False,5,2,393036.0,430700.0,1.0958283719557496,False,0.0017491597591117601,0.0012608084153760371,1
100000004144536100,terminal,0.4968,24,0.3089,"деньги приходят (in_deg=4, 168,000 KZT) и не уходят; depth=1≠4",1,False,4,0,168000.0,0.0,0.0,False,0.0009685966718954061,0.0,1
100000006177176100,peripheral,0.25,3,0.1301,"слабый сток in_deg=1, 8,911 KZT (ниже порога terminal)",1,False,1,0,8911.0,0.0,0.0,False,0.00028652738759226754,0.0,1
100000002158488100,peripheral,0.25,0,0.1303,"слабый сток in_deg=1, 31,723 KZT (ниже порога terminal)",1,False,1,0,31723.0,0.0,0.0,False,0.0002922275803305388,0.0,1
100000000041368100,terminal,0.436,2,0.285,"деньги приходят (in_deg=1, 160,000 KZT) и не уходят; depth=1≠4",1,False,1,0,160000.0,0.0,0.0,False,0.00031760712361923504,0.0,1
100000008722328100,peripheral,0.25,0,0.1302,"слабый сток in_deg=1, 23,677 KZT (ниже порога terminal)",1,False,1,0,23677.0,0.0,0.0,False,0.0002905388191772057,0.0,1
100000008735384100,peripheral,0.25,0,0.1304,"слабый сток in_deg=1, 39,220 KZT (ниже порога terminal)",1,False,1,0,39220.0,0.0,0.0,False,0.00029380111281457295,0.0,1
100000004480280100,peripheral,0.15,2,0.1542,нет выраженных признаков роли,1,False,1,2,146694.0,295850.0,2.0167832358515003,False,0.0003149427776315959,2.892944030251476e-05,2
100000004286573100,peripheral,0.25,10,0.1301,"слабый сток in_deg=1, 16,590 KZT (ниже порога terminal)",1,False,1,0,16590.0,0.0,0.0,False,0.00028832248855972787,0.0,1
100000001746925100,peripheral,0.15,2,0.1215,нет выраженных признаков роли,1,False,1,1,65250.0,5000.0,0.07662835249042145,False,0.00029863472152027163,0.00011888811083225245,1
100000001660397100,coordinator,0.88,6,0.5795,"связей с seed=1, betweenness=0.0006, in=2/out=3",1,False,2,3,48600.0,49000.0,1.008230452674897,False,0.0002951523346277195,0.000568879610332328,1
100000002591469100,terminal,0.4436,5,0.2857,"деньги приходят (in_deg=1, 235,670 KZT) и не уходят; depth=1≠4",1,False,1,0,235670.0,0.0,0.0,False,0.00029908313962369163,0.0,1
100000002731501100,peripheral,0.15,24,0.1382,нет выраженных признаков роли,1,False,3,7,570370.0,833960.0,1.4621386117783193,False,0.0004855839777590136,6.538846095773885e-06,1
100000000089154100,distributor,0.56,1,0.5206,"веер на 15 получателей (425,500 KZT), in_deg=1",1,False,1,15,10000.0,425500.0,42.55,False,0.00028744581844909387,0.0003919344720436589,2
100000008732098100,peripheral,0.25,0,0.1302,"слабый сток in_deg=1, 15,677 KZT (ниже порога terminal)",1,False,1,0,15677.0,0.0,0.0,False,0.0002888597128850524,0.0,1
100000005456919100,peripheral,0.15,39,0.1491,нет выраженных признаков роли,1,False,2,1,479950.0,5000.0,0.010417751849150954,False,0.00137002747804286,0.0,1
100000000507799100,peripheral,0.15,35,0.1209,нет выраженных признаков роли,1,False,1,1,5132.0,8000.0,1.558846453624318,False,0.00028612107686799035,0.00011532146750728487,1
100000008716439100,peripheral,0.25,0,0.1301,"слабый сток in_deg=1, 12,267 KZT (ниже порога terminal)",1,False,1,0,12267.0,0.0,0.0,False,0.0002881439938280221,0.0,1
100000002981527100,terminal,0.4368,7,0.2848,"деньги приходят (in_deg=1, 168,000 KZT) и не уходят; depth=1≠4",1,False,1,0,168000.0,0.0,0.0,False,0.00030361137491736334,0.0,1
100000002844652100,peripheral,0.25,5,0.1304,"слабый сток in_deg=1, 61,360 KZT (ниже порога terminal)",1,False,1,0,61360.0,0.0,0.0,False,0.00028908781398704036,0.0,1
100000002605548100,terminal,0.4517,8,0.2872,"деньги приходят (in_deg=2, 116,695 KZT) и не уходят; depth=1≠4",1,False,2,0,116695.0,0.0,0.0,False,0.0003143213711267551,0.0,1
100000002750956100,peripheral,0.25,1,0.1304,"слабый сток in_deg=1, 47,416 KZT (ниже порога terminal)",1,False,1,0,47416.0,0.0,0.0,False,0.0002944670215148055,0.0,1
100000002982252100,peripheral,0.25,0,0.1302,"слабый сток in_deg=1, 20,320 KZT (ниже порога terminal)",1,False,1,0,20320.0,0.0,0.0,False,0.00028983422419936084,0.0,1
100000000961900100,terminal,0.4436,1,0.2856,"деньги приходят (in_deg=2, 36,000 KZT) и не уходят; depth=1≠4",1,False,2,0,36000.0,0.0,0.0,False,0.0002943204405632651,0.0,1
100000007175718100,peripheral,0.25,38,0.1305,"слабый сток in_deg=1, 20,000 KZT (ниже порога terminal)",1,False,1,0,20000.0,0.0,0.0,False,0.00030318655842831557,0.0,1
100000002306369100,peripheral,0.15,2,0.1268,нет выраженных признаков роли,1,False,1,6,73166.0,260900.0,3.5658639258672062,False,0.0002992990714116965,1.9022097733160393e-05,1
100000000667713100,coordinator,0.96,3,0.6211,"связей с seed=2, betweenness=0.0003, in=2/out=6",1,False,2,6,119495.0,79236.0,0.663090505878907,False,0.0003201059721320326,0.0003257534236803717,2
100000001072022100,terminal,0.56,2,0.3098,"деньги приходят (in_deg=3, 1,684,000 KZT) и не уходят; depth=1≠4",1,False,3,0,1684000.0,0.0,0.0,False,0.0005021346766292367,0.0,1
100000008116374100,peripheral,0.25,3,0.1302,"слабый сток in_deg=1, 31,284 KZT (ниже порога terminal)",1,False,1,0,31284.0,0.0,0.0,False,0.00028893288900381934,0.0,1
100000000703894100,peripheral,0.15,29,0.126,нет выраженных признаков роли,1,False,1,1,120000.0,35000.0,0.2916666666666667,False,0.00047736859826889817,5.944405541612623e-07,1
100000008066326100,peripheral,0.25,1,0.1302,"слабый сток in_deg=1, 19,320 KZT (ниже порога terminal)",1,False,1,0,19320.0,0.0,0.0,False,0.0002891947390331336,0.0,1
100000004662806100,peripheral,0.15,10,0.1237,нет выраженных признаков роли,1,False,2,2,106585.0,59900.0,0.5619927757189098,False,0.0003054497662482035,3.883678287186913e-05,1
100000005778283100,terminal,0.5216,5,0.33,"деньги приходят (in_deg=3, 615,760 KZT) и не уходят; depth=1≠4",1,False,3,0,615760.0,0.0,0.0,False,0.00043758405542756844,0.0,2
100000004408683100,terminal,0.4513,3,0.2888,"деньги приходят (in_deg=2, 112,920 KZT) и не уходят; depth=1≠4",1,False,2,0,112919.68,0.0,0.0,False,0.0003853143295881913,0.0,1
100000002704875100,terminal,0.4845,6,0.2919,"деньги приходят (in_deg=3, 244,891 KZT) и не уходят; depth=1≠4",1,False,3,0,244891.0,0.0,0.0,False,0.0003150737954997637,0.0,1
100000008349675100,peripheral,0.15,5,0.1213,нет выраженных признаков роли,1,False,1,1,46520.0,36650.0,0.7878331900257953,False,0.00028823685516397857,1.981468513870874e-07,1
100000006889963100,peripheral,0.15,4,0.1645,нет выраженных признаков роли,1,False,4,1,1431000.0,443475.8,0.30990621942697416,False,0.0004272604441628678,2.5164650126160102e-05,2
100000008771819100,peripheral,0.25,0,0.1304,"слабый сток in_deg=1, 38,900 KZT (ниже порога terminal)",1,False,1,0,38900.0,0.0,0.0,False,0.0002937339485628869,0.0,1
100000008586731100,peripheral,0.25,10,0.1301,"слабый сток in_deg=1, 12,000 KZT (ниже порога terminal)",1,False,1,0,12000.0,0.0,0.0,False,0.0002875607548628151,0.0,1
100000005844459100,terminal,0.4643,1,0.2895,"деньги приходят (in_deg=2, 243,400 KZT) и не уходят; depth=1≠4",1,False,2,0,243400.0,0.0,0.0,False,0.00033808255774742807,0.0,1
100000008172352100,coordinator,0.88,22,0.5868,"связей с seed=1, betweenness=0.0002, in=3/out=7",1,False,3,7,90265.0,289510.0,3.207333961114496,False,0.00037526567278554473,0.00019636352972460364,1
100000001162560100,distributor,0.548,7,0.4993,"веер на 12 получателей (2,904,398 KZT), in_deg=1",1,False,1,12,331300.0,2904398.0,8.76667069121642,False,0.0003211487069311832,1.7833216624837866e-06,1
100000008779584100,peripheral,0.25,0,0.1303,"слабый сток in_deg=1, 31,400 KZT (ниже порога terminal)",1,False,1,0,31400.0,0.0,0.0,False,0.0002921597864139931,0.0,1
100000007631637100,peripheral,0.25,0,0.1302,"слабый сток in_deg=1, 15,341 KZT (ниже порога terminal)",1,False,1,0,15341.0,0.0,0.0,False,0.00028878919042078197,0.0,1
100000007347733100,peripheral,0.25,45,0.1315,"слабый сток in_deg=1, 23,007 KZT (ниже порога terminal)",1,False,1,0,23007.0,0.0,0.0,False,0.0003456840263989016,0.0,1
100000001463701100,terminal,0.5021,8,0.3004,"деньги приходят (in_deg=2, 621,000 KZT) и не уходят; depth=1≠4",1,False,2,0,621000.0,0.0,0.0,False,0.0005722109368497146,0.0,1
100000008664469100,peripheral,0.25,2,0.1302,"слабый сток in_deg=1, 25,000 KZT (ниже порога terminal)",1,False,1,0,25000.0,0.0,0.0,False,0.00029057520506134524,0.0,1
100000003923946100,peripheral,0.15,5,0.1298,нет выраженных признаков роли,1,False,1,4,282000.0,675000.0,2.393617021276596,False,0.00038941748481374517,2.1796153652579613e-06,1
100000006562026100,terminal,0.4475,45,0.3253,"деньги приходят (in_deg=2, 75,000 KZT) и не уходят; depth=1≠4",1,False,2,0,75000.0,0.0,0.0,False,0.0006853595679127588,0.0,2
100000008776298100,peripheral,0.25,0,0.1304,"слабый сток in_deg=1, 42,800 KZT (ниже порога terminal)",1,False,1,0,42800.0,0.0,0.0,False,0.0002945525128803116,0.0,1
100000006446271100,terminal,0.448,2,0.2867,"деньги приходят (in_deg=2, 80,000 KZT) и не уходят; depth=1≠4",1,False,2,0,80000.0,0.0,0.0,False,0.0003139136962099023,0.0,1
100000004588479100,terminal,0.4378,3,0.285,"деньги приходят (in_deg=1, 177,633 KZT) и не уходят; depth=1≠4",1,False,1,0,177633.0,0.0,0.0,False,0.00030466804861939146,0.0,1
100000002324543100,peripheral,0.25,7,0.1302,"слабый сток in_deg=1, 30,202 KZT (ниже порога terminal)",1,False,1,0,30202.0,0.0,0.0,False,0.00028881278779647947,0.0,1
100000007129492100,peripheral,0.15,8,0.1523,нет выраженных признаков роли,1,False,2,1,50990.0,37000.0,0.725632476956266,False,0.0002945171129254462,2.5164650126160102e-05,2
100000003877908100,peripheral,0.25,2,0.1304,"слабый сток in_deg=1, 40,000 KZT (ниже порога terminal)",1,False,1,0,40000.0,0.0,0.0,False,0.00029357875156777743,0.0,1
100000002748180100,peripheral,0.15,11,0.1297,нет выраженных признаков роли,1,False,1,8,9900.0,679743.0,68.66090909090909,False,0.0002872122492498485,8.52031460964476e-06,1
100000000945428100,peripheral,0.25,1,0.1308,"слабый сток in_deg=1, 89,629 KZT (ниже порога terminal)",1,False,1,0,89629.0,0.0,0.0,False,0.0003023883932545126,0.0,1
100000003115284100,consolidator,0.8921,8,0.632,"получает от 8 плательщиков (2,160,500 KZT), отдаёт 2 (517,000 KZT)",1,False,8,2,2160500.0,517000.0,0.23929645915297384,False,0.0015286375827955763,0.00012780471914467138,2
100000005394708100,peripheral,0.15,20,0.1526,нет выраженных признаков роли,1,False,1,1,26000.0,65000.0,2.5,False,0.00034517722457498833,1.981468513870874e-07,2
100000008747113100,terminal,0.4598,4,0.2882,"деньги приходят (in_deg=2, 197,801 KZT) и не уходят; depth=1≠4",1,False,2,0,197801.0,0.0,0.0,False,0.0003075191550600968,0.0,1
100000004491881100,peripheral,0.25,0,0.1302,"слабый сток in_deg=1, 17,144 KZT (ниже порога terminal)",1,False,1,0,17144.0,0.0,0.0,False,0.00028916761900137604,0.0,1
100000006008169100,peripheral,0.25,10,0.1306,"слабый сток in_deg=1, 70,000 KZT (ниже порога terminal)",1,False,1,0,70000.0,0.0,0.0,False,0.00029718614798284566,0.0,1
100000002681449100,peripheral,0.15,32,0.1237,нет выраженных признаков роли,1,False,2,2,94638.0,133000.0,1.4053551427544961,False,0.00029513975032030733,2.67498249372568e-05,1
100000002645609100,terminal,0.5347,1,0.2999,"деньги приходят (in_deg=4, 546,821 KZT) и не уходят; depth=1≠4",1,False,4,0,546820.6799999999,0.0,0.0,False,0.00035535788312599653,0.0,1
100000006369769100,peripheral,0.25,0,0.1304,"слабый сток in_deg=1, 40,000 KZT (ниже порога terminal)",1,False,1,0,40000.0,0.0,0.0,False,0.00029396482567805795,0.0,1
100000002173161100,terminal,0.56,3,0.3072,"деньги приходят (in_deg=3, 1,427,500 KZT) и не уходят; depth=1≠4",1,False,3,0,1427500.0,0.0,0.0,False,0.00043541469210334394,0.0,1
100000008686313100,consolidator,0.6,1,0.5488,"аккумулирует от 6 источников (1,912,716 KZT), далее out_deg=7",1,False,6,7,1912716.0,333800.0,0.17451623764322566,False,0.00046763290222869784,0.00033130153551921013,1
100000004692798100,peripheral,0.15,10,0.1607,нет выраженных признаков роли,1,False,2,1,240305.0,15000.0,0.06242067372713843,False,0.0019106511787003856,1.981468513870874e-07,1
100000002939838100,terminal,0.5171,3,0.2985,"деньги приходят (in_deg=3, 571,233 KZT) и не уходят; depth=1≠4",1,False,3,0,571233.0,0.0,0.0,False,0.0004000333621032986,0.0,1
100000003119550100,peripheral,0.25,0,0.1302,"слабый сток in_deg=1, 21,000 KZT (ниже порога terminal)",1,False,1,0,21000.0,0.0,0.0,False,0.0002899769482341939,0.0,1
100000004315838100,peripheral,0.15,2,0.1221,нет выраженных признаков роли,1,False,2,1,50000.0,18000.0,0.36,False,0.00029138543441319727,2.377762216645049e-05,1
100000002671806100,peripheral,0.25,10,0.1301,"слабый сток in_deg=1, 12,440 KZT (ниже порога terminal)",1,False,1,0,12440.0,0.0,0.0,False,0.0002876337750864843,0.0,1
100000008716222100,peripheral,0.25,0,0.1302,"слабый сток in_deg=1, 18,000 KZT (ниже порога terminal)",1,False,1,0,18000.0,0.0,0.0,False,0.0002893472833746364,0.0,1
100000005496254100,peripheral,0.25,1,0.1301,"слабый сток in_deg=1, 12,700 KZT (ниже порога terminal)",1,False,1,0,12700.0,0.0,0.0,False,0.00028795247999168047,0.0,1
100000004622227100,peripheral,0.15,1,0.1229,нет выраженных признаков роли,1,False,1,3,24931.0,19000.0,0.762103405398901,False,0.0002902476567795979,6.241625818693253e-05,1
100000000274067100,peripheral,0.15,5,0.1409,нет выраженных признаков роли,1,False,2,3,517704.0,2969000.0,5.734937338710924,False,0.00041370365128518823,1.1888811083225246e-06,1
100000008782056100,peripheral,0.25,0,0.1303,"слабый сток in_deg=1, 29,082 KZT (ниже порога terminal)",1,False,1,0,29082.0,0.0,0.0,False,0.00029167326536584177,0.0,1
100000006788200100,peripheral,0.15,5,0.1277,нет выраженных признаков роли,1,False,4,3,272155.8,64500.0,0.23699660268125833,False,0.00033716343435244325,9.709195717967283e-05,1
100000001164648100,terminal,0.4414,17,0.2852,"деньги приходят (in_deg=2, 13,660 KZT) и не уходят; depth=1≠4",1,False,2,0,13660.0,0.0,0.0,False,0.0002901425959753524,0.0,1
100000005133757100,terminal,0.4465,6,0.2861,"деньги приходят (in_deg=2, 65,000 KZT) и не уходят; depth=1≠4",1,False,2,0,65000.0,0.0,0.0,False,0.0002994107291929312,0.0,1
100000006445501100,peripheral,0.25,8,0.1307,"слабый сток in_deg=1, 91,000 KZT (ниже порога terminal)",1,False,1,0,91000.0,0.0,0.0,False,0.00029937128019779134,0.0,1
100000004390333100,peripheral,0.15,1,0.1611,нет выраженных признаков роли,1,False,2,9,64558.0,506500.0,7.845658167849066,False,0.0002952137898505766,2.615538438309554e-05,2
100000001641789100,peripheral,0.25,5,0.1349,"слабый сток in_deg=1, 17,826 KZT (ниже порога terminal)",1,False,1,0,17826.0,0.0,0.0,False,0.0004895828148678138,0.0,1
100000000968253100,peripheral,0.25,0,0.1302,"слабый сток in_deg=1, 15,000 KZT (ниже порога terminal)",1,False,1,0,15000.0,0.0,0.0,False,0.0002887176185150789,0.0,1
100000001527186100,terminal,0.4878,2,0.2948,"деньги приходят (in_deg=1, 678,000 KZT) и не уходят; depth=1≠4",1,False,1,0,678000.0,0.0,0.0,False,0.00042132959630802733,0.0,1
100000005852946100,peripheral,0.25,2,0.1302,"слабый сток in_deg=1, 23,746 KZT (ниже порога terminal)",1,False,1,0,23746.0,0.0,0.0,False,0.0002903241085734075,0.0,1
100000001530983100,distributor,0.544,3,0.5279,"веер на 11 получателей (1,829,538 KZT), in_deg=4",1,False,4,11,564158.0,1829538.0,3.24295321523403,False,0.0003560903099917636,0.0002867184939571155,2
100000008221543100,terminal,0.4942,15,0.2945,"деньги приходят (in_deg=2, 542,000 KZT) и не уходят; depth=1≠4",1,False,2,0,542000.0,0.0,0.0,False,0.00037148464522539806,0.0,1
100000001937767100,peripheral,0.15,14,0.1458,нет выраженных признаков роли,1,False,1,4,53000.0,1933000.0,36.471698113207545,False,0.0008921392815659775,4.5573775819030105e-05,1
100000002462183100,terminal,0.4308,38,0.2858,"деньги приходят (in_deg=1, 107,500 KZT) и не уходят; depth=1≠4",1,False,1,0,107500.0,0.0,0.0,False,0.0003802620893515455,0.0,1
100000001805543100,peripheral,0.25,3,0.1304,"слабый сток in_deg=1, 59,000 KZT (ниже порога terminal)",1,False,1,0,59000.0,0.0,0.0,False,0.000291912859375364,0.0,1
100000002606567100,peripheral,0.15,1,0.1212,нет выраженных признаков роли,1,False,1,1,14095.0,53000.0,3.7601986520042567,False,0.0002882142551220169,1.922024458454748e-05,1
100000007281639100,terminal,0.4617,3,0.2888,"деньги приходят (in_deg=2, 216,770 KZT) и не уходят; depth=1≠4",1,False,2,0,216770.0,0.0,0.0,False,0.0003235711404553914,0.0,1
100000002991079100,peripheral,0.15,3,0.1249,нет выраженных признаков роли,1,False,2,1,148900.0,11000.0,0.07387508394895903,False,0.0003951739742726755,1.981468513870874e-05,1
100000002847207100,peripheral,0.25,2,0.1304,"слабый сток in_deg=1, 46,243 KZT (ниже порога terminal)",1,False,1,0,46243.0,0.0,0.0,False,0.0002948288276237545,0.0,1
100000000011452100,peripheral,0.15,1,0.1276,нет выраженных признаков роли,1,False,3,1,110000.0,16685.0,0.1516818181818182,False,0.00047686402523264835,0.0,1
100000003148220100,peripheral,0.15,53,0.1367,нет выраженных признаков роли,1,False,1,2,5650.0,43400.0,7.68141592920354,False,0.0009182428014100991,3.962937027741748e-07,1
100000002479804100,peripheral,0.15,2,0.1223,нет выраженных признаков роли,1,False,1,2,46000.0,35300.0,0.7673913043478261,False,0.0002969663269488756,1.7833216624837866e-06,1
100000008745489100,peripheral,0.25,0,0.1305,"слабый сток in_deg=1, 55,539 KZT (ниже порога terminal)",1,False,1,0,55539.0,0.0,0.0,False,0.00029722627976227914,0.0,1
100000002289937100,peripheral,0.25,0,0.1302,"слабый сток in_deg=1, 20,000 KZT (ниже порога terminal)",1,False,1,0,20000.0,0.0,0.0,False,0.0002897670599476747,0.0,1
100000004679953100,coordinator,0.88,6,0.5825,"связей с seed=1, betweenness=0.0003, in=3/out=3",1,False,3,3,343538.0,34100.0,0.09926121709970949,False,0.0003342675529915229,0.00028533146599740586,1
100000003066385100,terminal,0.442,1,0.2853,"деньги приходят (in_deg=2, 20,000 KZT) и не уходят; depth=1≠4",1,False,2,0,20000.0,0.0,0.0,False,0.0002915397416936575,0.0,1
100000008744849100,peripheral,0.25,0,0.1304,"слабый сток in_deg=1, 44,445 KZT (ниже порога terminal)",1,False,1,0,44445.0,0.0,0.0,False,0.0002948977791116356,0.0,1
100000005093521100,peripheral,0.25,2,0.1301,"слабый сток in_deg=1, 15,200 KZT (ниже порога terminal)",1,False,1,0,15200.0,0.0,0.0,False,0.0002886128880104762,0.0,1
100000006518161100,transit,0.7494,3,0.3806,"pass-through=1.00: in=594,200 → out=595,899 KZT",1,False,3,2,594200.0,595899.0,1.002859306630764,False,0.0008108053328700473,5.785888060502952e-05,1
100000001126374100,peripheral,0.15,1,0.1258,нет выраженных признаков роли,1,False,4,2,182500.0,29200.0,0.16,False,0.00031350041044900446,3.923307657464331e-05,1
100000004509286100,peripheral,0.25,2,0.1304,"слабый сток in_deg=1, 40,000 KZT (ниже порога terminal)",1,False,1,0,40000.0,0.0,0.0,False,0.00029357875156777743,0.0,1
100000005056870100,peripheral,0.25,38,0.1305,"слабый сток in_deg=1, 20,000 KZT (ниже порога terminal)",1,False,1,0,20000.0,0.0,0.0,False,0.00030318655842831557,0.0,1
100000008708368100,peripheral,0.25,0,0.1302,"слабый сток in_deg=1, 23,677 KZT (ниже порога terminal)",1,False,1,0,23677.0,0.0,0.0,False,0.0002905388191772057,0.0,1
100000005895525100,terminal,0.432,38,0.2862,"деньги приходят (in_deg=1, 120,000 KZT) и не уходят; depth=1≠4",1,False,1,0,120000.0,0.0,0.0,False,0.0003912728794834355,0.0,1
100000008716773100,peripheral,0.25,0,0.1302,"слабый сток in_deg=1, 15,677 KZT (ниже порога terminal)",1,False,1,0,15677.0,0.0,0.0,False,0.0002888597128850524,0.0,1
100000002778085100,peripheral,0.25,3,0.1305,"слабый сток in_deg=1, 66,208 KZT (ниже порога terminal)",1,False,1,0,66208.0,0.0,0.0,False,0.00029268784950518416,0.0,1
100000007055802100,consolidator,0.8202,1,0.584,"получает от 6 плательщиков (2,024,999 KZT), отдаёт 1 (605,000 KZT)",1,False,6,1,2024999.0,605000.0,0.29876557963732325,False,0.0011819243661223139,0.0,1
100000003071930100,peripheral,0.15,7,0.126,нет выраженных признаков роли,1,False,3,1,477610.0,5000.0,0.010468792529469651,False,0.0003483674806474184,4.279971989961088e-05,1
100000002941114100,peripheral,0.15,8,0.158,нет выраженных признаков роли,1,False,2,1,128510.0,15000.0,0.11672243405182477,False,0.0018146321453408269,2.0607272544257092e-05,1
100000003888271100,peripheral,0.15,40,0.122,нет выраженных признаков роли,1,False,1,2,12177.0,25590.0,2.10150283321015,False,0.00029138632108583054,3.962937027741748e-07,1
100000007507343100,terminal,0.457,47,0.2956,"деньги приходят (in_deg=1, 370,000 KZT) и не уходят; depth=1≠4",1,False,1,0,370000.0,0.0,0.0,False,0.0006416178761806935,0.0,1
100000008002020100,peripheral,0.15,10,0.1215,нет выраженных признаков роли,1,False,1,1,73860.0,17000.0,0.23016517736257786,False,0.00029782673449048905,1.5851748110966993e-06,1
100000001872484100,peripheral,0.15,52,0.1748,нет выраженных признаков роли,1,False,1,3,871400.0,514580.0,0.5905210006885472,False,0.002273978764924576,5.944405541612623e-07,1
100000008769636100,peripheral,0.25,0,0.1302,"слабый сток in_deg=1, 23,118 KZT (ниже порога terminal)",1,False,1,0,23118.0,0.0,0.0,False,0.0002904214916250415,0.0,1
100000004135268100,transit,0.7115,47,0.4029,"pass-through=0.81: in=1,239,000 → out=1,000,200 KZT",1,False,2,3,1239000.0,1000200.0,0.8072639225181598,False,0.001740527342257777,1.1888811083225246e-06,1
100000005316708100,peripheral,0.15,5,0.1534,нет выраженных признаков роли,1,False,1,2,90000.0,257500.0,2.861111111111111,False,0.00029769061939855147,1.5851748110966993e-06,2
100000008671929100,peripheral,0.25,2,0.1307,"слабый сток in_deg=1, 75,000 KZT (ниже порога terminal)",1,False,1,0,75000.0,0.0,0.0,False,0.0003005870267494526,0.0,1
100000005287097100,coordinator,0.96,3,0.6258,"связей с seed=2, betweenness=0.0005, in=2/out=9",1,False,2,9,127173.0,697300.0,5.483082100760382,False,0.0003027074338818198,0.0004644562196513329,2
100000007283257100,terminal,0.4392,59,0.2872,"деньги приходят (in_deg=1, 192,000 KZT) и не уходят; depth=1≠4",1,False,1,0,192000.0,0.0,0.0,False,0.0003890688456836108,0.0,1
100000004847758100,distributor,0.56,1,0.5242,"веер на 15 получателей (488,800 KZT), in_deg=4",1,False,4,15,115171.0,488800.0,4.244123954815014,False,0.000304742248346785,0.0015080956859071222,2
100000008737422100,peripheral,0.25,0,0.1307,"слабый сток in_deg=1, 76,903 KZT (ниже порога terminal)",1,False,1,0,76903.0,0.0,0.0,False,0.0003017103331154745,0.0,1
100000008555918100,peripheral,0.15,2,0.1231,нет выраженных признаков роли,1,False,1,2,139211.0,43300.0,0.3110386391879952,False,0.0003134444083977538,4.755524433290098e-05,1
100000008094734100,terminal,0.5036,1,0.3253,"деньги приходят (in_deg=4, 236,249 KZT) и не уходят; depth=1≠4",1,False,4,0,236249.0,0.0,0.0,False,0.00034413600318898433,0.0,2
100000006952718100,peripheral,0.25,3,0.1305,"слабый сток in_deg=1, 71,489 KZT (ниже порога terminal)",1,False,1,0,71489.0,0.0,0.0,False,0.0002932556523458584,0.0,1
100000005339662100,peripheral,0.15,3,0.19,нет выраженных признаков роли,1,False,4,4,202939.0,295160.0,1.4544271924075707,False,0.0016567441326948069,8.777905516447973e-05,2
100000001716579100,peripheral,0.25,0,0.1301,"слабый сток in_deg=1, 13,916 KZT (ниже порога terminal)",1,False,1,0,13916.0,0.0,0.0,False,0.00028849009961249216,0.0,1
100000002774456100,peripheral,0.25,8,0.1304,"слабый сток in_deg=1, 50,363 KZT (ниже порога terminal)",1,False,1,0,50363.0,0.0,0.0,False,0.0002932078592715323,0.0,1
100000004394765100,coordinator,0.8343,3,0.6394,"связей с seed=3, betweenness=0.0000, in=3/out=2",1,False,3,2,603844.0,82500.0,0.13662469114539516,False,0.0003802754591116212,3.051461511361146e-05,3
100000004004621100,terminal,0.4675,13,0.2891,"деньги приходят (in_deg=3, 75,389 KZT) и не уходят; depth=1≠4",1,False,3,0,75389.0,0.0,0.0,False,0.0003007744031334778,0.0,1
100000000907277100,peripheral,0.25,0,0.1302,"слабый сток in_deg=1, 17,534 KZT (ниже порога terminal)",1,False,1,0,17534.0,0.0,0.0,False,0.0002892494754331185,0.0,1
100000003835149100,peripheral,0.15,25,0.1467,нет выраженных признаков роли,1,False,1,2,248500.0,4600440.0,18.512837022132796,False,0.0004889016554646486,1.7833216624837866e-06,1
100000004254434100,peripheral,0.25,0,0.1304,"слабый сток in_deg=1, 44,445 KZT (ниже порога terminal)",1,False,1,0,44445.0,0.0,0.0,False,0.0002948977791116356,0.0,1
100000003635170100,coordinator,0.88,8,0.6029,"связей с seed=1, betweenness=0.0002, in=3/out=4",1,False,3,4,268500.0,253500.0,0.9441340782122905,False,0.0011481911115018496,0.00018804136196634596,1
100000006687202100,peripheral,0.25,1,0.1304,"слабый сток in_deg=1, 50,000 KZT (ниже порога terminal)",1,False,1,0,50000.0,0.0,0.0,False,0.0002949519153763032,0.0,1
100000006030946100,peripheral,0.25,0,0.1307,"слабый сток in_deg=1, 73,289 KZT (ниже порога terminal)",1,False,1,0,73289.0,0.0,0.0,False,0.00030095179684799426,0.0,1
100000002615479100,terminal,0.442,7,0.2857,"деньги приходят (in_deg=1, 220,000 KZT) и не уходят; depth=1≠4",1,False,1,0,220000.0,0.0,0.0,False,0.0003091958284673856,0.0,1
100000002952631100,peripheral,0.25,3,0.1303,"слабый сток in_deg=1, 48,050 KZT (ниже порога terminal)",1,False,1,0,48050.0,0.0,0.0,False,0.0002907355366892472,0.0,1
100000002890167100,terminal,0.4318,3,0.284,"деньги приходят (in_deg=1, 118,150 KZT) и не уходят; depth=1≠4",1,False,1,0,118150.0,0.0,0.0,False,0.00029827255224146554,0.0,1
100000008687671100,peripheral,0.25,0,0.1304,"слабый сток in_deg=1, 37,500 KZT (ниже порога terminal)",1,False,1,0,37500.0,0.0,0.0,False,0.00029344010496176005,0.0,1
100000000810551100,peripheral,0.15,2,0.1218,нет выраженных признаков роли,1,False,1,1,100000.0,7100.0,0.071,False,0.00030559293759350624,7.747541889235117e-05,1
100000008724279100,peripheral,0.25,3,0.1301,"слабый сток in_deg=1, 11,750 KZT (ниже порога terminal)",1,False,1,0,11750.0,0.0,0.0,False,0.0002868326313462297,0.0,1
100000002592567100,peripheral,0.15,3,0.1519,нет выраженных признаков роли,1,False,1,2,5297.0,48600.0,9.175004719652634,False,0.00028613881734682224,0.0013559189040418392,2
100000002670860100,terminal,0.485,11,0.2918,"деньги приходят (in_deg=2, 450,000 KZT) и не уходят; depth=1≠4",1,False,2,0,450000.0,0.0,0.0,False,0.00030894570400308145,0.0,1
100000002844897100,peripheral,0.25,7,0.1301,"слабый сток in_deg=1, 10,800 KZT (ниже порога terminal)",1,False,1,0,10800.0,0.0,0.0,False,0.0002867291422622962,0.0,1
100000007938486100,peripheral,0.25,0,0.1304,"слабый сток in_deg=1, 39,500 KZT (ниже порога terminal)",1,False,1,0,39500.0,0.0,0.0,False,0.00029385988153479833,0.0,1
100000008438656100,peripheral,0.15,2,0.1223,нет выраженных признаков роли,1,False,2,1,80000.0,5000.0,0.0625,False,0.0002973925274260617,2.377762216645049e-05,1
100000008304139100,distributor,0.596,2,0.541,"веер на 24 получателей (1,692,997 KZT), in_deg=4",1,False,4,24,189329.75,1692997.0,8.942054801213228,False,0.00031361800595865435,0.000886310866254442,2
100000002597003100,peripheral,0.15,1,0.1211,нет выраженных признаков роли,1,False,1,1,17700.0,11000.0,0.6214689265536724,False,0.0002888907421075817,1.922024458454748e-05,1
100000002830055100,peripheral,0.25,0,0.1301,"слабый сток in_deg=1, 14,000 KZT (ниже порога terminal)",1,False,1,0,14000.0,0.0,0.0,False,0.00028850773022855977,0.0,1
100000004299488100,consolidator,0.8405,1,0.5912,"получает от 6 плательщиков (1,749,000 KZT), отдаёт 2 (344,999 KZT)",1,False,6,2,1749000.0,344999.0,0.19725500285877645,False,0.0014621185934412485,1.9418391435934565e-05,1
100000002809568100,peripheral,0.25,1,0.1301,"слабый сток in_deg=1, 10,000 KZT (ниже порога terminal)",1,False,1,0,10000.0,0.0,0.0,False,0.00028744581844909387,0.0,1
100000004784224100,peripheral,0.15,25,0.1218,нет выраженных признаков роли,1,False,1,1,23500.0,100000.0,4.25531914893617,False,0.00030479790785637763,1.981468513870874e-07,1
100000003123296100,peripheral,0.25,10,0.1307,"слабый сток in_deg=1, 86,200 KZT (ниже порога terminal)",1,False,1,0,86200.0,0.0,0.0,False,0.0002998746198543025,0.0,1
100000004130144100,terminal,0.44,5,0.2851,"деньги приходят (in_deg=1, 200,000 KZT) и не уходят; depth=1≠4",1,False,1,0,200000.0,0.0,0.0,False,0.0002970377419674507,0.0,1
100000001253557100,consolidator,0.85,12,0.5558,"получает от 5 плательщиков (210,200 KZT), отдаёт 0 (0 KZT)",1,False,5,0,210200.0,0.0,0.0,False,0.00035106592298765426,0.0,1
100000008767925100,peripheral,0.25,0,0.1302,"слабый сток in_deg=1, 17,144 KZT (ниже порога terminal)",1,False,1,0,17144.0,0.0,0.0,False,0.00028916761900137604,0.0,1
100000007181706100,terminal,0.4576,2,0.2881,"деньги приходят (in_deg=2, 176,272 KZT) и не уходят; depth=1≠4",1,False,2,0,176272.0,0.0,0.0,False,0.0003190664150355487,0.0,1
100000003366154100,peripheral,0.15,2,0.1249,нет выраженных признаков роли,1,False,1,3,125000.0,289170.0,2.31336,False,0.00031059884843755994,5.211262191480399e-05,1
100000007641183100,peripheral,0.25,3,0.1302,"слабый сток in_deg=1, 28,000 KZT (ниже порога terminal)",1,False,1,0,28000.0,0.0,0.0,False,0.0002885797997160378,0.0,1
100000008663007100,peripheral,0.25,0,0.1301,"слабый сток in_deg=1, 14,000 KZT (ниже порога terminal)",1,False,1,0,14000.0,0.0,0.0,False,0.00028850773022855977,0.0,1
100000007334196100,terminal,0.435,8,0.2847,"деньги приходят (in_deg=1, 150,002 KZT) и не уходят; depth=1≠4",1,False,1,0,150002.0,0.0,0.0,False,0.00030832012389912593,0.0,1
100000003873332100,coordinator,0.88,18,0.5803,"связей с seed=1, betweenness=0.0004, in=1/out=4",1,False,1,4,23468.0,286000.0,12.186807567751833,False,0.00028997312128448523,0.0003776678987437886,1
100000001550388100,peripheral,0.25,1,0.1304,"слабый сток in_deg=1, 50,000 KZT (ниже порога terminal)",1,False,1,0,50000.0,0.0,0.0,False,0.0002949519153763032,0.0,1
100000008718089100,peripheral,0.25,0,0.1302,"слабый сток in_deg=1, 15,534 KZT (ниже порога terminal)",1,False,1,0,15534.0,0.0,0.0,False,0.00028882969886008015,0.0,1
100000008728457100,peripheral,0.25,8,0.1304,"слабый сток in_deg=1, 45,000 KZT (ниже порога terminal)",1,False,1,0,45000.0,0.0,0.0,False,0.00029239445211973647,0.0,1
100000004206046100,peripheral,0.25,3,0.1301,"слабый сток in_deg=1, 11,075 KZT (ниже порога terminal)",1,False,1,0,11075.0,0.0,0.0,False,0.0002867600566600992,0.0,1
100000006579678100,coordinator,0.88,3,0.5972,"связей с seed=1, betweenness=0.0004, in=2/out=6",1,False,2,6,192930.0,1668800.0,8.649769346395066,False,0.0006256438748763372,0.00035349398287456394,1
100000002988894100,peripheral,0.15,2,0.1256,нет выраженных признаков роли,1,False,1,3,306121.0,77500.0,0.25316786499456095,False,0.00034686587155699375,7.133286649935147e-05,1
100000008749406100,peripheral,0.25,0,0.1302,"слабый сток in_deg=1, 17,144 KZT (ниже порога terminal)",1,False,1,0,17144.0,0.0,0.0,False,0.00028916761900137604,0.0,1
100000005584222100,peripheral,0.15,1,0.1376,нет выраженных признаков роли,1,False,2,2,192717.0,108587.0,0.5634531463233653,False,0.0008759174247919286,3.863863602048205e-05,1
100000003239859100,peripheral,0.25,10,0.1302,"слабый сток in_deg=1, 18,600 KZT (ниже порога terminal)",1,False,1,0,18600.0,0.0,0.0,False,0.00028865605821785305,0.0,1
100000003980083100,peripheral,0.25,63,0.1358,"слабый сток in_deg=1, 30,000 KZT (ниже порога terminal)",1,False,1,0,30000.0,0.0,0.0,False,0.0005285862410602093,0.0,1
100000004351795100,distributor,0.556,1,0.5275,"веер на 14 получателей (1,715,161 KZT), in_deg=3",1,False,3,14,118333.0,1715161.0,14.494359139039828,False,0.000313515605745216,0.0014129851972413203,2
100000002666248100,peripheral,0.25,2,0.1306,"слабый сток in_deg=1, 70,032 KZT (ниже порога terminal)",1,False,1,0,70032.0,0.0,0.0,False,0.00029959225214652225,0.0,1
100000005877725100,peripheral,0.25,0,0.1307,"слабый сток in_deg=1, 70,000 KZT (ниже порога terminal)",1,False,1,0,70000.0,0.0,0.0,False,0.00030026147427363275,0.0,1
100000001697501100,distributor,0.652,0,0.533,"веер на 38 получателей (1,482,606 KZT), in_deg=3",1,False,3,38,123700.0,1482606.0,11.98549717057397,False,0.000591604549253488,0.00020547828488840964,1
100000006972210100,coordinator,0.79,7,0.6317,"связей с seed=3, betweenness=0.0000, in=3/out=0",1,False,3,0,488775.0,0.0,0.0,False,0.00034629600035376276,0.0,3
100000008749618100,peripheral,0.25,0,0.1304,"слабый сток in_deg=1, 47,280 KZT (ниже порога terminal)",1,False,1,0,47280.0,0.0,0.0,False,0.0002954928124039174,0.0,1
100000008671026100,peripheral,0.25,0,0.1302,"слабый сток in_deg=1, 23,534 KZT (ниже порога terminal)",1,False,1,0,23534.0,0.0,0.0,False,0.00029050880515223344,0.0,1
100000001696818100,peripheral,0.25,2,0.1305,"слабый сток in_deg=1, 53,550 KZT (ниже порога terminal)",1,False,1,0,53550.0,0.0,0.0,False,0.0002988369268863421,0.0,1
100000008679986100,peripheral,0.25,0,0.1302,"слабый сток in_deg=1, 19,000 KZT (ниже порога terminal)",1,False,1,0,19000.0,0.0,0.0,False,0.0002895571716611556,0.0,1
100000003616818100,peripheral,0.15,24,0.1309,нет выраженных признаков роли,1,False,3,3,78000.0,240100.0,3.0782051282051284,False,0.0005130034108689034,7.925874055483496e-07,1
100000004156082100,distributor,0.604,3,0.5307,"веер на 26 получателей (2,319,556 KZT), in_deg=5",1,False,5,26,377366.11,2319556.0,6.146699288921308,False,0.0008669668928480447,0.0032563453556953945,1
100000008667058100,peripheral,0.25,0,0.1302,"слабый сток in_deg=1, 17,534 KZT (ниже порога terminal)",1,False,1,0,17534.0,0.0,0.0,False,0.0002892494754331185,0.0,1
100000008628231100,peripheral,0.15,58,0.1248,нет выраженных признаков роли,1,False,1,2,50000.0,627870.0,12.5574,False,0.0002955811159053989,4.755524433290098e-05,1
100000008749063100,peripheral,0.25,0,0.1302,"слабый сток in_deg=1, 19,000 KZT (ниже порога terminal)",1,False,1,0,19000.0,0.0,0.0,False,0.0002895571716611556,0.0,1
100000004494983100,peripheral,0.25,0,0.1303,"слабый сток in_deg=1, 35,000 KZT (ниже порога terminal)",1,False,1,0,35000.0,0.0,0.0,False,0.00029291538424546215,0.0,1
100000007648946100,peripheral,0.15,13,0.1211,нет выраженных признаков роли,1,False,1,1,19550.0,25000.0,1.278772378516624,False,0.00028923789909046513,0.0,1
100000003037660100,peripheral,0.25,2,0.1305,"слабый сток in_deg=1, 53,000 KZT (ниже порога terminal)",1,False,1,0,53000.0,0.0,0.0,False,0.00029618182520668534,0.0,1
100000002679516100,terminal,0.4702,10,0.2901,"деньги приходят (in_deg=3, 102,335 KZT) и не уходят; depth=1≠4",1,False,3,0,102335.0,0.0,0.0,False,0.0003268254970708503,0.0,1
100000005588444100,peripheral,0.25,5,0.1301,"слабый сток in_deg=1, 12,300 KZT (ниже порога terminal)",1,False,1,0,12300.0,0.0,0.0,False,0.0002862746037539263,0.0,1
100000001307612100,peripheral,0.25,0,0.1304,"слабый сток in_deg=1, 38,483 KZT (ниже порога terminal)",1,False,1,0,38483.0,0.0,0.0,False,0.0002936464251474084,0.0,1
100000003001564100,peripheral,0.15,3,0.1218,нет выраженных признаков роли,1,False,1,1,23520.0,180000.0,7.653061224489796,False,0.0002880981188362384,1.922024458454748e-05,1
100000002762076100,peripheral,0.15,5,0.1527,нет выраженных признаков роли,1,False,2,1,140350.0,30000.0,0.21375133594584966,False,0.000299145669711646,3.962937027741748e-07,2
100000005514161100,peripheral,0.15,5,0.1374,нет выраженных признаков роли,1,False,4,1,401500.0,50000.0,0.12453300124533001,False,0.0008061423847001069,4.042195768296583e-05,1
100000008746673100,peripheral,0.25,0,0.1305,"слабый сток in_deg=1, 53,048 KZT (ниже порога terminal)",1,False,1,0,53048.0,0.0,0.0,False,0.00029670344804055994,0.0,1
100000003265158100,coordinator,0.96,10,0.6205,"связей с seed=2, betweenness=0.0002, in=3/out=2",1,False,3,2,146100.4,154200.0,1.055438588806054,False,0.0003846709844220273,0.00017654884458589488,2
100000001567366100,terminal,0.5024,3,0.2958,"деньги приходят (in_deg=1, 824,070 KZT) и не уходят; depth=1≠4",1,False,1,0,824070.0,0.0,0.0,False,0.0003741716965870004,0.0,1
100000008777088100,peripheral,0.25,0,0.1302,"слабый сток in_deg=1, 18,000 KZT (ниже порога terminal)",1,False,1,0,18000.0,0.0,0.0,False,0.0002893472833746364,0.0,1
100000002589019100,peripheral,0.25,10,0.1303,"слабый сток in_deg=1, 34,710 KZT (ниже порога terminal)",1,False,1,0,34710.0,0.0,0.0,False,0.00029132959413446846,0.0,1
100000008666075100,peripheral,0.25,0,0.1303,"слабый сток in_deg=1, 26,217 KZT (ниже порога terminal)",1,False,1,0,26217.0,0.0,0.0,False,0.00029107193542496433,0.0,1
100000008137435100,peripheral,0.15,23,0.1329,нет выраженных признаков роли,1,False,2,6,93906.0,1419700.0,15.118309799160864,False,0.00031427797773226105,0.00010026230680186623,1
100000004403675100,coordinator,1.0,14,0.6668,"связей с seed=3, betweenness=0.0026, in=4/out=5",1,False,4,5,182980.0,264699.0,1.4466007213903158,False,0.0007400733271266663,0.002631984626974682,3
100000004677680100,peripheral,0.15,8,0.1415,нет выраженных признаков роли,1,False,2,1,63000.0,168000.0,2.6666666666666665,False,0.0010928341745650803,4.1214545088514184e-05,1
100000005958064100,peripheral,0.15,14,0.1224,нет выраженных признаков роли,1,False,1,2,5746.0,163986.84,28.539303863557258,False,0.0002861870929528557,3.844048916909496e-05,1
100000002881669100,peripheral,0.25,10,0.1302,"слабый сток in_deg=1, 18,600 KZT (ниже порога terminal)",1,False,1,0,18600.0,0.0,0.0,False,0.00028865605821785305,0.0,1
100000002938501100,peripheral,0.15,3,0.1209,нет выраженных признаков роли,1,False,1,1,8395.0,5000.0,0.5955926146515783,False,0.0002864719082766478,0.00020052461360373246,1
100000006734554100,peripheral,0.15,29,0.1217,нет выраженных признаков роли,1,False,1,1,16500.0,25000.0,1.5151515151515151,False,0.00031194169852438746,5.944405541612623e-07,1
100000008003034100,coordinator,0.88,13,0.5795,"связей с seed=1, betweenness=0.0027, in=1/out=4",1,False,1,4,12201.0,135000.0,11.064666830587656,False,0.0002868811219883702,0.0026714158504007124,1
100000003970394100,peripheral,0.25,10,0.1307,"слабый сток in_deg=1, 85,000 KZT (ниже порога terminal)",1,False,1,0,85000.0,0.0,0.0,False,0.0002996754737897501,0.0,1
100000003205210100,terminal,0.4338,2,0.2846,"деньги приходят (in_deg=1, 137,563 KZT) и не уходят; depth=1≠4",1,False,1,0,137563.0,0.0,0.0,False,0.00031311441875491374,0.0,1
100000004559194100,terminal,0.4482,3,0.2867,"деньги приходят (in_deg=1, 282,145 KZT) и не уходят; depth=1≠4",1,False,1,0,282145.0,0.0,0.0,False,0.000315904975429569,0.0,1
100000008173359100,peripheral,0.25,3,0.1301,"слабый сток in_deg=1, 6,110 KZT (ниже порога terminal)",1,False,1,0,6110.0,0.0,0.0,False,0.00028622622952433936,0.0,1
100000007953156100,peripheral,0.15,14,0.0955,нет выраженных признаков роли,2,False,1,1,18000.0,10000.0,0.5555555555555556,False,0.0004778416683076013,1.981468513870874e-05,0
100000002224132100,consolidator,0.65,25,0.7071,"получает от 5 плательщиков (3,951,020 KZT), отдаёт 4 (12,115,000 KZT)",2,False,5,4,3951020.0,12115000.0,3.0662968043695047,False,0.005995733195474419,6.142552392999709e-06,0
100000008547844100,distributor,0.576,12,0.476,"веер на 19 получателей (2,042,199 KZT), in_deg=3",2,False,3,19,177600.0,2042199.0,11.498868243243244,False,0.00034433805217794417,0.0021772376030413164,0
100000002635780100,terminal,0.4363,5,0.2606,"деньги приходят (in_deg=1, 163,000 KZT) и не уходят; depth=2≠4",2,False,1,0,163000.02,0.0,0.0,False,0.0005553850086577923,0.0,0
100000001279875100,peripheral,0.25,11,0.1006,"слабый сток in_deg=1, 49,235 KZT (ниже порога terminal)",2,False,1,0,49235.0,0.0,0.0,False,0.00030327274282640737,0.0,0
100000001961048100,terminal,0.435,28,0.2546,"деньги приходят (in_deg=1, 150,000 KZT) и не уходят; depth=2≠4",2,False,1,0,150000.0,0.0,0.0,False,0.0003043093392848261,0.0,0
100000000993112100,terminal,0.4341,22,0.2576,"деньги приходят (in_deg=1, 141,000 KZT) и не уходят; depth=2≠4",2,False,1,0,141000.0,0.0,0.0,False,0.0004411148276499571,0.0,0
100000005547096100,peripheral,0.15,42,0.1068,нет выраженных признаков роли,2,False,1,2,8000.0,226300.0,28.2875,False,0.0008920567423173914,3.962937027741748e-07,0
100000000331309100,distributor,0.896,4,0.6807,"веер на 99 получателей (23,001,375 KZT), in_deg=5",2,False,5,99,984635.0,23001375.0,23.360306103276848,False,0.0008756899038073772,0.003151129377608851,0
100000006684930100,peripheral,0.25,13,0.1004,"слабый сток in_deg=1, 10,000 KZT (ниже порога terminal)",2,False,1,0,10000.0,0.0,0.0,False,0.0002987343713958292,0.0,0
100000004479404100,peripheral,0.15,44,0.1128,нет выраженных признаков роли,2,False,2,1,1492000.0,300000.0,0.20107238605898123,False,0.0008667096306509942,9.610122292273739e-05,0
100000004134060100,peripheral,0.25,16,0.1014,"слабый сток in_deg=1, 88,179 KZT (ниже порога terminal)",2,False,1,0,88179.0,0.0,0.0,False,0.0003280105841798646,0.0,0
100000001083990100,peripheral,0.25,10,0.1053,"слабый сток in_deg=1, 49,900 KZT (ниже порога terminal)",2,False,1,0,49900.0,0.0,0.0,False,0.0005021137973799189,0.0,0
100000004573782100,peripheral,0.25,5,0.1006,"слабый сток in_deg=1, 15,000 KZT (ниже порога terminal)",2,False,1,0,15000.0,0.0,0.0,False,0.00030989701692863043,0.0,0
100000005660203100,peripheral,0.15,3,0.1098,нет выраженных признаков роли,2,False,1,2,572899.0,41000.0,0.07156584319400104,False,0.0009492504038791968,1.9418391435934565e-05,0
100000008771627100,peripheral,0.25,0,0.1002,"слабый сток in_deg=1, 16,500 KZT (ниже порога terminal)",2,False,1,0,16500.0,0.0,0.0,False,0.00029117330984218927,0.0,0
100000000031787100,transit,0.75,5,0.3359,"pass-through=1.00: in=90,000 → out=90,000 KZT",2,False,1,2,90000.0,90000.0,1.0,False,0.0004315356304853249,3.962937027741748e-07,0
100000001346560100,peripheral,0.15,2,0.0989,нет выраженных признаков роли,2,False,2,1,10000.0,22200.0,2.22,False,0.0005866163489075503,2.5759090680321364e-05,0
100000001703168100,peripheral,0.15,2,0.0916,нет выраженных признаков роли,2,False,1,1,45000.0,90000.0,2.0,False,0.0002926634317603083,1.922024458454748e-05,0
100000004904960100,terminal,0.4432,1,0.2668,"деньги приходят (in_deg=2, 32,000 KZT) и не уходят; depth=2≠4",2,False,2,0,32000.0,0.0,0.0,False,0.0007779174826823437,0.0,0
100000004467157100,peripheral,0.15,19,0.0933,нет выраженных признаков роли,2,False,1,1,20000.0,7000.0,0.35,False,0.0003865607584834256,0.0,0
100000008346837100,distributor,0.6,13,0.5204,"веер на 25 получателей (1,258,643 KZT), in_deg=9",2,False,9,25,254359.0,1258643.0,4.948293553599441,False,0.0005474079827287946,0.010167509385225617,1
100000006385877100,peripheral,0.15,7,0.1335,нет выраженных признаков роли,2,False,1,1,53706.62,36602.93,0.6815347903107661,False,0.0020942975539589227,0.0,0
100000002459093100,peripheral,0.15,5,0.0956,нет выраженных признаков роли,2,False,1,1,500000.0,55000.0,0.11,False,0.0003892499869806273,1.1888811083225246e-06,0
100000005053653100,peripheral,0.15,13,0.0927,нет выраженных признаков роли,2,False,2,1,63073.0,25000.0,0.3963661154535221,False,0.0003136008584320492,1.922024458454748e-05,0
100000001557930100,peripheral,0.25,5,0.1003,"слабый сток in_deg=1, 34,610 KZT (ниже порога terminal)",2,False,1,0,34610.0,0.0,0.0,False,0.0002921289541275461,0.0,0
100000002820010100,peripheral,0.25,5,0.1003,"слабый сток in_deg=1, 30,000 KZT (ниже порога terminal)",2,False,1,0,30000.0,0.0,0.0,False,0.0002912552172831002,0.0,0
100000000769919100,terminal,0.445,60,0.2661,"деньги приходят (in_deg=1, 250,000 KZT) и не уходят; depth=2≠4",2,False,1,0,250000.0,0.0,0.0,False,0.0007354469638244266,0.0,0
100000003188607100,peripheral,0.15,5,0.0916,нет выраженных признаков роли,2,False,1,1,18000.0,5000.0,0.2777777777777778,False,0.0003147625614708982,1.7833216624837866e-06,0
100000002836052100,peripheral,0.25,2,0.1005,"слабый сток in_deg=1, 15,000 KZT (ниже порога terminal)",2,False,1,0,15000.0,0.0,0.0,False,0.00030566605014635306,0.0,0
100000001102676100,transit,0.75,2,0.3619,"pass-through=1.00: in=50,000 → out=50,000 KZT",2,False,1,1,50000.0,50000.0,1.0,False,0.00031303095439867587,4.4583041562094664e-05,1
100000003390036100,peripheral,0.15,8,0.118,нет выраженных признаков роли,2,False,2,2,231300.0,62000.0,0.2680501513186338,False,0.0013242239371446286,0.00010402709697822089,0
100000008335401100,terminal,0.435,9,0.2603,"деньги приходят (in_deg=1, 150,000 KZT) и не уходят; depth=2≠4",2,False,1,0,150000.0,0.0,0.0,False,0.0005512278448300632,0.0,0
100000006994985100,peripheral,0.15,5,0.0961,нет выраженных признаков роли,2,False,1,1,48500.0,10200.0,0.21030927835051547,False,0.0005013304862324085,1.9616538287321655e-05,0
100000008356606100,terminal,0.4568,13,0.2652,"деньги приходят (in_deg=2, 168,500 KZT) и не уходят; depth=2≠4",2,False,2,0,168500.0,0.0,0.0,False,0.0006267853006401164,0.0,0
100000007930878100,peripheral,0.25,40,0.1047,"слабый сток in_deg=1, 5,000 KZT (ниже порога terminal)",2,False,1,0,5000.0,0.0,0.0,False,0.0004836377257927898,0.0,0
100000008389800100,coordinator,0.8,3,0.5527,"связей с seed=0, betweenness=0.0002, in=3/out=7",2,False,3,7,189000.0,401620.0,2.124973544973545,False,0.0005050963840560344,0.00017278405440954023,0
100000005474472100,terminal,0.43,25,0.2595,"деньги приходят (in_deg=1, 100,000 KZT) и не уходят; depth=2≠4",2,False,1,0,100000.0,0.0,0.0,False,0.0005449540086863342,0.0,0
100000004486525100,consolidator,0.7898,1,0.5364,"получает от 8 плательщиков (360,924 KZT), отдаёт 2 (271,045 KZT)",2,False,8,2,360924.0,271045.0,0.7509752745730403,False,0.0008057988481996718,1.9616538287321655e-05,0
100000003031890100,terminal,0.4415,24,0.2575,"деньги приходят (in_deg=1, 215,000 KZT) и не уходят; depth=2≠4",2,False,1,0,215000.0,0.0,0.0,False,0.00039212223001592895,0.0,0
100000008624978100,terminal,0.4309,16,0.2548,"деньги приходят (in_deg=1, 109,000 KZT) и не уходят; depth=2≠4",2,False,1,0,109000.0,0.0,0.0,False,0.0003380319055637625,0.0,0
100000000790311100,peripheral,0.25,3,0.1006,"слабый сток in_deg=1, 46,300 KZT (ниже порога terminal)",2,False,1,0,46300.0,0.0,0.0,False,0.00030029921906631367,0.0,0
100000008546855100,consolidator,0.8521,18,0.5532,"получает от 6 плательщиков (71,790 KZT), отдаёт 2 (10,000 KZT)",2,False,6,2,71790.0,10000.0,0.1392951664577239,False,0.001426975889157692,5.8849614861964964e-05,0
100000002863356100,peripheral,0.15,0,0.0915,нет выраженных признаков роли,2,False,1,1,45000.0,20000.0,0.4444444444444444,False,0.0003008529731942853,1.387027959709612e-06,0
100000000332284100,consolidator,0.8,4,0.5369,"получает от 10 плательщиков (107,426 KZT), отдаёт 3 (289,500 KZT)",2,False,10,3,107426.0,289500.0,2.69487833485376,False,0.0007170946224349086,0.00011928440453502662,0
100000002605308100,terminal,0.56,14,0.2924,"деньги приходят (in_deg=3, 2,569,522 KZT) и не уходят; depth=2≠4",2,False,3,0,2569521.84,0.0,0.0,False,0.0008849814697633094,0.0,0
100000005931985100,peripheral,0.25,11,0.101,"слабый сток in_deg=1, 76,000 KZT (ниже порога terminal)",2,False,1,0,76000.0,0.0,0.0,False,0.00031289664456344375,0.0,0
100000001166289100,peripheral,0.15,0,0.1349,нет выраженных признаков роли,2,False,2,1,721039.0,25000.0,0.0346721883282319,False,0.0020021280906723856,0.0,0
100000008477350100,distributor,0.656,1,0.5312,"веер на 39 получателей (3,374,866 KZT), in_deg=11",2,False,11,39,610100.0,3374866.0,5.531660383543682,False,0.001034235078661126,0.0028529183662712844,0
100000003824464100,terminal,0.44,23,0.2557,"деньги приходят (in_deg=1, 200,000 KZT) и не уходят; depth=2≠4",2,False,1,0,200000.0,0.0,0.0,False,0.0003232476510835717,0.0,0
100000002738256100,transit,0.717,47,0.3341,"pass-through=1.17: in=150,200 → out=175,000 KZT",2,False,1,1,150200.0,175000.0,1.1651131824234353,False,0.0005073102992973042,0.0,0
100000001857829100,distributor,0.564,6,0.4857,"веер на 16 получателей (2,390,993 KZT), in_deg=6",2,False,6,16,888535.0,2390993.0,2.690938454872346,False,0.0006204790252521147,0.0018025419070683342,0
100000008672762100,peripheral,0.25,0,0.1002,"слабый сток in_deg=1, 13,000 KZT (ниже порога terminal)",2,False,1,0,13000.0,0.0,0.0,False,0.00028998457925508977,0.0,0
100000001737722100,peripheral,0.25,2,0.101,"слабый сток in_deg=1, 60,460 KZT (ниже порога terminal)",2,False,1,0,60460.0,0.0,0.0,False,0.0003187759337086215,0.0,0
100000005572303100,peripheral,0.15,3,0.0919,нет выраженных признаков роли,2,False,1,1,75000.0,20000.0,0.26666666666666666,False,0.0003132762393993461,3.844048916909496e-05,0
100000008733049100,peripheral,0.25,3,0.1001,"слабый сток in_deg=1, 10,000 KZT (ниже порога terminal)",2,False,1,0,10000.0,0.0,0.0,False,0.00028875070347193993,0.0,0
100000000850297100,transit,0.75,8,0.3312,"pass-through=1.00: in=17,520 → out=17,520 KZT",2,False,1,1,17520.0,17520.0,1.0,False,0.00029391683130875336,0.0,0
100000005140601100,peripheral,0.15,6,0.1509,нет выраженных признаков роли,2,False,3,2,52685.0,195300.0,3.706937458479643,False,0.002705731454703328,1.9616538287321655e-05,0
100000004410489100,peripheral,0.25,1,0.1009,"слабый сток in_deg=1, 54,000 KZT (ниже порога terminal)",2,False,1,0,54000.0,0.0,0.0,False,0.0003142199106141316,0.0,0
100000006852430100,peripheral,0.25,8,0.106,"слабый сток in_deg=1, 37,000 KZT (ниже порога terminal)",2,False,1,0,37000.0,0.0,0.0,False,0.0005362020040442959,0.0,0
100000003166755100,peripheral,0.25,2,0.1002,"слабый сток in_deg=1, 24,010 KZT (ниже порога terminal)",2,False,1,0,24010.0,0.0,0.0,False,0.00028935441071524336,0.0,0
100000008258083100,peripheral,0.15,28,0.1321,нет выраженных признаков роли,2,False,2,2,3149500.0,2045650.0,0.6495157961581204,False,0.0010500443938968613,7.767356574373826e-05,0
100000003054328100,peripheral,0.15,11,0.0943,нет выраженных признаков роли,2,False,1,2,140000.0,193720.0,1.3837142857142857,False,0.0003359091501180982,7.925874055483496e-07,0
100000008473207100,terminal,0.4402,2,0.2612,"деньги приходят (in_deg=1, 202,000 KZT) и не уходят; depth=2≠4",2,False,1,0,202000.0,0.0,0.0,False,0.0005562056073953202,0.0,0
100000008104567100,coordinator,0.88,9,0.586,"связей с seed=1, betweenness=0.0025, in=3/out=3",2,False,3,3,53550.0,40000.0,0.7469654528478058,False,0.000538042367569947,0.0024556339292401744,1
100000002721825100,peripheral,0.25,1,0.1058,"слабый сток in_deg=1, 11,000 KZT (ниже порога terminal)",2,False,1,0,11000.0,0.0,0.0,False,0.0005314143750831593,0.0,0
100000003509750100,transit,0.7405,5,0.3667,"pass-through=0.95: in=82,290 → out=78,400 KZT",2,False,3,3,82290.0,78400.0,0.9527281565196257,False,0.0016870480265556839,1.981468513870874e-06,0
100000007322059100,peripheral,0.15,22,0.1011,нет выраженных признаков роли,2,False,2,1,29000.0,22500.0,0.7758620689655172,False,0.0006801571631888198,4.0025663980191654e-05,0
100000004441291100,peripheral,0.25,2,0.1062,"слабый сток in_deg=1, 20,000 KZT (ниже порога terminal)",2,False,1,0,20000.0,0.0,0.0,False,0.000548843069567572,0.0,0
100000006122699100,terminal,0.4446,10,0.2583,"деньги приходят (in_deg=2, 45,865 KZT) и не уходят; depth=2≠4",2,False,2,0,45865.0,0.0,0.0,False,0.00040470648495862,0.0,0
100000008254069100,peripheral,0.15,20,0.1561,нет выраженных признаков роли,2,False,1,5,10200.0,107500.0,10.53921568627451,False,0.00034248614123752333,8.956237682696351e-05,2
100000003336565100,peripheral,0.25,0,0.1002,"слабый сток in_deg=1, 16,550 KZT (ниже порога terminal)",2,False,1,0,16550.0,0.0,0.0,False,0.00029119029170771927,0.0,0
100000002492277100,terminal,0.4339,2,0.2545,"деньги приходят (in_deg=1, 138,500 KZT) и не уходят; depth=2≠4",2,False,1,0,138500.0,0.0,0.0,False,0.0003074034730996875,0.0,0
100000001339466100,peripheral,0.25,2,0.1006,"слабый сток in_deg=1, 30,000 KZT (ниже порога terminal)",2,False,1,0,30000.0,0.0,0.0,False,0.00030390187452179496,0.0,0
100000005022964100,peripheral,0.25,2,0.1011,"слабый сток in_deg=1, 20,000 KZT (ниже порога terminal)",2,False,1,0,20000.0,0.0,0.0,False,0.0003273647858899904,0.0,0
100000003112436100,terminal,0.43,3,0.2538,"деньги приходят (in_deg=1, 100,000 KZT) и не уходят; depth=2≠4",2,False,1,0,100000.0,0.0,0.0,False,0.00030213264071430647,0.0,0
100000000489417100,transit,0.7323,13,0.3376,"pass-through=1.09: in=73,504 → out=80,000 KZT",2,False,3,1,73504.0,80000.0,1.0883761427949499,False,0.0005517574141078745,5.944405541612623e-07,0
100000002217161100,peripheral,0.15,31,0.1168,нет выраженных признаков роли,2,False,2,7,404750.0,995132.0,2.4586337245213095,False,0.0008915694561716002,0.00015514898463608943,0
100000002469065100,terminal,0.44,3,0.2556,"деньги приходят (in_deg=1, 200,000 KZT) и не уходят; depth=2≠4",2,False,1,0,200000.0,0.0,0.0,False,0.00031869598721132145,0.0,0
100000007337374100,peripheral,0.25,0,0.1003,"слабый сток in_deg=1, 20,000 KZT (ниже порога terminal)",2,False,1,0,20000.0,0.0,0.0,False,0.00029236204042928877,0.0,0
100000003249054100,consolidator,0.8799,2,0.5328,"получает от 7 плательщиков (99,700 KZT), отдаёт 1 (15,000 KZT)",2,False,7,1,99700.0,15000.0,0.15045135406218657,False,0.0004314632286065663,3.962937027741748e-05,0
100000003024542100,peripheral,0.25,2,0.1008,"слабый сток in_deg=1, 8,500 KZT (ниже порога terminal)",2,False,1,0,8500.0,0.0,0.0,False,0.00031794749343884324,0.0,0
100000002718366100,consolidator,0.88,7,0.547,"получает от 6 плательщиков (2,525,000 KZT), отдаёт 0 (0 KZT)",2,False,6,0,2525000.0,0.0,0.0,False,0.0006811994866182303,0.0,0
100000005059998100,peripheral,0.25,1,0.1003,"слабый сток in_deg=1, 18,000 KZT (ниже порога terminal)",2,False,1,0,18000.0,0.0,0.0,False,0.00029591727477698993,0.0,0
100000004071070100,peripheral,0.15,1,0.113,нет выраженных признаков роли,2,False,2,1,41000.0,6000.0,0.14634146341463414,False,0.0011875923340219296,3.5666433249675733e-06,0
100000001584286100,terminal,0.5139,11,0.2663,"деньги приходят (in_deg=2, 738,699 KZT) и не уходят; depth=2≠4",2,False,2,0,738699.0,0.0,0.0,False,0.0003284849940706435,0.0,0
100000008701256100,peripheral,0.25,2,0.1007,"слабый сток in_deg=1, 58,250 KZT (ниже порога terminal)",2,False,1,0,58250.0,0.0,0.0,False,0.00030374263490071855,0.0,0
100000001490461100,peripheral,0.15,9,0.0918,нет выраженных признаков роли,2,False,1,1,20000.0,5000.0,0.25,False,0.00032099043429899445,2.19943005039667e-05,0
100000008531186100,terminal,0.4325,2,0.2556,"деньги приходят (in_deg=1, 125,000 KZT) и не уходят; depth=2≠4",2,False,1,0,125000.0,0.0,0.0,False,0.00036195504548605574,0.0,0
100000004765639100,peripheral,0.15,1,0.0936,нет выраженных признаков роли,2,False,1,2,5000.0,11000.0,2.2,False,0.0003618562506145208,3.883678287186913e-05,0
100000002983879100,terminal,0.46,2,0.2594,"деньги приходят (in_deg=2, 200,050 KZT) и не уходят; depth=2≠4",2,False,2,0,200050.0,0.0,0.0,False,0.000358079776487087,0.0,0
100000008734364100,peripheral,0.25,0,0.1003,"слабый сток in_deg=1, 26,200 KZT (ниже порога terminal)",2,False,1,0,26200.0,0.0,0.0,False,0.00029446779175500794,0.0,0
100000003192220100,peripheral,0.25,3,0.1053,"слабый сток in_deg=1, 60,000 KZT (ниже порога terminal)",2,False,1,0,60000.0,0.0,0.0,False,0.0005031715963348398,0.0,0
100000008060273100,peripheral,0.25,2,0.1004,"слабый сток in_deg=1, 10,000 KZT (ниже порога terminal)",2,False,1,0,10000.0,0.0,0.0,False,0.00029896713150333256,0.0,0
100000008205937100,peripheral,0.25,13,0.1012,"слабый сток in_deg=1, 35,000 KZT (ниже порога terminal)",2,False,1,0,35000.0,0.0,0.0,False,0.0003316470643421733,0.0,0
100000005507142100,peripheral,0.15,22,0.1013,нет выраженных признаков роли,2,False,3,3,51000.0,100000.0,1.9607843137254901,False,0.000558950097758132,4.5573775819030105e-06,0
100000005539910100,peripheral,0.15,2,0.0972,нет выраженных признаков роли,2,False,1,2,102000.0,22000.0,0.21568627450980393,False,0.0004987263017480559,4.795153803567515e-05,0
100000002459163100,peripheral,0.25,52,0.1019,"слабый сток in_deg=1, 20,180 KZT (ниже порога terminal)",2,False,1,0,20180.0,0.0,0.0,False,0.00036111544422251464,0.0,0
100000004666651100,terminal,0.4629,58,0.2621,"деньги приходят (in_deg=1, 429,250 KZT) и не уходят; depth=2≠4",2,False,1,0,429250.0,0.0,0.0,False,0.0004575388898979438,0.0,0
100000003927792100,peripheral,0.25,3,0.1002,"слабый сток in_deg=1, 13,067 KZT (ниже порога terminal)",2,False,1,0,13067.0,0.0,0.0,False,0.0002897264416903406,0.0,0
100000000607941100,peripheral,0.15,3,0.0991,нет выраженных признаков роли,2,False,2,1,50000.0,70000.0,1.4,False,0.0005785720589504699,5.7660733753642434e-05,0
100000004158362100,peripheral,0.25,1,0.1002,"слабый сток in_deg=1, 12,000 KZT (ниже порога terminal)",2,False,1,0,12000.0,0.0,0.0,False,0.00029138223393265143,0.0,0
100000005664922100,peripheral,0.15,25,0.1079,нет выраженных признаков роли,2,False,2,3,22000.0,537000.0,24.40909090909091,False,0.0008059658576323354,3.962937027741748e-06,0
100000007594394100,consolidator,0.68,1,0.5266,"получает от 6 плательщиков (395,385 KZT), отдаёт 1 (3,376,312 KZT)",2,False,6,1,395385.0,3376312.0,8.539302199122375,False,0.0004055854787031878,8.916608312418933e-06,0
100000000979567100,peripheral,0.25,0,0.1058,"слабый сток in_deg=1, 10,000 KZT (ниже порога terminal)",2,False,1,0,10000.0,0.0,0.0,False,0.0005307306769296851,0.0,0
100000002831727100,peripheral,0.15,18,0.0913,нет выраженных признаков роли,2,False,1,1,6000.0,77000.0,12.833333333333334,False,0.00029074621801528875,1.922024458454748e-05,0
100000003062895100,terminal,0.4728,12,0.2624,"деньги приходят (in_deg=2, 328,444 KZT) и не уходят; depth=2≠4",2,False,2,0,328444.0,0.0,0.0,False,0.00040765067095518585,0.0,0
100000008376089100,terminal,0.4335,28,0.2543,"деньги приходят (in_deg=1, 135,000 KZT) и не уходят; depth=2≠4",2,False,1,0,135000.0,0.0,0.0,False,0.00030243533477807266,0.0,0
100000003219438100,peripheral,0.25,19,0.1039,"слабый сток in_deg=1, 32,000 KZT (ниже порога terminal)",2,False,1,0,32000.0,0.0,0.0,False,0.00044715563704310606,0.0,0
100000000967918100,peripheral,0.25,1,0.1046,"слабый сток in_deg=1, 21,200 KZT (ниже порога terminal)",2,False,1,0,21200.0,0.0,0.0,False,0.00047927096158051867,0.0,0
100000003254723100,terminal,0.447,2,0.2615,"деньги приходят (in_deg=1, 269,850 KZT) и не уходят; depth=2≠4",2,False,1,0,269850.0,0.0,0.0,False,0.0005300436631859109,0.0,0
100000003823811100,coordinator,0.9592,14,0.648,"связей с seed=3, betweenness=0.0001, in=1/out=3",2,False,1,3,30000.0,66130.0,2.2043333333333335,False,0.0003569753080281238,0.00011651034861560739,3
100000008587459100,peripheral,0.15,1,0.1265,нет выраженных признаков роли,2,False,2,2,181507.0,686500.0,3.782223275135394,False,0.00030075681163842705,0.0,1
100000008603331100,coordinator,0.8,12,0.5481,"связей с seed=0, betweenness=0.0002, in=2/out=6",2,False,2,6,39500.0,741774.0,18.779088607594936,False,0.00034423402970945214,0.0001935894738051844,0
100000008758168100,peripheral,0.15,16,0.1026,нет выраженных признаков роли,2,False,2,5,75410.0,1533600.0,20.33682535472749,False,0.0003183672512790783,4.597006952180428e-05,0
100000003724440100,terminal,0.445,1,0.2561,"деньги приходят (in_deg=2, 50,000 KZT) и не уходят; depth=2≠4",2,False,2,0,50000.0,0.0,0.0,False,0.00030808789580780973,0.0,0
100000000291906100,transit,0.715,49,0.3437,"pass-through=1.17: in=388,000 → out=455,854 KZT",2,False,2,2,388000.0,455854.0,1.1748814432989692,False,0.0007629373053537499,7.806985944651244e-05,0
100000005077484100,peripheral,0.15,29,0.0983,нет выраженных признаков роли,2,False,1,2,150000.0,13550.0,0.09033333333333333,False,0.0005397108639201066,3.962937027741748e-07,0
100000004192107100,peripheral,0.25,2,0.1004,"слабый сток in_deg=1, 25,000 KZT (ниже порога terminal)",2,False,1,0,25000.0,0.0,0.0,False,0.00029930012430798373,0.0,0
100000002193259100,peripheral,0.15,10,0.108,нет выраженных признаков роли,2,False,2,3,48000.0,58000.0,1.2083333333333333,False,0.0008908421386694429,6.43977267008034e-05,0
100000005481280100,peripheral,0.15,3,0.1531,нет выраженных признаков роли,2,False,1,3,32700.0,50000.0,1.529051987767584,False,0.00029597250247999184,5.171632821202981e-05,2
100000004527381100,peripheral,0.15,3,0.0946,нет выраженных признаков роли,2,False,1,1,119333.17,273866.11,2.2949705433954364,False,0.00037549896425589837,0.00031525164055685605,0
100000001578517100,peripheral,0.25,3,0.1003,"слабый сток in_deg=1, 30,000 KZT (ниже порога terminal)",2,False,1,0,30000.0,0.0,0.0,False,0.000290538298166396,0.0,0
100000003741418100,consolidator,0.9174,1,0.545,"получает от 9 плательщиков (151,900 KZT), отдаёт 3 (39,920 KZT)",2,False,9,3,151900.0,39920.0,0.2628044766293614,False,0.0006325013799441056,0.00012938989395576807,0
100000008737514100,peripheral,0.25,3,0.101,"слабый сток in_deg=1, 85,000 KZT (ниже порога terminal)",2,False,1,0,85000.0,0.0,0.0,False,0.00031261127288180295,0.0,0
100000002870463100,peripheral,0.15,5,0.1319,нет выраженных признаков роли,2,False,3,1,207000.0,10000.0,0.04830917874396135,False,0.0019299755548282838,1.9418391435934565e-05,0
100000008545727100,peripheral,0.15,9,0.1042,нет выраженных признаков роли,2,False,1,6,30000.0,1866500.0,62.21666666666667,False,0.0003387010043398458,0.00013335283098350983,0
100000000425407100,peripheral,0.25,2,0.1006,"слабый сток in_deg=1, 20,000 KZT (ниже порога terminal)",2,False,1,0,20000.0,0.0,0.0,False,0.00030509459327138206,0.0,0
100000001418900100,peripheral,0.25,0,0.1005,"слабый сток in_deg=1, 40,140 KZT (ниже порога terminal)",2,False,1,0,40140.0,0.0,0.0,False,0.00029920233586477,0.0,0
100000001677929100,peripheral,0.15,5,0.1663,нет выраженных признаков роли,2,False,3,2,126777.0,286098.0,2.2567027142147236,False,0.0033340919545888498,1.1888811083225246e-06,0
100000002539625100,peripheral,0.25,12,0.1018,"слабый сток in_deg=1, 94,700 KZT (ниже порога terminal)",2,False,1,0,94700.0,0.0,0.0,False,0.0003450202078597569,0.0,0
100000001965374100,peripheral,0.15,25,0.1368,нет выраженных признаков роли,2,False,2,3,1759720.0,3082100.0,1.7514718250630783,False,0.0012816556260608733,1.5851748110966993e-06,0
100000001287955100,coordinator,0.8,11,0.5425,"связей с seed=0, betweenness=0.0009, in=1/out=4",2,False,1,4,17520.0,310000.0,17.69406392694064,False,0.00029391683130875336,0.0009299031735596012,0
100000005402643100,peripheral,0.15,7,0.0921,нет выраженных признаков роли,2,False,1,1,127800.0,90000.0,0.704225352112676,False,0.0002975952292869971,3.962937027741748e-07,0
100000008752616100,peripheral,0.15,7,0.103,нет выраженных признаков роли,2,False,2,7,64510.0,1265000.0,19.6093628894745,False,0.0003130606975707824,0.00014900643224308974,0
100000000733373100,peripheral,0.25,3,0.1005,"слабый сток in_deg=1, 10,710 KZT (ниже порога terminal)",2,False,1,0,10710.0,0.0,0.0,False,0.00030578139777600547,0.0,0
100000008531133100,peripheral,0.15,3,0.0991,нет выраженных признаков роли,2,False,1,3,25000.0,158271.68,6.3308672,False,0.0005327484529006049,2.2390594206740877e-05,0
100000005933757100,distributor,0.636,14,0.5193,"веер на 34 получателей (3,002,628 KZT), in_deg=4",2,False,4,34,1246000.0,3002628.0,2.409813804173355,False,0.0009979855720130461,0.003742795875850694,0
100000006490557100,peripheral,0.25,5,0.1001,"слабый сток in_deg=1, 5,000 KZT (ниже порога terminal)",2,False,1,0,5000.0,0.0,0.0,False,0.00028616228961672325,0.0,0
100000008497298100,terminal,0.48,7,0.2618,"деньги приходят (in_deg=1, 600,000 KZT) и не уходят; depth=2≠4",2,False,1,0,600000.0,0.0,0.0,False,0.0003420290832769419,0.0,0
100000005168487100,peripheral,0.15,8,0.127,нет выраженных признаков роли,2,False,1,1,15000.0,103510.0,6.900666666666667,False,0.0018125473143557774,0.0,0
100000005799271100,peripheral,0.25,8,0.1061,"слабый сток in_deg=1, 45,000 KZT (ниже порога terminal)",2,False,1,0,45000.0,0.0,0.0,False,0.0005366730310712555,0.0,0
100000000912487100,peripheral,0.25,2,0.1002,"слабый сток in_deg=1, 10,000 KZT (ниже порога terminal)",2,False,1,0,10000.0,0.0,0.0,False,0.00029168015431879266,0.0,0
100000007982908100,peripheral,0.25,0,0.1004,"слабый сток in_deg=1, 31,080 KZT (ниже порога terminal)",2,False,1,0,31080.0,0.0,0.0,False,0.0002961252218307352,0.0,0
100000005413948100,peripheral,0.15,12,0.1284,нет выраженных признаков роли,2,False,2,1,28215.0,5000.0,0.177210703526493,False,0.001852039207032818,2.1796153652579615e-05,0
100000000724540100,peripheral,0.15,16,0.0921,нет выраженных признаков роли,2,False,1,1,50000.0,100000.0,2.0,False,0.0003096347122661314,1.981468513870874e-05,0
100000005730108100,peripheral,0.25,1,0.1018,"слабый сток in_deg=1, 8,000 KZT (ниже порога terminal)",2,False,1,0,8000.0,0.0,0.0,False,0.00035866426303360365,0.0,0
100000002566204100,peripheral,0.25,8,0.1013,"слабый сток in_deg=1, 80,805 KZT (ниже порога terminal)",2,False,1,0,80805.0,0.0,0.0,False,0.0003240694503060799,0.0,0
100000000625169100,peripheral,0.25,0,0.1001,"слабый сток in_deg=1, 10,000 KZT (ниже порога terminal)",2,False,1,0,10000.0,0.0,0.0,False,0.0002889656673232902,0.0,0
100000001114385100,peripheral,0.25,2,0.1002,"слабый сток in_deg=1, 29,500 KZT (ниже порога terminal)",2,False,1,0,29500.0,0.0,0.0,False,0.0002902198954954914,0.0,0
100000002964966100,terminal,0.44,2,0.2574,"деньги приходят (in_deg=1, 200,000 KZT) и не уходят; depth=2≠4",2,False,1,0,200000.0,0.0,0.0,False,0.00039541593494282903,0.0,0
100000008771814100,peripheral,0.25,0,0.1003,"слабый сток in_deg=1, 23,700 KZT (ниже порога terminal)",2,False,1,0,23700.0,0.0,0.0,False,0.00029361869847850826,0.0,0
100000001241318100,peripheral,0.25,1,0.106,"слабый сток in_deg=1, 53,000 KZT (ниже порога terminal)",2,False,1,0,53000.0,0.0,0.0,False,0.0005308383624756602,0.0,0
100000001250022100,peripheral,0.25,5,0.1004,"слабый сток in_deg=1, 50,000 KZT (ниже порога terminal)",2,False,1,0,50000.0,0.0,0.0,False,0.00029504583266030596,0.0,0
100000006534886100,peripheral,0.15,3,0.1115,нет выраженных признаков роли,2,False,1,1,71700.0,167500.0,2.336122733612273,False,0.0011276985721232178,0.0,0
100000008655035100,peripheral,0.25,5,0.1061,"слабый сток in_deg=1, 30,000 KZT (ниже порога terminal)",2,False,1,0,30000.0,0.0,0.0,False,0.0005401427143175904,0.0,0
100000005932987100,peripheral,0.25,19,0.1031,"слабый сток in_deg=1, 25,000 KZT (ниже порога terminal)",2,False,1,0,25000.0,0.0,0.0,False,0.00041180862454995906,0.0,0
100000008636603100,coordinator,1.0,10,0.6555,"связей с seed=3, betweenness=0.0050, in=2/out=6",2,False,2,6,35460.0,159375.0,4.494500846023689,False,0.00033870068505945837,0.005031939290975084,3
100000008710843100,distributor,0.552,16,0.4657,"веер на 13 получателей (1,985,500 KZT), in_deg=2",2,False,2,13,33944.0,1985500.0,58.49340089559274,False,0.00029287559446499335,0.0012996451982479063,0
100000000917179100,peripheral,0.25,14,0.1037,"слабый сток in_deg=1, 94,465 KZT (ниже порога terminal)",2,False,1,0,94465.0,0.0,0.0,False,0.0004258625333448299,0.0,0
100000004209339100,peripheral,0.15,8,0.1058,нет выраженных признаков роли,2,False,1,2,138500.0,238500.0,1.7220216606498195,False,0.0008195334277812211,2.1003566247031264e-05,0
100000008765627100,peripheral,0.25,5,0.1005,"слабый сток in_deg=1, 60,000 KZT (ниже порога terminal)",2,False,1,0,60000.0,0.0,0.0,False,0.0002969411403489088,0.0,0
100000002443664100,terminal,0.5157,11,0.2668,"деньги приходят (in_deg=3, 556,880 KZT) и не уходят; depth=2≠4",2,False,3,0,556880.0,0.0,0.0,False,0.00033877038640939207,0.0,0
100000008144528100,consolidator,0.85,3,0.5458,"получает от 5 плательщиков (1,068,203 KZT), отдаёт 0 (0 KZT)",2,False,5,0,1068202.6,0.0,0.0,False,0.001055538276590803,0.0,0
100000003988112100,peripheral,0.15,14,0.0966,нет выраженных признаков роли,2,False,1,1,92000.0,64000.0,0.6956521739130435,False,0.0005045477365705106,0.0,0
100000008008463100,peripheral,0.25,5,0.1005,"слабый сток in_deg=1, 54,180 KZT (ниже порога terminal)",2,False,1,0,54180.0,0.0,0.0,False,0.0002958380712741419,0.0,0
100000006679055100,peripheral,0.25,2,0.1005,"слабый сток in_deg=1, 25,000 KZT (ниже порога terminal)",2,False,1,0,25000.0,0.0,0.0,False,0.00030084644447104435,0.0,0
100000007382543100,coordinator,0.8,19,0.5673,"связей с seed=0, betweenness=0.0002, in=3/out=5",2,False,3,5,218000.0,427000.0,1.9587155963302751,False,0.0011904909010560462,0.00021459304005221568,0
100000007749092100,peripheral,0.15,3,0.1267,нет выраженных признаков роли,2,False,1,1,7650.0,70375.0,9.199346405228757,False,0.0018044164784854835,0.0,0
100000004221668100,peripheral,0.15,5,0.1683,нет выраженных признаков роли,2,False,4,3,1128300.0,731440.0,0.6482673047948241,False,0.003090174905324731,4.5573775819030105e-06,0
100000008174521100,peripheral,0.25,3,0.104,"слабый сток in_deg=1, 82,110 KZT (ниже порога terminal)",2,False,1,0,82110.0,0.0,0.0,False,0.00044052875483409826,0.0,0
100000002692750100,peripheral,0.15,5,0.1337,нет выраженных признаков роли,2,False,3,1,112830.0,77000.0,0.682442612780289,False,0.002014241585548297,1.981468513870874e-05,0
100000002173070100,peripheral,0.25,3,0.1003,"слабый сток in_deg=1, 30,000 KZT (ниже порога terminal)",2,False,1,0,30000.0,0.0,0.0,False,0.000290538298166396,0.0,0
100000005911352100,peripheral,0.15,35,0.0998,нет выраженных признаков роли,2,False,2,3,15000.0,24000.0,1.6,False,0.0005517344998567171,9.7488250882447e-05,0
100000003068941100,peripheral,0.15,1,0.0939,нет выраженных признаков роли,2,False,3,1,94000.0,25000.0,0.26595744680851063,False,0.0003201743837350577,1.981468513870874e-05,0
100000001420847100,peripheral,0.25,18,0.1005,"слабый сток in_deg=1, 20,000 KZT (ниже порога terminal)",2,False,1,0,20000.0,0.0,0.0,False,0.0003028257068772822,0.0,0
100000005602999100,peripheral,0.15,8,0.0922,нет выраженных признаков роли,2,False,1,2,5000.0,16000.0,3.2,False,0.00030484597773945503,4.200713249406253e-05,0
100000000723383100,peripheral,0.15,21,0.0945,нет выраженных признаков роли,2,False,1,2,6800.0,75000.0,11.029411764705882,False,0.00038931955491752334,0.0002774055919419224,0
100000006977207100,distributor,0.56,6,0.4792,"веер на 15 получателей (4,157,018 KZT), in_deg=1",2,False,1,15,414000.0,4157018.0,10.041106280193237,False,0.0003478854757097024,1.0105489420741458e-05,0
100000001273783100,peripheral,0.25,8,0.1004,"слабый сток in_deg=1, 23,200 KZT (ниже порога terminal)",2,False,1,0,23200.0,0.0,0.0,False,0.0002966231104571268,0.0,0
100000000201868100,transit,0.75,3,0.3485,"pass-through=1.00: in=190,000 → out=190,000 KZT",2,False,1,1,190000.0,190000.0,1.0,False,0.0009746432509228606,0.0,0
100000007777377100,peripheral,0.15,3,0.0954,нет выраженных признаков роли,2,False,1,2,456290.0,10000.0,0.021915886826360427,False,0.00036114618794852113,9.7488250882447e-05,0
100000004192865100,peripheral,0.25,29,0.1066,"слабый сток in_deg=1, 66,666 KZT (ниже порога terminal)",2,False,1,0,66666.0,0.0,0.0,False,0.0005558092873800489,0.0,0
100000006901046100,peripheral,0.15,3,0.1546,нет выраженных признаков роли,2,False,1,1,75800.0,5500.0,0.07255936675461741,False,0.0029998776847224976,0.0,0
100000000437046100,distributor,0.668,1,0.5474,"веер на 42 получателей (7,606,224 KZT), in_deg=9",2,False,9,42,1107200.0,7606224.0,6.86978323699422,False,0.0007924860106097889,0.00142388327406761,0
100000008765494100,peripheral,0.25,0,0.1003,"слабый сток in_deg=1, 24,000 KZT (ниже порога terminal)",2,False,1,0,24000.0,0.0,0.0,False,0.00029372058967168824,0.0,0
100000008713270100,peripheral,0.15,5,0.0936,нет выраженных признаков роли,2,False,1,3,30000.0,190000.0,6.333333333333333,False,0.0002912552172831002,1.1888811083225246e-06,0
100000003603979100,terminal,0.4365,24,0.2614,"деньги приходят (in_deg=1, 165,000 KZT) и не уходят; depth=2≠4",2,False,1,0,165000.0,0.0,0.0,False,0.0005856463349534355,0.0,0
100000000943371100,peripheral,0.25,13,0.1006,"слабый сток in_deg=1, 15,500 KZT (ниже порога terminal)",2,False,1,0,15500.0,0.0,0.0,False,0.0003059751638440249,0.0,0
100000008672480100,peripheral,0.25,0,0.1002,"слабый сток in_deg=1, 13,000 KZT (ниже порога terminal)",2,False,1,0,13000.0,0.0,0.0,False,0.00028998457925508977,0.0,0
100000008691168100,peripheral,0.25,0,0.1003,"слабый сток in_deg=1, 24,000 KZT (ниже порога terminal)",2,False,1,0,24000.0,0.0,0.0,False,0.00029372058967168824,0.0,0
100000003237045100,peripheral,0.15,3,0.0954,нет выраженных признаков роли,2,False,1,1,340200.0,150000.0,0.4409171075837742,False,0.0003941344320653906,0.0,0
100000008736394100,peripheral,0.25,0,0.1002,"слабый сток in_deg=1, 16,000 KZT (ниже порога terminal)",2,False,1,0,16000.0,0.0,0.0,False,0.0002910034911868893,0.0,0
100000004160650100,distributor,0.54,24,0.4918,"веер на 10 получателей (1,489,827 KZT), in_deg=2",2,False,2,10,75100.0,1489827.0,19.83790945406125,False,0.000369227666710211,4.755524433290098e-06,1
100000000629812100,terminal,0.4422,54,0.2555,"деньги приходят (in_deg=2, 22,000 KZT) и не уходят; depth=2≠4",2,False,2,0,22000.0,0.0,0.0,False,0.00029798400743920295,0.0,0
100000000955444100,peripheral,0.25,40,0.1016,"слабый сток in_deg=1, 6,910 KZT (ниже порога terminal)",2,False,1,0,6910.0,0.0,0.0,False,0.0003525283441776966,0.0,0
100000008731444100,peripheral,0.15,2,0.1064,нет выраженных признаков роли,2,False,3,9,439000.0,879767.8,2.0040268792710707,False,0.00035336188519380504,0.0001398916770792837,0
100000008413748100,distributor,0.572,15,0.4716,"веер на 18 получателей (1,377,320 KZT), in_deg=2",2,False,2,18,26480.0,1377320.22,52.01360347432024,False,0.00039089149206357,0.0006524975816176789,0
100000006787636100,peripheral,0.25,3,0.1018,"слабый сток in_deg=1, 20,000 KZT (ниже порога terminal)",2,False,1,0,20000.0,0.0,0.0,False,0.0003581033949231409,0.0,0
100000005942793100,terminal,0.4855,1,0.2624,"деньги приходят (in_deg=4, 55,000 KZT) и не уходят; depth=2≠4",2,False,4,0,55000.0,0.0,0.0,False,0.00033223226815400216,0.0,0
100000008730846100,consolidator,0.71,8,0.5217,"получает от 7 плательщиков (155,042 KZT), отдаёт 3 (363,370 KZT)",2,False,7,3,155042.0,363370.0,2.343687516930896,False,0.0005360575471708021,0.0001795210473567012,0
100000002570206100,terminal,0.4567,15,0.258,"деньги приходят (in_deg=2, 166,960 KZT) и не уходят; depth=2≠4",2,False,2,0,166959.6,0.0,0.0,False,0.00031851046572736513,0.0,0
100000000785800100,transit,0.75,52,0.3627,"pass-through=1.00: in=19,000 → out=19,000 KZT",2,False,1,1,19000.0,19000.0,1.0,False,0.00035669797856314084,1.981468513870874e-07,1
100000007382152100,peripheral,0.25,1,0.1001,"слабый сток in_deg=1, 5,860 KZT (ниже порога terminal)",2,False,1,0,5860.0,0.0,0.0,False,0.00028648088061930137,0.0,0
100000000910216100,peripheral,0.15,1,0.0923,нет выраженных признаков роли,2,False,1,1,71000.0,52010.0,0.7325352112676057,False,0.00032323954910943307,0.000575814750130876,0
100000003131016100,peripheral,0.15,1,0.1256,нет выраженных признаков роли,2,False,1,1,405700.0,126000.0,0.31057431599704216,False,0.0016774572234080603,0.0,0
100000003221384100,terminal,0.4711,3,0.2631,"деньги приходят (in_deg=1, 511,200 KZT) и не уходят; depth=2≠4",2,False,1,0,511200.0,0.0,0.0,False,0.00044820293531491805,0.0,0
100000002156381100,peripheral,0.15,8,0.1106,нет выраженных признаков роли,2,False,2,1,61000.0,21800.0,0.35737704918032787,False,0.0010807758307164093,4.240342619683671e-05,0
100000002779485100,peripheral,0.25,6,0.1065,"слабый сток in_deg=1, 91,000 KZT (ниже порога terminal)",2,False,1,0,91000.0,0.0,0.0,False,0.0005469132844919479,0.0,0
100000008774237100,peripheral,0.15,24,0.0917,нет выраженных признаков роли,2,False,1,1,50000.0,10000.0,0.2,False,0.0003103490467286026,0.0,0
100000002628146100,peripheral,0.25,22,0.1009,"слабый сток in_deg=1, 30,500 KZT (ниже порога terminal)",2,False,1,0,30500.0,0.0,0.0,False,0.00031921566847045675,0.0,0
100000002852402100,peripheral,0.25,3,0.1012,"слабый сток in_deg=1, 55,000 KZT (ниже порога terminal)",2,False,1,0,55000.0,0.0,0.0,False,0.00032701738322827965,0.0,0
100000006989106100,peripheral,0.25,5,0.1052,"слабый сток in_deg=1, 64,000 KZT (ниже порога terminal)",2,False,1,0,64000.0,0.0,0.0,False,0.0004956408524122085,0.0,0
100000002958343100,peripheral,0.15,5,0.1176,нет выраженных признаков роли,2,False,1,2,2900000.0,1390000.0,0.4793103448275862,False,0.0006295066258876762,3.962937027741748e-07,0
100000008461532100,coordinator,0.8,26,0.5688,"связей с seed=0, betweenness=0.0003, in=2/out=8",2,False,2,8,565300.0,2530090.0,4.475658942154608,False,0.000745250620852708,0.00027126303954892267,0
100000004400305100,distributor,0.828,1,0.575,"веер на 82 получателей (5,830,181 KZT), in_deg=7",2,False,7,82,222800.0,5830181.0,26.167778276481148,False,0.0003858174534932515,0.009720688235347734,0
100000000297649100,peripheral,0.15,10,0.1035,нет выраженных признаков роли,2,False,1,1,40000.0,70600.0,1.765,False,0.000809138585841471,0.0,0
100000003191430100,terminal,0.438,3,0.2603,"деньги приходят (in_deg=1, 180,000 KZT) и не уходят; depth=2≠4",2,False,1,0,180000.0,0.0,0.0,False,0.0005307375952815108,0.0,0
100000003275398100,peripheral,0.15,24,0.0957,нет выраженных признаков роли,2,False,1,1,300000.0,20000.0,0.06666666666666667,False,0.0004342478092851578,0.0,0
100000005203590100,peripheral,0.25,5,0.1008,"слабый сток in_deg=1, 90,000 KZT (ниже порога terminal)",2,False,1,0,90000.0,0.0,0.0,False,0.00030262706341471746,0.0,0
100000008672603100,peripheral,0.25,2,0.1004,"слабый сток in_deg=1, 21,200 KZT (ниже порога terminal)",2,False,1,0,21200.0,0.0,0.0,False,0.0002972130381341985,0.0,0
100000000718427100,peripheral,0.25,0,0.1001,"слабый сток in_deg=1, 6,000 KZT (ниже порога terminal)",2,False,1,0,6000.0,0.0,0.0,False,0.0002876071180808907,0.0,0
100000003104347100,peripheral,0.15,23,0.0946,нет выраженных признаков роли,2,False,1,1,418000.0,32000.0,0.07655502392344497,False,0.00036431706006781706,1.922024458454748e-05,0
100000002974256100,peripheral,0.25,10,0.1058,"слабый сток in_deg=1, 7,200 KZT (ниже порога terminal)",2,False,1,0,7200.0,0.0,0.0,False,0.0005319059485796746,0.0,0
100000007173936100,peripheral,0.25,28,0.1001,"слабый сток in_deg=1, 10,000 KZT (ниже порога terminal)",2,False,1,0,10000.0,0.0,0.0,False,0.0002868186305551272,0.0,0
100000002744581100,peripheral,0.25,5,0.101,"слабый сток in_deg=1, 12,000 KZT (ниже порога terminal)",2,False,1,0,12000.0,0.0,0.0,False,0.00032495771137883844,0.0,0
100000000596954100,peripheral,0.15,2,0.0978,нет выраженных признаков роли,2,False,1,2,120000.0,48100.0,0.4008333333333333,False,0.0005156144546495907,4.834783173844933e-05,0
100000004950490100,peripheral,0.25,5,0.1011,"слабый сток in_deg=1, 10,000 KZT (ниже порога terminal)",2,False,1,0,10000.0,0.0,0.0,False,0.00033064166313550057,0.0,0
100000008772058100,peripheral,0.25,0,0.1006,"слабый сток in_deg=1, 50,000 KZT (ниже порога terminal)",2,False,1,0,50000.0,0.0,0.0,False,0.0003025511597472846,0.0,0
100000000971908100,peripheral,0.25,5,0.1008,"слабый сток in_deg=1, 89,000 KZT (ниже порога terminal)",2,False,1,0,89000.0,0.0,0.0,False,0.0003024375326458571,0.0,0
100000008687492100,peripheral,0.25,0,0.1002,"слабый сток in_deg=1, 15,000 KZT (ниже порога terminal)",2,False,1,0,15000.0,0.0,0.0,False,0.0002906638538762895,0.0,0
100000003159641100,peripheral,0.15,57,0.095,нет выраженных признаков роли,2,False,4,1,64000.0,197800.0,3.090625,False,0.000305215396834432,5.8849614861964964e-05,0
100000005326681100,peripheral,0.25,3,0.1004,"слабый сток in_deg=1, 31,228 KZT (ниже порога terminal)",2,False,1,0,31228.0,0.0,0.0,False,0.0002955041990377076,0.0,0
100000006888238100,peripheral,0.15,53,0.0986,нет выраженных признаков роли,2,False,1,1,18000.0,30000.0,1.6666666666666667,False,0.0006097535591566927,3.962937027741748e-07,0
100000001290243100,peripheral,0.25,3,0.1009,"слабый сток in_deg=1, 10,000 KZT (ниже порога terminal)",2,False,1,0,10000.0,0.0,0.0,False,0.00031994897355357605,0.0,0
100000008289539100,peripheral,0.25,3,0.1002,"слабый сток in_deg=1, 14,912 KZT (ниже порога terminal)",2,False,1,0,14912.0,0.0,0.0,False,0.00029031341169782324,0.0,0
100000000821507100,terminal,0.46,28,0.2588,"деньги приходят (in_deg=1, 400,000 KZT) и не уходят; depth=2≠4",2,False,1,0,400000.0,0.0,0.0,False,0.00033554274773071706,0.0,0
100000003086040100,peripheral,0.25,1,0.1062,"слабый сток in_deg=1, 10,500 KZT (ниже порога terminal)",2,False,1,0,10500.0,0.0,0.0,False,0.0005480623170204786,0.0,0
100000002969048100,terminal,0.4308,5,0.254,"деньги приходят (in_deg=1, 108,470 KZT) и не уходят; depth=2≠4",2,False,1,0,108470.0,0.0,0.0,False,0.00030612769671556697,0.0,0
100000002826669100,terminal,0.436,1,0.2587,"деньги приходят (in_deg=1, 159,900 KZT) и не уходят; depth=2≠4",2,False,1,0,159900.0,0.0,0.0,False,0.00047623945462574075,0.0,0
100000002293421100,transit,0.7207,1,0.3461,"pass-through=1.15: in=41,000 → out=47,000 KZT",2,False,2,2,41000.0,47000.0,1.146341463414634,False,0.0009748338691844306,1.9616538287321655e-05,0
100000004732589100,terminal,0.4428,8,0.2578,"деньги приходят (in_deg=1, 227,520 KZT) и не уходят; depth=2≠4",2,False,1,0,227520.0,0.0,0.0,False,0.0003939729265831244,0.0,0
100000003003821100,peripheral,0.25,2,0.1037,"слабый сток in_deg=1, 40,000 KZT (ниже порога terminal)",2,False,1,0,40000.0,0.0,0.0,False,0.0004379372905540054,0.0,0
100000005237935150,peripheral,0.25,11,0.1004,"слабый сток in_deg=1, 34,508 KZT (ниже порога terminal)",2,False,1,0,34508.0,0.0,0.0,False,0.00029797734955604177,0.0,0
100000004463277100,peripheral,0.25,29,0.1096,"слабый сток in_deg=1, 35,000 KZT (ниже порога terminal)",2,False,1,0,35000.0,0.0,0.0,False,0.000691924518979247,0.0,0
100000006523053100,peripheral,0.25,2,0.1059,"слабый сток in_deg=1, 5,000 KZT (ниже порога terminal)",2,False,1,0,5000.0,0.0,0.0,False,0.0005386541417252835,0.0,0
100000001954903100,peripheral,0.25,8,0.1004,"слабый сток in_deg=1, 27,118 KZT (ниже порога terminal)",2,False,1,0,27118.0,0.0,0.0,False,0.00029848987132038865,0.0,0
100000005328215100,peripheral,0.25,8,0.1004,"слабый сток in_deg=1, 27,000 KZT (ниже порога terminal)",2,False,1,0,27000.0,0.0,0.0,False,0.0002984336493239964,0.0,0
100000004424023100,peripheral,0.15,5,0.1075,нет выраженных признаков роли,2,False,1,1,50000.0,100000.0,2.0,False,0.0009717143911529621,2.0409125692870002e-05,0
100000002299948100,peripheral,0.25,22,0.1002,"слабый сток in_deg=1, 6,750 KZT (ниже порога terminal)",2,False,1,0,6750.0,0.0,0.0,False,0.00029301562294545107,0.0,0
100000005105153100,peripheral,0.25,4,0.1028,"слабый сток in_deg=1, 30,000 KZT (ниже порога terminal)",2,False,1,0,30000.0,0.0,0.0,False,0.0004010169668275693,0.0,0
100000001985793100,terminal,0.462,5,0.26,"деньги приходят (in_deg=1, 420,000 KZT) и не уходят; depth=2≠4",2,False,1,0,420000.0,0.0,0.0,False,0.00037266107613849356,0.0,0
100000003134934100,terminal,0.5179,2,0.2692,"деньги приходят (in_deg=4, 379,354 KZT) и не уходят; depth=2≠4",2,False,4,0,379354.0,0.0,0.0,False,0.0004244791138523053,0.0,0
100000006240939100,peripheral,0.15,5,0.0989,нет выраженных признаков роли,2,False,1,5,160000.0,778015.0,4.86259375,False,0.00031874711590155894,3.7647901763546606e-06,0
100000008656043100,peripheral,0.25,0,0.1003,"слабый сток in_deg=1, 26,200 KZT (ниже порога terminal)",2,False,1,0,26200.0,0.0,0.0,False,0.00029446779175500794,0.0,0
100000002605184100,terminal,0.434,3,0.2565,"деньги приходят (in_deg=1, 140,000 KZT) и не уходят; depth=2≠4",2,False,1,0,140000.0,0.0,0.0,False,0.0003910735207907158,0.0,0
100000003157333100,peripheral,0.25,5,0.1003,"слабый сток in_deg=1, 30,000 KZT (ниже порога terminal)",2,False,1,0,30000.0,0.0,0.0,False,0.0002912552172831002,0.0,0
100000007898453100,peripheral,0.15,65,0.0943,нет выраженных признаков роли,2,False,1,2,24750.0,320000.0,12.929292929292929,False,0.0003330161085564532,2.3975769017837576e-05,0
100000002710570100,terminal,0.4425,30,0.2611,"деньги приходят (in_deg=1, 225,015 KZT) и не уходят; depth=2≠4",2,False,1,0,225015.0,0.0,0.0,False,0.0005391306175502213,0.0,0
100000004979498100,peripheral,0.15,47,0.1487,нет выраженных признаков роли,2,False,1,1,700000.0,200000.0,0.2857142857142857,False,0.0013189827666274707,0.0,1
100000001541418100,terminal,0.4497,7,0.2567,"деньги приходят (in_deg=2, 96,900 KZT) и не уходят; depth=2≠4",2,False,2,0,96900.0,0.0,0.0,False,0.0003035306386081881,0.0,0
100000007797290100,peripheral,0.15,1,0.0917,нет выраженных признаков роли,2,False,1,1,100000.0,20000.0,0.2,False,0.00030112537616285126,1.922024458454748e-05,0
100000008683818100,peripheral,0.25,0,0.1002,"слабый сток in_deg=1, 17,400 KZT (ниже порога terminal)",2,False,1,0,17400.0,0.0,0.0,False,0.00029147898342172916,0.0,0
100000006567935100,terminal,0.44,28,0.2554,"деньги приходят (in_deg=1, 200,000 KZT) и не уходят; depth=2≠4",2,False,1,0,200000.0,0.0,0.0,False,0.0003105560209740043,0.0,0
100000002132479100,peripheral,0.15,14,0.0986,нет выраженных признаков роли,2,False,1,1,30000.0,20000.0,0.6666666666666666,False,0.0006060232510344745,0.0,0
100000002170580100,terminal,0.435,8,0.2558,"деньги приходят (in_deg=1, 150,000 KZT) и не уходят; depth=2≠4",2,False,1,0,150000.0,0.0,0.0,False,0.00035703793369898514,0.0,0
100000001232297100,peripheral,0.15,13,0.0921,нет выраженных признаков роли,2,False,1,2,5000.0,45000.0,9.0,False,0.00029215183280656036,2.3975769017837576e-05,0
100000002028158100,peripheral,0.25,3,0.1004,"слабый сток in_deg=1, 34,800 KZT (ниже порога terminal)",2,False,1,0,34800.0,0.0,0.0,False,0.000296640598423468,0.0,0
100000005519998100,transit,0.7434,19,0.3437,"pass-through=1.03: in=182,000 → out=188,000 KZT",2,False,3,3,182000.0,188000.0,1.032967032967033,False,0.0006524582538824914,3.051461511361146e-05,0
100000002335358100,terminal,0.434,3,0.2616,"деньги приходят (in_deg=1, 140,000 KZT) и не уходят; depth=2≠4",2,False,1,0,140000.0,0.0,0.0,False,0.0006124866171005896,0.0,0
100000007289427100,peripheral,0.25,2,0.1021,"слабый сток in_deg=1, 12,300 KZT (ниже порога terminal)",2,False,1,0,12300.0,0.0,0.0,False,0.00037362695295329755,0.0,0
100000004592467100,peripheral,0.25,2,0.1001,"слабый сток in_deg=1, 7,000 KZT (ниже порога terminal)",2,False,1,0,7000.0,0.0,0.0,False,0.0002866229494599168,0.0,0
100000004993576100,terminal,0.4367,3,0.2556,"деньги приходят (in_deg=1, 167,000 KZT) и не уходят; depth=2≠4",2,False,1,0,167000.0,0.0,0.0,False,0.0003386988287699199,0.0,0
100000001648936100,peripheral,0.25,5,0.1008,"слабый сток in_deg=1, 92,740 KZT (ниже порога terminal)",2,False,1,0,92740.0,0.0,0.0,False,0.00030314637772139465,0.0,0
100000008512552100,coordinator,0.8,15,0.5555,"связей с seed=0, betweenness=0.0004, in=4/out=6",2,False,4,6,394360.0,1302275.0,3.3022492139162187,False,0.0004258788196805519,0.0003907455909353364,0
100000007629096100,peripheral,0.15,2,0.1521,нет выраженных признаков роли,2,False,4,1,1075170.0,765205.0,0.7117060557865268,False,0.002472405947107246,0.0,0
100000001601320100,transit,0.7376,5,0.3431,"pass-through=1.06: in=43,500 → out=46,200 KZT",2,False,2,1,43500.0,46200.0,1.0620689655172413,False,0.000811763739861757,9.90734256935437e-07,0
100000005782781100,distributor,0.54,5,0.4674,"веер на 10 получателей (1,263,597 KZT), in_deg=6",2,False,6,10,171888.0,1263597.0,7.351281066741134,False,0.00048750965276008574,0.0005423279322464582,0
100000002723538100,distributor,0.548,2,0.4903,"веер на 12 получателей (560,499 KZT), in_deg=3",2,False,3,12,105647.0,560499.0,5.305394379395534,False,0.0003203131606128606,0.0004198731780892382,1
100000002340562100,peripheral,0.25,5,0.1059,"слабый сток in_deg=1, 36,650 KZT (ниже порога terminal)",2,False,1,0,36650.0,0.0,0.0,False,0.0005308569205030136,0.0,0
100000005939154100,peripheral,0.25,3,0.1003,"слабый сток in_deg=1, 22,000 KZT (ниже порога terminal)",2,False,1,0,22000.0,0.0,0.0,False,0.00029369666480402756,0.0,0
100000004386258100,peripheral,0.15,10,0.1005,нет выраженных признаков роли,2,False,3,3,61700.0,40000.0,0.6482982171799028,False,0.0005336690126056157,0.00012047328564334914,0
100000008406609100,peripheral,0.25,20,0.1035,"слабый сток in_deg=1, 34,000 KZT (ниже порога terminal)",2,False,1,0,34000.0,0.0,0.0,False,0.0004305038206509491,0.0,0
100000007242833100,peripheral,0.15,10,0.0968,нет выраженных признаков роли,2,False,1,1,107500.0,45000.0,0.4186046511627907,False,0.0005138001156911187,1.981468513870874e-05,0
100000004698193100,peripheral,0.15,5,0.1071,нет выраженных признаков роли,2,False,2,3,222700.0,38000.0,0.17063313875168387,False,0.0008254145941905166,1.5851748110966993e-06,0
100000002733905100,peripheral,0.15,0,0.1583,нет выраженных признаков роли,2,False,3,2,100000.0,717839.0,7.17839,False,0.0029169603294352253,1.7833216624837866e-06,0
100000006912294100,peripheral,0.15,7,0.0968,нет выраженных признаков роли,2,False,1,2,6335.09,30000.0,4.7355286191672095,False,0.0004989220673206186,5.944405541612623e-07,0
100000003036198100,peripheral,0.25,2,0.1001,"слабый сток in_deg=1, 15,000 KZT (ниже порога terminal)",2,False,1,0,15000.0,0.0,0.0,False,0.00028793400673163044,0.0,0
100000004687099100,peripheral,0.25,5,0.1013,"слабый сток in_deg=1, 30,000 KZT (ниже порога terminal)",2,False,1,0,30000.0,0.0,0.0,False,0.00033422473963996927,0.0,0
100000005242320100,distributor,0.584,11,0.5109,"веер на 21 получателей (8,936,295 KZT), in_deg=2",2,False,2,21,365700.0,8936295.0,24.43613617719442,False,0.000500124131418562,2.7146118640030977e-05,0
100000008762832100,peripheral,0.15,2,0.0924,нет выраженных признаков роли,2,False,1,1,150000.0,85000.0,0.5666666666666667,False,0.00030814762084497665,0.0,0
100000002489253100,peripheral,0.25,3,0.1006,"слабый сток in_deg=1, 51,000 KZT (ниже порога terminal)",2,False,1,0,51000.0,0.0,0.0,False,0.0003018444912491935,0.0,0
100000004756901100,terminal,0.4353,3,0.2548,"деньги приходят (in_deg=1, 153,248 KZT) и не уходят; depth=2≠4",2,False,1,0,153248.0,0.0,0.0,False,0.000310952291457037,0.0,0
100000008749989100,peripheral,0.25,0,0.1002,"слабый сток in_deg=1, 16,000 KZT (ниже порога terminal)",2,False,1,0,16000.0,0.0,0.0,False,0.0002910034911868893,0.0,0
100000001380986100,peripheral,0.25,7,0.1005,"слабый сток in_deg=1, 70,170 KZT (ниже порога terminal)",2,False,1,0,70170.0,0.0,0.0,False,0.00029217226654781767,0.0,0
100000003089018100,terminal,0.443,7,0.2558,"деньги приходят (in_deg=1, 230,000 KZT) и не уходят; depth=2≠4",2,False,1,0,230000.0,0.0,0.0,False,0.0003072122133568242,0.0,0
100000008742266100,peripheral,0.25,0,0.1003,"слабый сток in_deg=1, 21,000 KZT (ниже порога terminal)",2,False,1,0,21000.0,0.0,0.0,False,0.0002927016777398886,0.0,0
100000003044431100,terminal,0.446,1,0.2561,"деньги приходят (in_deg=2, 60,000 KZT) и не уходят; depth=2≠4",2,False,2,0,60000.0,0.0,0.0,False,0.00030245857854886964,0.0,0
100000003321423100,terminal,0.43,8,0.2624,"деньги приходят (in_deg=1, 100,000 KZT) и не уходят; depth=2≠4",2,False,1,0,100000.0,0.0,0.0,False,0.0006711029646605621,0.0,0
100000002540623100,terminal,0.43,8,0.2545,"деньги приходят (in_deg=1, 100,000 KZT) и не уходят; depth=2≠4",2,False,1,0,100000.0,0.0,0.0,False,0.00033321505387175394,0.0,0
100000004225615100,peripheral,0.25,7,0.1006,"слабый сток in_deg=1, 90,000 KZT (ниже порога terminal)",2,False,1,0,90000.0,0.0,0.0,False,0.0002940382625762391,0.0,0
100000004820260100,transit,0.7339,3,0.3589,"pass-through=0.92: in=234,200 → out=215,350 KZT",2,False,1,3,234200.0,215350.0,0.9195132365499573,False,0.0014014565775826964,1.9616538287321655e-05,0
100000000795129100,terminal,0.4532,3,0.2592,"деньги приходят (in_deg=1, 332,000 KZT) и не уходят; depth=2≠4",2,False,1,0,332000.0,0.0,0.0,False,0.0003911920814716186,0.0,0
100000008213966100,peripheral,0.15,19,0.1336,нет выраженных признаков роли,2,False,3,1,187004.0,436900.0,2.336313661739856,False,0.0019335519524195809,4.319601360238506e-05,0
100000008478414100,peripheral,0.25,0,0.1001,"слабый сток in_deg=1, 10,000 KZT (ниже порога terminal)",2,False,1,0,10000.0,0.0,0.0,False,0.0002889656673232902,0.0,0
100000001330595100,peripheral,0.15,24,0.1027,нет выраженных признаков роли,2,False,3,1,87000.0,154000.0,1.7701149425287357,False,0.0006755694259219623,1.1888811083225246e-06,0
100000000076451100,peripheral,0.15,3,0.1216,нет выраженных признаков роли,2,False,3,4,87707.0,58000.0,0.661292713238396,False,0.0013962008641423948,9.76863977338341e-05,0
100000005664632100,terminal,0.4399,58,0.2567,"деньги приходят (in_deg=1, 198,620 KZT) и не уходят; depth=2≠4",2,False,1,0,198620.0,0.0,0.0,False,0.00036514203992280383,0.0,0
100000002457464100,peripheral,0.25,2,0.1011,"слабый сток in_deg=1, 66,647 KZT (ниже порога terminal)",2,False,1,0,66647.0,0.0,0.0,False,0.000322174039539466,0.0,0
100000002757240100,peripheral,0.25,2,0.101,"слабый сток in_deg=1, 51,183 KZT (ниже порога terminal)",2,False,1,0,51183.0,0.0,0.0,False,0.0003168465094748048,0.0,0
100000003718221100,peripheral,0.15,23,0.1152,нет выраженных признаков роли,2,False,2,4,350000.0,423500.0,1.21,False,0.0010434682866013786,4.022381083157874e-05,0
100000008629581100,peripheral,0.25,2,0.1009,"слабый сток in_deg=1, 54,184 KZT (ниже порога terminal)",2,False,1,0,54184.0,0.0,0.0,False,0.00031532894612265415,0.0,0
100000004806903100,peripheral,0.25,2,0.1059,"слабый сток in_deg=1, 18,000 KZT (ниже порога terminal)",2,False,1,0,18000.0,0.0,0.0,False,0.0005335389049993353,0.0,0
100000000913911100,peripheral,0.15,2,0.1002,нет выраженных признаков роли,2,False,2,1,467000.0,600000.0,1.284796573875803,False,0.000459443186238892,1.9418391435934565e-05,0
100000004905207100,terminal,0.458,14,0.2609,"деньги приходят (in_deg=1, 380,000 KZT) и не уходят; depth=2≠4",2,False,1,0,380000.0,0.0,0.0,False,0.0004347034731912397,0.0,0
100000003831201100,peripheral,0.25,1,0.106,"слабый сток in_deg=1, 40,500 KZT (ниже порога terminal)",2,False,1,0,40500.0,0.0,0.0,False,0.0005343335334517995,0.0,0
100000003073398100,peripheral,0.25,5,0.1008,"слабый сток in_deg=1, 92,960 KZT (ниже порога terminal)",2,False,1,0,92960.0,0.0,0.0,False,0.0003031880744905439,0.0,0
100000008418934100,terminal,0.456,7,0.2579,"деньги приходят (in_deg=1, 360,000 KZT) и не уходят; depth=2≠4",2,False,1,0,360000.0,0.0,0.0,False,0.0003194451676530817,0.0,0
100000002741024100,consolidator,0.575,2,0.5662,"аккумулирует от 5 источников (817,981 KZT), далее out_deg=6",2,False,5,6,817980.85,434989.0,0.5317838431058625,False,0.002855186532890212,0.00011868996398086536,0
100000008106997100,peripheral,0.15,1,0.0924,нет выраженных признаков роли,2,False,2,1,35600.0,20600.0,0.5786516853932584,False,0.0003053704876347353,1.922024458454748e-05,0
100000007998965100,consolidator,0.8313,8,0.528,"получает от 5 плательщиков (278,000 KZT), отдаёт 1 (26,000 KZT)",2,False,5,1,278000.0,26000.0,0.09352517985611511,False,0.0004719217907251269,1.981468513870874e-05,0
100000001822623100,terminal,0.4401,23,0.2558,"деньги приходят (in_deg=1, 201,300 KZT) и не уходят; depth=2≠4",2,False,1,0,201300.0,0.0,0.0,False,0.0003234925604032025,0.0,0
100000006424479100,peripheral,0.15,13,0.1101,нет выраженных признаков роли,2,False,1,2,500000.0,220000.0,0.44,False,0.0009438231531441742,7.311618816183526e-05,0
100000008696692100,peripheral,0.25,0,0.1002,"слабый сток in_deg=1, 19,000 KZT (ниже порога terminal)",2,False,1,0,19000.0,0.0,0.0,False,0.0002920224031186889,0.0,0
100000002748532100,peripheral,0.15,16,0.0988,нет выраженных признаков роли,2,False,3,2,355575.0,646685.0,1.8187021022287844,False,0.0003391055199443412,4.4781188413481754e-05,0
100000004456564100,peripheral,0.25,14,0.1026,"слабый сток in_deg=1, 10,000 KZT (ниже порога terminal)",2,False,1,0,10000.0,0.0,0.0,False,0.0003923872798230192,0.0,0
100000001530740100,peripheral,0.25,3,0.1058,"слабый сток in_deg=1, 15,000 KZT (ниже порога terminal)",2,False,1,0,15000.0,0.0,0.0,False,0.0005298197024409172,0.0,0
100000001386612100,peripheral,0.25,14,0.1037,"слабый сток in_deg=1, 62,264 KZT (ниже порога terminal)",2,False,1,0,62264.0,0.0,0.0,False,0.00043377009568121354,0.0,0
100000003360542100,peripheral,0.15,8,0.1214,нет выраженных признаков роли,2,False,2,2,317000.0,51800.0,0.16340694006309148,False,0.0014564325480065506,9.90734256935437e-07,0
100000008352542100,peripheral,0.25,2,0.1013,"слабый сток in_deg=1, 50,220 KZT (ниже порога terminal)",2,False,1,0,50220.0,0.0,0.0,False,0.00033147541987125275,0.0,0
100000001138376100,peripheral,0.25,3,0.1002,"слабый сток in_deg=1, 15,300 KZT (ниже порога terminal)",2,False,1,0,15300.0,0.0,0.0,False,0.0002904368503769036,0.0,0
100000003246024100,peripheral,0.15,1,0.093,нет выраженных признаков роли,2,False,1,1,25000.0,5000.0,0.2,False,0.0003713400564301809,0.001538808447872121,0
100000002680477100,peripheral,0.25,11,0.1003,"слабый сток in_deg=1, 25,000 KZT (ниже порога terminal)",2,False,1,0,25000.0,0.0,0.0,False,0.0002945585541995784,0.0,0
100000005882013100,peripheral,0.15,13,0.0979,нет выраженных признаков роли,2,False,2,1,135000.0,10000.0,0.07407407407407407,False,0.0005264244942722112,1.5851748110966993e-06,0
100000005665181100,distributor,0.544,4,0.4599,"веер на 11 получателей (181,915 KZT), in_deg=4",2,False,4,11,45498.0,181915.0,3.998307617917271,False,0.00039853973458055437,0.000467032128719365,0
100000008141170100,peripheral,0.25,3,0.1079,"слабый сток in_deg=1, 11,000 KZT (ниже порога terminal)",2,False,1,0,11000.0,0.0,0.0,False,0.0006219001408928715,0.0,0
100000001382002100,transit,0.7445,1,0.3396,"pass-through=1.03: in=55,000 → out=56,500 KZT",2,False,1,1,55000.0,56500.0,1.0272727272727273,False,0.0006633074267595736,0.0,0
100000002481735100,peripheral,0.25,3,0.1019,"слабый сток in_deg=1, 22,436 KZT (ниже порога terminal)",2,False,1,0,22436.0,0.0,0.0,False,0.00036270354277617944,0.0,0
100000000806727100,peripheral,0.15,2,0.0925,нет выраженных признаков роли,2,False,1,1,45000.0,5000.0,0.1111111111111111,False,0.0003458595620044761,0.0,0
100000003039473100,peripheral,0.25,3,0.1007,"слабый сток in_deg=1, 23,000 KZT (ниже порога terminal)",2,False,1,0,23000.0,0.0,0.0,False,0.0003122138956605194,0.0,0
100000005205745100,peripheral,0.25,5,0.1007,"слабый сток in_deg=1, 6,000 KZT (ниже порога terminal)",2,False,1,0,6000.0,0.0,0.0,False,0.0003122614004459658,0.0,0
100000004356593100,peripheral,0.15,2,0.0913,нет выраженных признаков роли,2,False,1,1,50000.0,10000.0,0.2,False,0.0002934516692650879,1.922024458454748e-05,0
100000008688881100,peripheral,0.25,0,0.1006,"слабый сток in_deg=1, 44,211 KZT (ниже порога terminal)",2,False,1,0,44211.0,0.0,0.0,False,0.0003005849993562221,0.0,0
100000008111003100,consolidator,0.8486,1,0.5303,"получает от 6 плательщиков (222,716 KZT), отдаёт 1 (35,000 KZT)",2,False,6,1,222716.0,35000.0,0.15715081089818422,False,0.0004696217007352469,0.004828442474600546,0
100000003016773100,peripheral,0.25,12,0.1009,"слабый сток in_deg=1, 46,555 KZT (ниже порога terminal)",2,False,1,0,46555.0,0.0,0.0,False,0.0003147956646990758,0.0,0
100000004674799100,terminal,0.434,1,0.2658,"деньги приходят (in_deg=1, 140,000 KZT) и не уходят; depth=2≠4",2,False,1,0,140000.0,0.0,0.0,False,0.0007906731933061705,0.0,0
100000005834479100,peripheral,0.15,6,0.0918,нет выраженных признаков роли,2,False,1,2,7500.0,14470.0,1.9293333333333333,False,0.000286751650474461,1.2681398488773594e-05,0
100000003278020100,terminal,0.439,1,0.2556,"деньги приходят (in_deg=1, 190,000 KZT) и не уходят; depth=2≠4",2,False,1,0,190000.0,0.0,0.0,False,0.0003245512930395261,0.0,0
100000000831684100,peripheral,0.15,10,0.1286,нет выраженных признаков роли,2,False,1,1,15000.0,50000.0,3.3333333333333335,False,0.001890608922334037,0.0,0
100000000307908100,peripheral,0.25,39,0.1003,"слабый сток in_deg=1, 5,000 KZT (ниже порога terminal)",2,False,1,0,5000.0,0.0,0.0,False,0.0002964337747494601,0.0,0
100000001782980100,peripheral,0.15,29,0.0955,нет выраженных признаков роли,2,False,1,1,50000.0,596200.0,11.924,False,0.0003702831507848965,5.944405541612623e-07,0
100000002454724100,terminal,0.4325,28,0.2542,"деньги приходят (in_deg=1, 125,000 KZT) и не уходят; depth=2≠4",2,False,1,0,125000.0,0.0,0.0,False,0.000301185998440237,0.0,0
100000005904580100,terminal,0.4472,10,0.2614,"деньги приходят (in_deg=2, 72,000 KZT) и не уходят; depth=2≠4",2,False,2,0,72000.0,0.0,0.0,False,0.0005227099859368706,0.0,0
100000008474308100,peripheral,0.15,1,0.0947,нет выраженных признаков роли,2,False,1,1,14000.0,10000.0,0.7142857142857143,False,0.00044502203600991613,0.0,0
100000000795033100,peripheral,0.25,1,0.1059,"слабый сток in_deg=1, 18,200 KZT (ниже порога terminal)",2,False,1,0,18200.0,0.0,0.0,False,0.0005330176535576387,0.0,0
100000000861294100,terminal,0.435,5,0.2548,"деньги приходят (in_deg=1, 150,000 KZT) и не уходят; depth=2≠4",2,False,1,0,150000.0,0.0,0.0,False,0.00031399890954633474,0.0,0
100000006557763100,peripheral,0.25,2,0.1015,"слабый сток in_deg=1, 10,000 KZT (ниже порога terminal)",2,False,1,0,10000.0,0.0,0.0,False,0.0003471751881752861,0.0,0
100000005608515100,peripheral,0.25,5,0.1005,"слабый сток in_deg=1, 64,000 KZT (ниже порога terminal)",2,False,1,0,64000.0,0.0,0.0,False,0.00029315963533001725,0.0,0
100000003922499100,peripheral,0.25,10,0.1061,"слабый сток in_deg=1, 50,000 KZT (ниже порога terminal)",2,False,1,0,50000.0,0.0,0.0,False,0.0005352399237782662,0.0,0
100000008603629100,distributor,0.744,6,0.5809,"веер на 61 получателей (4,986,156 KZT), in_deg=19",2,False,19,61,1817300.0,4986156.0,2.7437165025037142,False,0.0011918072731347854,0.007270800564797786,0
100000004825069100,peripheral,0.25,0,0.1004,"слабый сток in_deg=1, 30,000 KZT (ниже порога terminal)",2,False,1,0,30000.0,0.0,0.0,False,0.0002957584135352874,0.0,0
100000004331458100,terminal,0.465,42,0.2826,"деньги приходят (in_deg=2, 250,000 KZT) и не уходят; depth=2≠4",2,False,2,0,250000.0,0.0,0.0,False,0.0013234381164598703,0.0,0
100000002911170100,terminal,0.45,28,0.2571,"деньги приходят (in_deg=1, 300,000 KZT) и не уходят; depth=2≠4",2,False,1,0,300000.0,0.0,0.0,False,0.00032304938435236065,0.0,0
100000008011159100,peripheral,0.15,36,0.1028,нет выраженных признаков роли,2,False,3,5,363000.0,153037.0,0.4215895316804408,False,0.0004861091667224934,0.00013236209672657439,0
100000003854444100,distributor,0.556,18,0.4723,"веер на 14 получателей (2,322,909 KZT), in_deg=1",2,False,1,14,210000.0,2322909.0,11.061471428571428,False,0.00046676162714719355,0.0005593685614657478,0
100000008547948100,distributor,0.604,7,0.5025,"веер на 26 получателей (5,185,600 KZT), in_deg=6",2,False,6,26,212665.0,5185600.0,24.383890155878966,False,0.00042770372491676185,0.0010073785924519525,0
100000005175148100,peripheral,0.15,3,0.1022,нет выраженных признаков роли,2,False,2,1,79000.0,15000.0,0.189873417721519,False,0.0007181459635567832,1.5059160705418642e-05,0
100000002087788100,terminal,0.4301,4,0.2622,"деньги приходят (in_deg=1, 100,500 KZT) и не уходят; depth=2≠4",2,False,1,0,100500.0,0.0,0.0,False,0.0006585724738436684,0.0,0
100000004150593100,distributor,0.544,3,0.4581,"веер на 11 получателей (871,165 KZT), in_deg=1",2,False,1,11,57000.0,871165.0,15.28359649122807,False,0.000306626572555653,0.00028572775970018004,0
100000001597505100,peripheral,0.15,22,0.0917,нет выраженных признаков роли,2,False,1,1,26460.0,12920.0,0.48828420256991684,False,0.0003147589028316769,1.9418391435934565e-05,0
100000007629121100,peripheral,0.25,2,0.1027,"слабый сток in_deg=1, 29,000 KZT (ниже порога terminal)",2,False,1,0,29000.0,0.0,0.0,False,0.00039603609156140906,0.0,0
100000005614315100,terminal,0.4655,3,0.2652,"деньги приходят (in_deg=1, 455,000 KZT) и не уходят; depth=2≠4",2,False,1,0,455000.0,0.0,0.0,False,0.0005750924282981945,0.0,0
100000008324800100,transit,0.7441,4,0.3729,"pass-through=0.97: in=526,500 → out=511,000 KZT",2,False,3,1,526500.0,511000.0,0.9705603038936372,False,0.0018517826355651473,1.922024458454748e-05,0
100000005030592100,peripheral,0.25,3,0.1001,"слабый сток in_deg=1, 10,000 KZT (ниже порога terminal)",2,False,1,0,10000.0,0.0,0.0,False,0.00028875070347193993,0.0,0
100000001633685100,terminal,0.4645,1,0.2588,"деньги приходят (in_deg=3, 45,000 KZT) и не уходят; depth=2≠4",2,False,3,0,45000.0,0.0,0.0,False,0.0003061866332400341,0.0,0
100000001848426100,peripheral,0.25,5,0.1008,"слабый сток in_deg=1, 95,530 KZT (ниже порога terminal)",2,False,1,0,95530.0,0.0,0.0,False,0.00030367516856651485,0.0,0
100000004580202100,peripheral,0.15,23,0.0936,нет выраженных признаков роли,2,False,1,3,9000.0,45000.0,5.0,False,0.00032162328322811625,5.9444055416126226e-05,0
100000008717375100,peripheral,0.25,2,0.1005,"слабый сток in_deg=1, 29,506 KZT (ниже порога terminal)",2,False,1,0,29506.0,0.0,0.0,False,0.0003017749691235301,0.0,0
100000007861311100,peripheral,0.25,5,0.1019,"слабый сток in_deg=1, 45,000 KZT (ниже порога terminal)",2,False,1,0,45000.0,0.0,0.0,False,0.0003585524623513082,0.0,0
100000005578559100,distributor,0.584,9,0.4738,"веер на 21 получателей (893,164 KZT), in_deg=2",2,False,2,21,131000.0,893163.6699999999,6.818043282442748,False,0.0003910151132301357,0.0009560585579426968,0
100000008764436100,peripheral,0.25,0,0.1002,"слабый сток in_deg=1, 13,100 KZT (ниже порога terminal)",2,False,1,0,13100.0,0.0,0.0,False,0.0002900185429861497,0.0,0
100000000190228100,peripheral,0.15,7,0.0979,нет выраженных признаков роли,2,False,1,1,5000.0,28560.0,5.712,False,0.0005820068181865657,2.159800680119253e-05,0
100000003971049100,peripheral,0.25,1,0.1005,"слабый сток in_deg=1, 55,900 KZT (ниже порога terminal)",2,False,1,0,55900.0,0.0,0.0,False,0.0002942651440248594,0.0,0
100000008743913100,distributor,0.552,16,0.4674,"веер на 13 получателей (1,850,600 KZT), in_deg=3",2,False,3,13,149300.0,1850600.0,12.395177494976558,False,0.00033210781237653827,0.00030098506725698577,0
100000004400361100,peripheral,0.25,3,0.1001,"слабый сток in_deg=1, 10,000 KZT (ниже порога terminal)",2,False,1,0,10000.0,0.0,0.0,False,0.000287225628866993,0.0,0
100000002175422100,peripheral,0.15,30,0.1169,нет выраженных признаков роли,2,False,3,6,68500.0,1621188.0,23.66697810218978,False,0.0008458861317816038,0.00015871562796105702,0
100000004544958100,peripheral,0.15,8,0.1142,нет выраженных признаков роли,2,False,1,2,168000.0,23200.0,0.1380952380952381,False,0.001214607508891017,2.0805419395644178e-05,0
100000008466579100,distributor,0.568,12,0.4719,"веер на 17 получателей (1,933,000 KZT), in_deg=2",2,False,2,17,36952.0,1933000.0,52.31110630006495,False,0.00035341388858493617,0.0005980071974862299,0
100000001184915100,terminal,0.4401,3,0.2564,"деньги приходят (in_deg=1, 201,000 KZT) и не уходят; depth=2≠4",2,False,1,0,201000.0,0.0,0.0,False,0.0003495156202357245,0.0,0
100000004435304100,peripheral,0.25,0,0.1003,"слабый сток in_deg=1, 26,200 KZT (ниже порога terminal)",2,False,1,0,26200.0,0.0,0.0,False,0.00029446779175500794,0.0,0
100000008762728100,peripheral,0.25,3,0.1008,"слабый сток in_deg=1, 17,026 KZT (ниже порога terminal)",2,False,1,0,17026.0,0.0,0.0,False,0.00031770106594377733,0.0,0
100000004285800100,peripheral,0.15,1,0.0923,нет выраженных признаков роли,2,False,1,1,5000.0,15000.0,3.0,False,0.000344218134783301,0.0,0
100000008557672100,peripheral,0.25,0,0.1006,"слабый сток in_deg=1, 49,125 KZT (ниже порога terminal)",2,False,1,0,49125.0,0.0,0.0,False,0.00030225397710050976,0.0,0
100000005142589100,peripheral,0.25,1,0.1008,"слабый сток in_deg=1, 50,000 KZT (ниже порога terminal)",2,False,1,0,50000.0,0.0,0.0,False,0.00031036977108607613,0.0,0
100000003747133100,consolidator,0.65,43,0.5093,"получает от 5 плательщиков (237,068 KZT), отдаёт 2 (250,000 KZT)",2,False,5,2,237068.0,250000.0,1.0545497494389795,False,0.00037807073413400954,9.610122292273739e-05,0
100000003289405100,terminal,0.4555,2,0.2583,"деньги приходят (in_deg=1, 355,000 KZT) и не уходят; depth=2≠4",2,False,1,0,355000.0,0.0,0.0,False,0.0003390046672361463,0.0,0
100000002691858100,peripheral,0.25,22,0.1016,"слабый сток in_deg=1, 51,500 KZT (ниже порога terminal)",2,False,1,0,51500.0,0.0,0.0,False,0.0003423820245136197,0.0,0
100000007534354100,peripheral,0.15,8,0.0938,нет выраженных признаков роли,2,False,1,3,50000.0,147810.0,2.9562,False,0.00030354781418186536,2.377762216645049e-06,0
100000000765628100,peripheral,0.25,3,0.1007,"слабый сток in_deg=1, 5,000 KZT (ниже порога terminal)",2,False,1,0,5000.0,0.0,0.0,False,0.0003154241694621753,0.0,0
100000004962193100,consolidator,0.94,1,0.5474,"получает от 8 плательщиков (900,468 KZT), отдаёт 0 (0 KZT)",2,False,8,0,900468.0,0.0,0.0,False,0.0006573150442725728,0.0,0
100000005032294100,peripheral,0.25,14,0.1026,"слабый сток in_deg=1, 10,000 KZT (ниже порога terminal)",2,False,1,0,10000.0,0.0,0.0,False,0.0003923872798230192,0.0,0
100000001251686100,peripheral,0.25,2,0.1003,"слабый сток in_deg=1, 18,000 KZT (ниже порога terminal)",2,False,1,0,18000.0,0.0,0.0,False,0.0002965688423999936,0.0,0
100000002398779100,consolidator,1.0,1,0.5816,"получает от 13 плательщиков (1,095,690 KZT), отдаёт 1 (66,000 KZT)",2,False,13,1,1095690.0,66000.0,0.06023601566136407,False,0.0016005031258790267,2.298503476090214e-05,0
100000008512827100,distributor,0.54,11,0.4639,"веер на 10 получателей (1,944,500 KZT), in_deg=3",2,False,3,10,107949.0,1944500.0,18.01313583266172,False,0.0003352561979240582,0.00014385461410702547,0
100000003943483100,peripheral,0.25,10,0.1011,"слабый сток in_deg=1, 10,000 KZT (ниже порога terminal)",2,False,1,0,10000.0,0.0,0.0,False,0.0003289649862338501,0.0,0
100000005031696100,peripheral,0.15,48,0.0981,нет выраженных признаков роли,2,False,1,2,5000.0,115000.0,23.0,False,0.0005397118809391464,9.59030760713503e-05,0
100000002703376100,peripheral,0.25,1,0.1004,"слабый сток in_deg=1, 46,501 KZT (ниже порога terminal)",2,False,1,0,46501.0,0.0,0.0,False,0.0002928030278827963,0.0,0
100000003617552100,peripheral,0.25,29,0.1063,"слабый сток in_deg=1, 25,000 KZT (ниже порога terminal)",2,False,1,0,25000.0,0.0,0.0,False,0.000551045254274077,0.0,0
100000007617808100,terminal,0.465,3,0.2601,"деньги приходят (in_deg=1, 450,000 KZT) и не уходят; depth=2≠4",2,False,1,0,450000.0,0.0,0.0,False,0.0003601043534538589,0.0,0
100000002613776100,peripheral,0.25,1,0.1005,"слабый сток in_deg=1, 30,000 KZT (ниже порога terminal)",2,False,1,0,30000.0,0.0,0.0,False,0.0003014863033266471,0.0,0
100000002578405100,distributor,0.964,0,0.6102,"веер на 116 получателей (3,108,352 KZT), in_deg=2",2,False,2,116,1200351.0,3108352.0,2.589535894084314,False,0.0005700071256448141,0.00017100073274705643,0
100000006161893100,peripheral,0.25,3,0.1058,"слабый сток in_deg=1, 14,000 KZT (ниже порога terminal)",2,False,1,0,14000.0,0.0,0.0,False,0.000531853518814669,0.0,0
100000002633701100,terminal,0.4467,7,0.2564,"деньги приходят (in_deg=1, 266,850 KZT) и не уходят; depth=2≠4",2,False,1,0,266850.0,0.0,0.0,False,0.00031067978540157105,0.0,0
100000002432143100,peripheral,0.25,2,0.1015,"слабый сток in_deg=1, 81,310 KZT (ниже порога terminal)",2,False,1,0,81310.0,0.0,0.0,False,0.0003352566977025973,0.0,0
100000000490383100,coordinator,0.8,3,0.5543,"связей с seed=0, betweenness=0.0002, in=3/out=8",2,False,3,8,62600.0,461375.0,7.37020766773163,False,0.0005480373500605449,0.000206270872293958,0
100000005809252100,peripheral,0.25,4,0.1067,"слабый сток in_deg=1, 25,000 KZT (ниже порога terminal)",2,False,1,0,25000.0,0.0,0.0,False,0.0005671286342298161,0.0,0
100000006612238100,peripheral,0.15,0,0.0929,нет выраженных признаков роли,2,False,1,1,160000.0,25000.0,0.15625,False,0.00033991126391326947,0.0,0
100000002593038100,peripheral,0.25,10,0.1088,"слабый сток in_deg=1, 28,500 KZT (ниже порога terminal)",2,False,1,0,28500.0,0.0,0.0,False,0.0006586124144995194,0.0,0
100000002947299100,peripheral,0.25,2,0.1016,"слабый сток in_deg=1, 85,000 KZT (ниже порога terminal)",2,False,1,0,85000.0,0.0,0.0,False,0.0003375116050800512,0.0,0
100000004336312100,transit,0.7107,19,0.3397,"pass-through=0.80: in=90,415 → out=72,650 KZT",2,False,3,2,90415.0,72650.0,0.8035171155228668,False,0.0006960070275624524,6.75680763229968e-05,0
100000001308856100,peripheral,0.25,0,0.1003,"слабый сток in_deg=1, 27,000 KZT (ниже порога terminal)",2,False,1,0,27000.0,0.0,0.0,False,0.00029473950160348783,0.0,0
100000008238989100,terminal,0.44,23,0.2557,"деньги приходят (in_deg=1, 200,000 KZT) и не уходят; depth=2≠4",2,False,1,0,200000.0,0.0,0.0,False,0.0003232476510835717,0.0,0
100000005561741100,peripheral,0.25,9,0.1012,"слабый сток in_deg=1, 25,000 KZT (ниже порога terminal)",2,False,1,0,25000.0,0.0,0.0,False,0.0003298457193194201,0.0,0
100000006248077100,peripheral,0.25,3,0.1004,"слабый сток in_deg=1, 50,000 KZT (ниже порога terminal)",2,False,1,0,50000.0,0.0,0.0,False,0.000293850967465799,0.0,0
100000000646541100,terminal,0.4625,1,0.2632,"деньги приходят (in_deg=3, 25,300 KZT) и не уходят; depth=2≠4",2,False,3,0,25300.0,0.0,0.0,False,0.0005058630830440064,0.0,0
100000006595426100,peripheral,0.25,1,0.1015,"слабый сток in_deg=1, 84,800 KZT (ниже порога terminal)",2,False,1,0,84800.0,0.0,0.0,False,0.0003343197804096485,0.0,0
100000002956898100,terminal,0.469,3,0.2611,"деньги приходят (in_deg=2, 290,240 KZT) и не уходят; depth=2≠4",2,False,2,0,290240.0,0.0,0.0,False,0.00037684131481220164,0.0,0
100000001262647100,peripheral,0.25,3,0.1005,"слабый сток in_deg=1, 23,650 KZT (ниже порога terminal)",2,False,1,0,23650.0,0.0,0.0,False,0.0003033919724920164,0.0,0
100000005849100100,peripheral,0.25,2,0.1049,"слабый сток in_deg=1, 33,300 KZT (ниже порога terminal)",2,False,1,0,33300.0,0.0,0.0,False,0.0004907169210974134,0.0,0
100000000533217100,peripheral,0.25,1,0.1088,"слабый сток in_deg=1, 53,587 KZT (ниже порога terminal)",2,False,1,0,53587.0,0.0,0.0,False,0.00065360299073626,0.0,0
100000002812641100,peripheral,0.15,7,0.1325,нет выраженных признаков роли,2,False,1,1,10000.0,7023.95,0.702395,False,0.0020638538513460276,0.0,0
100000008647905100,peripheral,0.15,18,0.0944,нет выраженных признаков роли,2,False,1,2,50000.0,344222.0,6.88444,False,0.0003287103258672682,3.844048916909496e-05,0
100000002842337100,peripheral,0.25,5,0.1021,"слабый сток in_deg=1, 50,000 KZT (ниже порога terminal)",2,False,1,0,50000.0,0.0,0.0,False,0.0003666617032550878,0.0,0
100000002445750100,peripheral,0.15,1,0.0971,нет выраженных признаков роли,2,False,1,1,70000.0,10000.0,0.14285714285714285,False,0.0005372906870343859,1.9418391435934565e-05,0
100000005619339100,transit,0.7323,3,0.33,"pass-through=1.09: in=5,000 → out=5,443 KZT",2,False,1,1,5000.0,5442.6,1.0885200000000002,False,0.00032082585348585253,0.0,0
100000006844768100,peripheral,0.15,4,0.119,нет выраженных признаков роли,2,False,1,2,282000.0,188000.0,0.6666666666666666,False,0.0013707774167539032,3.883678287186913e-05,0
100000002488629100,peripheral,0.25,5,0.1006,"слабый сток in_deg=1, 73,050 KZT (ниже порога terminal)",2,False,1,0,73050.0,0.0,0.0,False,0.00029941451688253554,0.0,0
100000002796853100,peripheral,0.15,12,0.1346,нет выраженных признаков роли,2,False,1,1,199000.0,46167.62,0.23199809045226133,False,0.0021135984327107045,0.0,0
100000006755850100,terminal,0.4643,4,0.2668,"деньги приходят (in_deg=1, 443,476 KZT) и не уходят; depth=2≠4",2,False,1,0,443475.8,0.0,0.0,False,0.0006492085817124333,0.0,0
100000008733194100,coordinator,1.0,13,0.6929,"связей с seed=4, betweenness=0.0002, in=4/out=8",2,False,4,8,251424.0,159695.0,0.6351621165839378,False,0.0004707255944091296,0.00019458020806211983,4
100000001904863100,terminal,0.47,14,0.2637,"деньги приходят (in_deg=1, 500,000 KZT) и не уходят; depth=2≠4",2,False,1,0,500000.0,0.0,0.0,False,0.0004817984770777497,0.0,0
100000001641951100,peripheral,0.25,2,0.1009,"слабый сток in_deg=1, 25,000 KZT (ниже порога terminal)",2,False,1,0,25000.0,0.0,0.0,False,0.0003190638874323941,0.0,0
100000004816564100,peripheral,0.15,3,0.0942,нет выраженных признаков роли,2,False,1,1,285480.0,5000.0,0.01751436177665686,False,0.00037639216561899424,1.922024458454748e-05,0
100000002205022100,peripheral,0.15,54,0.1008,нет выраженных признаков роли,2,False,1,3,7100.0,518000.0,72.95774647887323,False,0.000545637030146703,5.4292237280061953e-05,0
100000002267998100,peripheral,0.15,23,0.1301,нет выраженных признаков роли,2,False,2,3,420000.0,1115000.0,2.6547619047619047,False,0.0015848317238056782,5.8849614861964964e-05,0
100000002199091100,peripheral,0.25,0,0.1008,"слабый сток in_deg=1, 65,000 KZT (ниже порога terminal)",2,False,1,0,65000.0,0.0,0.0,False,0.00030764571940628254,0.0,0
100000008571443100,terminal,0.4465,13,0.2565,"деньги приходят (in_deg=2, 65,000 KZT) и не уходят; depth=2≠4",2,False,2,0,65000.0,0.0,0.0,False,0.0003147485731714499,0.0,0
100000002742067100,peripheral,0.25,3,0.1002,"слабый сток in_deg=1, 12,730 KZT (ниже порога terminal)",2,False,1,0,12730.0,0.0,0.0,False,0.00028961922819845896,0.0,0
100000003292979100,peripheral,0.25,2,0.1013,"слабый сток in_deg=1, 48,950 KZT (ниже порога terminal)",2,False,1,0,48950.0,0.0,0.0,False,0.0003303145122730741,0.0,0
100000002558173100,peripheral,0.25,22,0.1003,"слабый сток in_deg=1, 9,300 KZT (ниже порога terminal)",2,False,1,0,9300.0,0.0,0.0,False,0.00029582868046497797,0.0,0
100000004687282100,peripheral,0.25,3,0.1012,"слабый сток in_deg=1, 20,000 KZT (ниже порога terminal)",2,False,1,0,20000.0,0.0,0.0,False,0.0003322717689149055,0.0,0
100000003034546100,terminal,0.4687,7,0.26,"деньги приходят (in_deg=1, 486,715 KZT) и не уходят; depth=2≠4",2,False,1,0,486715.0,0.0,0.0,False,0.00033136900460423776,0.0,0
100000003798151100,terminal,0.455,3,0.2637,"деньги приходят (in_deg=1, 350,000 KZT) и не уходят; depth=2≠4",2,False,1,0,350000.0,0.0,0.0,False,0.0005753929174195454,0.0,0
100000008710791100,distributor,0.592,7,0.4953,"веер на 23 получателей (5,521,511 KZT), in_deg=3",2,False,3,23,181510.0,5521511.0,30.41987218335078,False,0.0003342621960762579,0.00031089240982634013,0
100000008688476100,peripheral,0.25,0,0.1003,"слабый сток in_deg=1, 24,000 KZT (ниже порога terminal)",2,False,1,0,24000.0,0.0,0.0,False,0.00029372058967168824,0.0,0
100000003242289100,distributor,0.592,15,0.4862,"веер на 23 получателей (2,377,741 KZT), in_deg=3",2,False,3,23,550791.0,2377741.0,4.316956885642648,False,0.0004397217042853975,0.0009667584879175995,0
100000006564102100,terminal,0.4433,2,0.2586,"деньги приходят (in_deg=1, 233,235 KZT) и не уходят; depth=2≠4",2,False,1,0,233235.0,0.0,0.0,False,0.00042809593979465337,0.0,0
100000001526235100,coordinator,0.8,27,0.562,"связей с seed=0, betweenness=0.0003, in=3/out=8",2,False,3,8,82000.0,432750.0,5.277439024390244,False,0.0008778562267377702,0.0002566001725462782,0
100000004398811100,peripheral,0.15,2,0.1002,нет выраженных признаков роли,2,False,1,3,426000.0,1040672.0,2.4428920187793426,False,0.00034969174183991725,1.1888811083225246e-06,0
100000002957787100,distributor,0.636,1,0.4983,"веер на 34 получателей (1,276,154 KZT), in_deg=4",2,False,4,34,84956.0,1276153.96,15.02135175855737,False,0.0006138323786231619,0.00768889042122454,0
100000002621915100,peripheral,0.25,3,0.1058,"слабый сток in_deg=1, 5,000 KZT (ниже порога terminal)",2,False,1,0,5000.0,0.0,0.0,False,0.000532039201173055,0.0,0
100000008283183100,peripheral,0.25,0,0.1004,"слабый сток in_deg=1, 29,000 KZT (ниже порога terminal)",2,False,1,0,29000.0,0.0,0.0,False,0.00029541877622468754,0.0,0
100000003843844100,peripheral,0.15,13,0.0921,нет выраженных признаков роли,3,False,1,1,16680.0,238000.0,14.268585131894485,False,0.0002917438481336836,1.922024458454748e-05,0
100000000954884100,peripheral,0.25,31,0.1008,"слабый сток in_deg=1, 34,000 KZT (ниже порога terminal)",3,False,1,0,34000.0,0.0,0.0,False,0.0003115019185523939,0.0,0
100000005893892100,terminal,0.4303,4,0.2536,"деньги приходят (in_deg=1, 102,780 KZT) и не уходят; depth=3≠4",3,False,1,0,102780.0,0.0,0.0,False,0.00028890030912862583,0.0,0
100000001819396100,terminal,0.4366,26,0.2553,"деньги приходят (in_deg=1, 166,080 KZT) и не уходят; depth=3≠4",3,False,1,0,166080.0,0.0,0.0,False,0.00032721756236783436,0.0,0
100000008472324100,terminal,0.4405,4,0.2551,"деньги приходят (in_deg=1, 205,200 KZT) и не уходят; depth=3≠4",3,False,1,0,205200.0,0.0,0.0,False,0.00029221965673729343,0.0,0
100000002646745100,peripheral,0.25,0,0.1001,"слабый сток in_deg=1, 12,300 KZT (ниже порога terminal)",3,False,1,0,12300.0,0.0,0.0,False,0.00028748905090124067,0.0,0
100000008405209100,peripheral,0.25,15,0.1004,"слабый сток in_deg=1, 54,400 KZT (ниже порога terminal)",3,False,1,0,54400.0,0.0,0.0,False,0.000294131802375186,0.0,0
100000004417753100,terminal,0.4592,2,0.2601,"деньги приходят (in_deg=2, 192,099 KZT) и не уходят; depth=3≠4",3,False,2,0,192099.0,0.0,0.0,False,0.00039314677564997744,0.0,0
100000003457710100,peripheral,0.15,4,0.0979,нет выраженных признаков роли,3,False,1,1,326555.0,1306000.0,3.999326300316945,False,0.0002961526720570538,1.922024458454748e-05,0
100000007333038100,peripheral,0.15,11,0.0923,нет выраженных признаков роли,3,False,1,2,17500.0,34994.0,1.9996571428571428,False,0.0002996891805568396,1.5851748110966993e-06,0
100000006444163100,peripheral,0.25,2,0.1008,"слабый сток in_deg=1, 6,026 KZT (ниже порога terminal)",3,False,1,0,6026.0,0.0,0.0,False,0.00031891138227469124,0.0,0
100000008706947100,peripheral,0.25,0,0.1001,"слабый сток in_deg=1, 17,200 KZT (ниже порога terminal)",3,False,1,0,17200.0,0.0,0.0,False,0.00028825383201923664,0.0,0
100000008761219100,peripheral,0.15,41,0.0945,нет выраженных признаков роли,3,False,2,2,50000.0,375000.0,7.5,False,0.0002928408331364563,2.3183181612289228e-05,0
100000005022552100,peripheral,0.15,3,0.0936,нет выраженных признаков роли,3,False,1,1,241000.0,5000.0,0.02074688796680498,False,0.0003577563937236883,0.0,0
100000008735832100,peripheral,0.25,0,0.1002,"слабый сток in_deg=1, 17,600 KZT (ниже порога terminal)",3,False,1,0,17600.0,0.0,0.0,False,0.0002883162631309098,0.0,0
100000005661528100,peripheral,0.25,6,0.1002,"слабый сток in_deg=1, 25,000 KZT (ниже порога terminal)",3,False,1,0,25000.0,0.0,0.0,False,0.00029109149679953277,0.0,0
100000002529880100,terminal,0.4547,12,0.2574,"деньги приходят (in_deg=2, 147,000 KZT) и не уходят; depth=3≠4",3,False,2,0,147000.0,0.0,0.0,False,0.0003061335485198574,0.0,0
100000001969496100,peripheral,0.25,14,0.1003,"слабый сток in_deg=1, 22,740 KZT (ниже порога terminal)",3,False,1,0,22740.0,0.0,0.0,False,0.00029199679253671474,0.0,0
100000003215448100,peripheral,0.15,6,0.093,нет выраженных признаков роли,3,False,1,2,91309.0,124000.0,1.3580260434349298,False,0.0003041469318708139,3.844048916909496e-05,0
100000006894637100,peripheral,0.25,1,0.1003,"слабый сток in_deg=1, 52,831 KZT (ниже порога terminal)",3,False,1,0,52831.0,0.0,0.0,False,0.00029025446633731993,0.0,0
100000002936322100,terminal,0.5187,6,0.2679,"деньги приходят (in_deg=2, 787,133 KZT) и не уходят; depth=3≠4",3,False,2,0,787133.0,0.0,0.0,False,0.00036638128696323224,0.0,0
100000005061890100,peripheral,0.25,2,0.1062,"слабый сток in_deg=1, 90,000 KZT (ниже порога terminal)",3,False,1,0,90000.0,0.0,0.0,False,0.0005346252088600038,0.0,0
100000004017410100,peripheral,0.15,19,0.1212,нет выраженных признаков роли,3,False,2,5,193650.0,1330915.0,6.872785954040795,False,0.0011315419625793088,4.042195768296583e-05,0
100000002983426100,peripheral,0.25,9,0.1012,"слабый сток in_deg=1, 88,945 KZT (ниже порога terminal)",3,False,1,0,88945.0,0.0,0.0,False,0.0003187086222678448,0.0,0
100000005530114100,peripheral,0.15,15,0.0973,нет выраженных признаков роли,3,False,2,1,136970.0,25000.0,0.1825217200846901,False,0.0004948738015345299,1.8031363476224956e-05,0
100000001169666100,peripheral,0.15,9,0.0927,нет выраженных признаков роли,3,False,1,1,220000.0,24000.0,0.10909090909090909,False,0.0003195447456388591,2.19943005039667e-05,0
100000001784279100,peripheral,0.25,1,0.1002,"слабый сток in_deg=1, 35,674 KZT (ниже порога terminal)",3,False,1,0,35674.0,0.0,0.0,False,0.0002887329449187716,0.0,0
100000008744364100,peripheral,0.25,0,0.1002,"слабый сток in_deg=1, 23,700 KZT (ниже порога terminal)",3,False,1,0,23700.0,0.0,0.0,False,0.0002892683375839252,0.0,0
100000008714412100,terminal,0.4369,9,0.255,"деньги приходят (in_deg=1, 169,000 KZT) и не уходят; depth=3≠4",3,False,1,0,169000.0,0.0,0.0,False,0.00031166861826385935,0.0,0
100000007754369100,peripheral,0.25,1,0.1005,"слабый сток in_deg=1, 82,424 KZT (ниже порога terminal)",3,False,1,0,82424.0,0.0,0.0,False,0.0002928788402569505,0.0,0
100000003122817100,terminal,0.4645,26,0.2609,"деньги приходят (in_deg=1, 444,680 KZT) и не уходят; depth=3≠4",3,False,1,0,444680.0,0.0,0.0,False,0.00039708273280823195,0.0,0
100000003711830100,peripheral,0.25,6,0.1005,"слабый сток in_deg=1, 50,000 KZT (ниже порога terminal)",3,False,1,0,50000.0,0.0,0.0,False,0.0002957422441201064,0.0,0
100000001110358100,terminal,0.4432,1,0.2555,"деньги приходят (in_deg=2, 32,000 KZT) и не уходят; depth=3≠4",3,False,2,0,32000.0,0.0,0.0,False,0.0002929859306214291,0.0,0
100000006530134100,terminal,0.4545,4,0.2572,"деньги приходят (in_deg=2, 144,663 KZT) и не уходят; depth=3≠4",3,False,2,0,144663.0,0.0,0.0,False,0.00029908777889777486,0.0,0
100000001639766100,peripheral,0.25,5,0.1086,"слабый сток in_deg=1, 20,000 KZT (ниже порога terminal)",3,False,1,0,20000.0,0.0,0.0,False,0.0006506628579150657,0.0,0
100000003242795100,terminal,0.4311,4,0.2537,"деньги приходят (in_deg=1, 111,000 KZT) и не уходят; depth=3≠4",3,False,1,0,111000.0,0.0,0.0,False,0.0002891667125395148,0.0,0
100000004970752100,peripheral,0.25,1,0.1107,"слабый сток in_deg=1, 10,000 KZT (ниже порога terminal)",3,False,1,0,10000.0,0.0,0.0,False,0.0007428614561261717,0.0,0
100000004564736100,peripheral,0.25,23,0.1022,"слабый сток in_deg=1, 15,000 KZT (ниже порога terminal)",3,False,1,0,15000.0,0.0,0.0,False,0.0003767553644706438,0.0,0
100000005873152100,transit,0.75,8,0.3352,"pass-through=1.00: in=10,000 → out=10,000 KZT",3,False,1,1,10000.0,10000.0,1.0,False,0.00046745553089620626,2.615538438309554e-05,0
100000001637376100,peripheral,0.15,4,0.0924,нет выраженных признаков роли,3,False,1,1,116700.0,234250.0,2.0072836332476434,False,0.00028935144483173707,1.922024458454748e-05,0
100000006710485100,peripheral,0.25,0,0.1002,"слабый сток in_deg=1, 20,000 KZT (ниже порога terminal)",3,False,1,0,20000.0,0.0,0.0,False,0.00028869084980094866,0.0,0
100000003582677100,coordinator,0.88,2,0.5803,"связей с seed=1, betweenness=0.0005, in=2/out=4",3,False,2,4,29756.989999999998,56000.0,1.881910771217116,False,0.0002932927091390021,0.0004931875131024606,1
100000008713685100,peripheral,0.25,0,0.1004,"слабый сток in_deg=1, 49,700 KZT (ниже порога terminal)",3,False,1,0,49700.0,0.0,0.0,False,0.0002933263598426795,0.0,0
100000008070101100,terminal,0.43,7,0.2536,"деньги приходят (in_deg=1, 100,000 KZT) и не уходят; depth=3≠4",3,False,1,0,100000.0,0.0,0.0,False,0.0002925878529376241,0.0,0
100000004475818100,coordinator,0.8,4,0.5409,"связей с seed=0, betweenness=0.0002, in=1/out=3",3,False,1,3,13000.0,53989.0,4.153,False,0.00030980795030950453,0.00020349681637453878,0
100000007197866100,peripheral,0.15,6,0.0911,нет выраженных признаков роли,3,False,1,1,20000.0,15000.0,0.75,False,0.00028963847417841745,1.922024458454748e-05,0
100000006965162100,peripheral,0.25,19,0.1006,"слабый сток in_deg=1, 10,000 KZT (ниже порога terminal)",3,False,1,0,10000.0,0.0,0.0,False,0.0003092890887695548,0.0,0
100000005995391100,peripheral,0.25,0,0.1001,"слабый сток in_deg=1, 17,200 KZT (ниже порога terminal)",3,False,1,0,17200.0,0.0,0.0,False,0.00028825383201923664,0.0,0
100000003834495100,peripheral,0.15,1,0.103,нет выраженных признаков роли,3,False,3,1,602441.0,20000.0,0.0331982716979754,False,0.000620860166432955,1.9418391435934565e-05,0
100000001223977100,peripheral,0.15,48,0.0914,нет выраженных признаков роли,3,False,1,1,5000.0,18000.0,3.6,False,0.0003055412798976388,2.4173915869224665e-05,0
100000001046057100,peripheral,0.25,12,0.1011,"слабый сток in_deg=1, 83,420 KZT (ниже порога terminal)",3,False,1,0,83420.0,0.0,0.0,False,0.00031851488108134194,0.0,0
100000002989353100,peripheral,0.15,11,0.0957,нет выраженных признаков роли,3,False,1,2,500000.0,321160.0,0.64232,False,0.000309385218288553,2.774055919419224e-06,0
100000006714366100,peripheral,0.15,13,0.091,нет выраженных признаков роли,3,False,1,1,10500.0,5000.0,0.47619047619047616,False,0.00028945615369703476,1.922024458454748e-05,0
100000001063678100,peripheral,0.15,23,0.0932,нет выраженных признаков роли,3,False,1,2,35000.0,90000.0,2.5714285714285716,False,0.00032774872839870387,3.962937027741748e-05,0
100000004889043100,terminal,0.4672,1,0.259,"деньги приходят (in_deg=2, 272,000 KZT) и не уходят; depth=3≠4",3,False,2,0,272000.0,0.0,0.0,False,0.00029849724595782,0.0,0
100000002984403100,peripheral,0.15,27,0.0919,нет выраженных признаков роли,3,False,1,1,20000.0,25000.0,1.25,False,0.0003201027601659293,2.0012831990095827e-05,0
100000003951827100,peripheral,0.15,1,0.0918,нет выраженных признаков роли,3,False,1,2,9000.0,17000.0,1.8888888888888888,False,0.00028607617392076875,0.0,0
100000000933075100,peripheral,0.15,10,0.1043,нет выраженных признаков роли,3,False,1,2,40000.0,55000.0,1.375,False,0.0008086964755110841,2.139985994980544e-05,0
100000008502995100,peripheral,0.25,1,0.1104,"слабый сток in_deg=1, 25,000 KZT (ниже порога terminal)",3,False,1,0,25000.0,0.0,0.0,False,0.0007270949451502094,0.0,0
100000008086440100,transit,0.7115,6,0.3331,"pass-through=0.81: in=199,733 → out=161,300 KZT",3,False,1,5,199733.0,161300.0,0.8075781167859092,False,0.00033767394570343855,1.9022097733160393e-05,0
100000008465789100,distributor,0.564,12,0.4679,"веер на 16 получателей (1,858,100 KZT), in_deg=1",3,False,1,16,30099.0,1858100.0,61.732947938469714,False,0.00028988803979432075,0.0017534014879243365,0
100000002550141100,terminal,0.4301,6,0.254,"деньги приходят (in_deg=1, 100,586 KZT) и не уходят; depth=3≠4",3,False,1,0,100586.0,0.0,0.0,False,0.0003077875449747842,0.0,0
100000008739887100,peripheral,0.15,6,0.0958,нет выраженных признаков роли,3,False,2,2,214000.0,307000.0,1.4345794392523366,False,0.00033330063396974337,3.844048916909496e-05,0
100000008532050100,terminal,0.4655,4,0.2588,"деньги приходят (in_deg=1, 455,156 KZT) и не уходят; depth=3≠4",3,False,1,0,455156.0,0.0,0.0,False,0.00030032052425215495,0.0,0
100000008422226100,peripheral,0.25,1,0.1005,"слабый сток in_deg=1, 87,450 KZT (ниже порога terminal)",3,False,1,0,87450.0,0.0,0.0,False,0.00029049447533607847,0.0,0
100000002369874100,terminal,0.54,7,0.2703,"деньги приходят (in_deg=4, 600,000 KZT) и не уходят; depth=3≠4",3,False,4,0,600000.0,0.0,0.0,False,0.00033734785491166,0.0,0
100000003321895100,peripheral,0.15,46,0.0947,нет выраженных признаков роли,3,False,1,2,24000.0,553830.0,23.07625,False,0.00031125966376989797,3.962937027741748e-05,0
100000001875239100,terminal,0.5312,7,0.2689,"деньги приходят (in_deg=3, 712,000 KZT) и не уходят; depth=3≠4",3,False,3,0,712000.0,0.0,0.0,False,0.0003339786305768775,0.0,0
100000002216999100,peripheral,0.25,0,0.1002,"слабый сток in_deg=1, 23,677 KZT (ниже порога terminal)",3,False,1,0,23677.0,0.0,0.0,False,0.000289264747795004,0.0,0
100000002653948100,peripheral,0.25,4,0.1004,"слабый сток in_deg=1, 85,200 KZT (ниже порога terminal)",3,False,1,0,85200.0,0.0,0.0,False,0.00028833055584840344,0.0,0
100000008632060100,coordinator,0.88,1,0.5846,"связей с seed=1, betweenness=0.0021, in=1/out=9",3,False,1,9,6000.0,339200.0,56.53333333333333,False,0.00028802564816402974,0.002051612499261903,1
100000008746449100,distributor,0.54,7,0.4568,"веер на 10 получателей (1,009,000 KZT), in_deg=1",3,False,1,10,10000.0,1009000.0,100.9,False,0.0002870041410816489,0.00021697080226886072,0
100000003031761100,terminal,0.466,6,0.2593,"деньги приходят (in_deg=1, 460,408 KZT) и не уходят; depth=3≠4",3,False,1,0,460408.0,0.0,0.0,False,0.0003183607828225488,0.0,0
100000008388049100,terminal,0.4696,11,0.2596,"деньги приходят (in_deg=1, 496,400 KZT) и не уходят; depth=3≠4",3,False,1,0,496400.0,0.0,0.0,False,0.0003092137436352399,0.0,0
100000002677201100,peripheral,0.15,12,0.0924,нет выраженных признаков роли,3,False,1,1,150000.0,87750.0,0.585,False,0.0003089058485273866,2.139985994980544e-05,0
100000002901457100,peripheral,0.15,1,0.0965,нет выраженных признаков роли,3,False,1,3,340000.0,119000.0,0.35,False,0.00037426561132708307,7.569209722986739e-05,0
100000001160401100,peripheral,0.25,1,0.1007,"слабый сток in_deg=1, 47,190 KZT (ниже порога terminal)",3,False,1,0,47190.0,0.0,0.0,False,0.0003048885180083874,0.0,0
100000002842321100,terminal,0.436,4,0.2544,"деньги приходят (in_deg=1, 160,000 KZT) и не уходят; depth=3≠4",3,False,1,0,160000.0,0.0,0.0,False,0.0002907547620691449,0.0,0
100000002547110100,consolidator,0.88,12,0.5397,"получает от 6 плательщиков (1,500,000 KZT), отдаёт 0 (0 KZT)",3,False,6,0,1500000.0,0.0,0.0,False,0.0005516278220472688,0.0,0
100000001600934100,peripheral,0.15,6,0.1403,нет выраженных признаков роли,3,False,1,1,180300.0,11000.0,0.06100942872989462,False,0.002366851758392167,0.0,0
100000002818726100,peripheral,0.25,13,0.1002,"слабый сток in_deg=1, 10,879 KZT (ниже порога terminal)",3,False,1,0,10879.0,0.0,0.0,False,0.0002895964508153988,0.0,0
100000008712827100,peripheral,0.25,0,0.1006,"слабый сток in_deg=1, 76,000 KZT (ниже порога terminal)",3,False,1,0,76000.0,0.0,0.0,False,0.0002974312054351886,0.0,0
100000008259451100,peripheral,0.25,14,0.1006,"слабый сток in_deg=1, 55,000 KZT (ниже порога terminal)",3,False,1,0,55000.0,0.0,0.0,False,0.00030111513447974875,0.0,0
100000003060517100,terminal,0.4516,15,0.2583,"деньги приходят (in_deg=1, 315,955 KZT) и не уходят; depth=3≠4",3,False,1,0,315955.0,0.0,0.0,False,0.0003618834926166912,0.0,0
100000002621434100,peripheral,0.25,7,0.1005,"слабый сток in_deg=1, 81,000 KZT (ниже порога terminal)",3,False,1,0,81000.0,0.0,0.0,False,0.00028974239008965156,0.0,0
100000001860090100,peripheral,0.25,5,0.1022,"слабый сток in_deg=1, 5,000 KZT (ниже порога terminal)",3,False,1,0,5000.0,0.0,0.0,False,0.00037803658179597354,0.0,0
100000004689658100,peripheral,0.15,6,0.0951,нет выраженных признаков роли,3,False,1,1,456100.0,7092.0,0.015549221661916246,False,0.0003863163581277007,1.922024458454748e-05,0
100000003486970100,terminal,0.435,4,0.2543,"деньги приходят (in_deg=1, 150,000 KZT) и не уходят; depth=3≠4",3,False,1,0,150000.0,0.0,0.0,False,0.000290430670328404,0.0,0
100000004659919100,peripheral,0.15,48,0.1017,нет выраженных признаков роли,3,False,1,1,110000.0,39000.0,0.35454545454545455,False,0.0007249529791849316,2.4173915869224665e-05,0
100000006111439100,transit,0.7167,1,0.3338,"pass-through=1.17: in=20,570 → out=24,000 KZT",3,False,3,4,20570.0,24000.0,1.166747690811862,False,0.0003655017010699169,8.005132796038331e-05,0
100000002521039100,terminal,0.4549,1,0.2574,"деньги приходят (in_deg=1, 349,370 KZT) и не уходят; depth=3≠4",3,False,1,0,349370.0,0.0,0.0,False,0.0003052458011066065,0.0,0
100000008493007100,transit,0.75,0,0.3312,"pass-through=1.00: in=26,150 → out=26,150 KZT",3,False,1,1,26150.0,26150.0,1.0,False,0.00028965072814292326,1.387027959709612e-06,0
100000007793871100,peripheral,0.25,8,0.1095,"слабый сток in_deg=1, 26,000 KZT (ниже порога terminal)",3,False,1,0,26000.0,0.0,0.0,False,0.0006872267875117624,0.0,0
100000001650895100,peripheral,0.15,9,0.0921,нет выраженных признаков роли,3,False,1,1,153500.0,10000.0,0.06514657980456026,False,0.00030927489327733985,2.19943005039667e-05,0
100000002567887100,peripheral,0.25,4,0.1003,"слабый сток in_deg=1, 50,915 KZT (ниже порога terminal)",3,False,1,0,50915.0,0.0,0.0,False,0.0002872194073152735,0.0,0
100000008055972100,peripheral,0.25,0,0.1002,"слабый сток in_deg=1, 28,300 KZT (ниже порога terminal)",3,False,1,0,28300.0,0.0,0.0,False,0.00028998629536816634,0.0,0
100000008684452100,peripheral,0.25,0,0.1004,"слабый сток in_deg=1, 51,800 KZT (ниже порога terminal)",3,False,1,0,51800.0,0.0,0.0,False,0.00029365412317896347,0.0,0
100000000764836100,peripheral,0.15,6,0.0942,нет выраженных признаков роли,3,False,1,2,251716.0,50000.0,0.1986365586613485,False,0.0003367831793720302,3.844048916909496e-05,0
100000003072676100,peripheral,0.25,15,0.1003,"слабый сток in_deg=1, 31,545 KZT (ниже порога terminal)",3,False,1,0,31545.0,0.0,0.0,False,0.0002931885165385368,0.0,0
100000008757369100,peripheral,0.15,1,0.0913,нет выраженных признаков роли,3,False,1,1,25961.0,58398.0,2.249451099726513,False,0.00028787157419321585,1.922024458454748e-05,0
100000007618425100,peripheral,0.25,15,0.1004,"слабый сток in_deg=1, 39,348 KZT (ниже порога terminal)",3,False,1,0,39348.0,0.0,0.0,False,0.0002950732143281288,0.0,0
100000004671609100,terminal,0.43,11,0.2538,"деньги приходят (in_deg=1, 100,000 KZT) и не уходят; depth=3≠4",3,False,1,0,100000.0,0.0,0.0,False,0.0003002421115187916,0.0,0
100000004676985100,transit,0.718,1,0.328,"pass-through=0.84: in=32,260 → out=27,102 KZT",3,False,1,1,32260.0,27102.0,0.8401115933044018,False,0.00028738617635442205,1.922024458454748e-05,0
100000002531406100,transit,0.7423,6,0.3352,"pass-through=0.96: in=520,000 → out=500,000 KZT",3,False,1,1,520000.0,500000.0,0.9615384615384616,False,0.00032260508437457325,7.925874055483496e-07,0
100000002877262100,terminal,0.43,12,0.2538,"деньги приходят (in_deg=1, 100,000 KZT) и не уходят; depth=3≠4",3,False,1,0,100000.0,0.0,0.0,False,0.0002999177628608652,0.0,0
100000007591246100,peripheral,0.15,13,0.0917,нет выраженных признаков роли,3,False,1,1,12190.0,120000.0,9.844134536505333,False,0.0002978930938238496,3.962937027741748e-07,0
100000008712184100,peripheral,0.25,0,0.1002,"слабый сток in_deg=1, 18,000 KZT (ниже порога terminal)",3,False,1,0,18000.0,0.0,0.0,False,0.0002883786942425829,0.0,0
100000002975437100,peripheral,0.15,30,0.0986,нет выраженных признаков роли,3,False,1,1,530000.0,8500.0,0.016037735849056604,False,0.0005210057143091028,0.0,0
100000005008589100,peripheral,0.25,1,0.1006,"слабый сток in_deg=1, 42,807 KZT (ниже порога terminal)",3,False,1,0,42806.68,0.0,0.0,False,0.0003030940204447513,0.0,0
100000000782285100,peripheral,0.25,2,0.1008,"слабый сток in_deg=1, 6,151 KZT (ниже порога terminal)",3,False,1,0,6151.0,0.0,0.0,False,0.00031960301204687425,0.0,0
100000005198498100,peripheral,0.25,0,0.1002,"слабый сток in_deg=1, 28,800 KZT (ниже порога terminal)",3,False,1,0,28800.0,0.0,0.0,False,0.0002900643342577578,0.0,0
100000008517538100,distributor,0.568,7,0.4701,"веер на 17 получателей (1,439,000 KZT), in_deg=3",3,False,3,17,155500.0,1439000.0,9.254019292604502,False,0.0003070164607928248,0.00039867146499081985,0
100000005756535100,peripheral,0.25,0,0.1061,"слабый сток in_deg=1, 20,000 KZT (ниже порога terminal)",3,False,1,0,20000.0,0.0,0.0,False,0.0005415991635083564,0.0,0
100000004917367100,terminal,0.452,4,0.2568,"деньги приходят (in_deg=2, 120,000 KZT) и не уходят; depth=3≠4",3,False,2,0,120000.0,0.0,0.0,False,0.0002940276420429229,0.0,0
100000001222263100,peripheral,0.15,4,0.0963,нет выраженных признаков роли,3,False,1,1,745570.0,420000.0,0.5633273870998028,False,0.0003097326021317058,1.922024458454748e-05,0
100000001149815100,peripheral,0.25,0,0.1001,"слабый сток in_deg=1, 12,000 KZT (ниже порога terminal)",3,False,1,0,12000.0,0.0,0.0,False,0.0002874422275674858,0.0,0
100000006020215100,transit,0.7247,13,0.3597,"pass-through=1.13: in=30,000 → out=33,800 KZT",3,False,1,2,30000.0,33800.0,1.1266666666666667,False,0.00029667460701655787,7.569209722986739e-05,1
100000000673868100,peripheral,0.15,28,0.125,нет выраженных признаков роли,3,False,1,5,2030650.0,383000.0,0.18860955851574618,False,0.0011728050936714376,4.1016398237127094e-05,0
100000008749900100,peripheral,0.25,0,0.1001,"слабый сток in_deg=1, 17,150 KZT (ниже порога terminal)",3,False,1,0,17150.0,0.0,0.0,False,0.0002882460281302775,0.0,0
100000002862113100,peripheral,0.25,14,0.1005,"слабый сток in_deg=1, 47,405 KZT (ниже порога terminal)",3,False,1,0,47405.0,0.0,0.0,False,0.000298968395265324,0.0,0
100000001066017100,peripheral,0.15,1,0.0955,нет выраженных признаков роли,3,False,2,4,136123.0,82500.0,0.6060695106631503,False,0.00030123840753404184,7.688097833818992e-05,0
100000008436257100,terminal,0.4435,15,0.2556,"деньги приходят (in_deg=2, 35,000 KZT) и не уходят; depth=3≠4",3,False,2,0,35000.0,0.0,0.0,False,0.00029457981498549874,0.0,0
100000003016438100,peripheral,0.15,12,0.0937,нет выраженных признаков роли,3,False,1,1,200000.0,300000.0,1.5,False,0.000316684699964085,2.139985994980544e-05,0
100000002534091100,peripheral,0.25,2,0.1004,"слабый сток in_deg=1, 22,200 KZT (ниже порога terminal)",3,False,1,0,22200.0,0.0,0.0,False,0.00029636616273709084,0.0,0
100000006882208100,peripheral,0.25,3,0.1084,"слабый сток in_deg=1, 18,000 KZT (ниже порога terminal)",3,False,1,0,18000.0,0.0,0.0,False,0.0006403184460375351,0.0,0
100000005362848100,peripheral,0.25,9,0.1004,"слабый сток in_deg=1, 29,000 KZT (ниже порога terminal)",3,False,1,0,29000.0,0.0,0.0,False,0.00029637417941000667,0.0,0
100000001073568100,peripheral,0.15,14,0.1002,нет выраженных признаков роли,3,False,1,2,707465.0,219503.0,0.31026693900051594,False,0.0004855354375132787,1.922024458454748e-05,0
100000008687733100,peripheral,0.25,0,0.1001,"слабый сток in_deg=1, 14,650 KZT (ниже порога terminal)",3,False,1,0,14650.0,0.0,0.0,False,0.0002878558336823204,0.0,0
100000007229557100,terminal,0.5478,16,0.2727,"деньги приходят (in_deg=3, 878,000 KZT) и не уходят; depth=3≠4",3,False,3,0,878000.0,0.0,0.0,False,0.0003942093306983504,0.0,0
100000001052789100,peripheral,0.25,18,0.1006,"слабый сток in_deg=1, 70,975 KZT (ниже порога terminal)",3,False,1,0,70975.0,0.0,0.0,False,0.00029770710734911877,0.0,0
100000006967370100,peripheral,0.15,15,0.0912,нет выраженных признаков роли,3,False,1,1,33225.0,13526.27,0.40711121143717083,False,0.0002935942953782798,1.922024458454748e-05,0
100000001837130100,terminal,0.4373,1,0.2548,"деньги приходят (in_deg=1, 172,900 KZT) и не уходят; depth=3≠4",3,False,1,0,172900.0,0.0,0.0,False,0.00030090245579956164,0.0,0
100000005820746100,peripheral,0.15,25,0.1158,нет выраженных признаков роли,3,False,1,1,1989000.0,60000.0,0.030165912518853696,False,0.000989461905456685,0.0,0
100000002883402100,terminal,0.49,7,0.2623,"деньги приходят (in_deg=3, 300,000 KZT) и не уходят; depth=3≠4",3,False,3,0,300000.0,0.0,0.0,False,0.0003006570717458929,0.0,0
100000008582730100,transit,0.75,18,0.3451,"pass-through=1.00: in=5,000 → out=5,000 KZT",3,False,1,1,5000.0,5000.0,1.0,False,0.0008925911171850298,0.0,0
100000003116106100,terminal,0.4694,4,0.2594,"деньги приходят (in_deg=1, 494,050 KZT) и не уходят; depth=3≠4",3,False,1,0,494050.0,0.0,0.0,False,0.00030158104666859237,0.0,0
100000001818442100,peripheral,0.25,9,0.1006,"слабый сток in_deg=1, 42,215 KZT (ниже порога terminal)",3,False,1,0,42215.0,0.0,0.0,False,0.0003012978538176525,0.0,0
100000008690762100,peripheral,0.25,0,0.1002,"слабый сток in_deg=1, 26,750 KZT (ниже порога terminal)",3,False,1,0,26750.0,0.0,0.0,False,0.0002897443748104329,0.0,0
100000008712991100,peripheral,0.25,0,0.1005,"слабый сток in_deg=1, 66,100 KZT (ниже порога terminal)",3,False,1,0,66100.0,0.0,0.0,False,0.0002958860354212783,0.0,0
100000003292191100,terminal,0.4312,16,0.2539,"деньги приходят (in_deg=1, 112,000 KZT) и не уходят; depth=3≠4",3,False,1,0,112000.0,0.0,0.0,False,0.0002996284816997223,0.0,0
100000005367284100,peripheral,0.15,1,0.0921,нет выраженных признаков роли,3,False,1,2,13700.0,48300.0,3.5255474452554743,False,0.0002891432340537743,3.844048916909496e-05,0
100000003216073100,peripheral,0.15,6,0.0914,нет выраженных признаков роли,3,False,1,1,37001.0,70000.0,1.891840761060512,False,0.00028820460435500226,7.925874055483496e-07,0
100000006169033100,peripheral,0.15,36,0.1006,нет выраженных признаков роли,3,False,1,3,49000.0,1140271.0,23.270836734693876,False,0.00041804163396876764,3.923307657464331e-05,0
100000004407753100,peripheral,0.15,19,0.1062,нет выраженных признаков роли,3,False,1,1,250000.0,100000.0,0.4,False,0.000878564158023873,0.0,0
100000004420041100,peripheral,0.15,10,0.0993,нет выраженных признаков роли,3,False,1,7,69638.0,651830.0,9.360263074758034,False,0.0002997377719239359,7.688097833818992e-05,0
100000004715209100,peripheral,0.15,50,0.0958,нет выраженных признаков роли,3,False,1,5,5000.0,350450.0,70.09,False,0.00028754397576032976,7.767356574373826e-05,0
100000004580254100,terminal,0.4428,15,0.2559,"деньги приходят (in_deg=2, 27,940 KZT) и не уходят; depth=3≠4",3,False,2,0,27940.0,0.0,0.0,False,0.00031227898997919024,0.0,0
100000001056414100,terminal,0.445,11,0.2558,"деньги приходят (in_deg=1, 250,000 KZT) и не уходят; depth=3≠4",3,False,1,0,250000.0,0.0,0.0,False,0.0002974772562529223,0.0,0
100000008686494100,peripheral,0.25,0,0.1001,"слабый сток in_deg=1, 15,700 KZT (ниже порога terminal)",3,False,1,0,15700.0,0.0,0.0,False,0.0002880197153504624,0.0,0
100000002822472100,terminal,0.4667,11,0.2593,"деньги приходят (in_deg=2, 266,722 KZT) и не уходят; depth=3≠4",3,False,2,0,266722.0,0.0,0.0,False,0.0003122355768599004,0.0,0
100000001831496100,peripheral,0.15,8,0.0927,нет выраженных признаков роли,3,False,1,1,25000.0,373000.0,14.92,False,0.00029263558524568115,0.0,0
100000008732488100,peripheral,0.15,6,0.0921,нет выраженных признаков роли,3,False,1,1,137000.0,10000.0,0.072992700729927,False,0.0003134431769510041,1.922024458454748e-05,0
100000004007197100,peripheral,0.25,24,0.1001,"слабый сток in_deg=1, 10,048 KZT (ниже порога terminal)",3,False,1,0,10048.0,0.0,0.0,False,0.0002876887083181026,0.0,0
100000002815005100,terminal,0.4677,7,0.2596,"деньги приходят (in_deg=1, 476,500 KZT) и не уходят; depth=3≠4",3,False,1,0,476500.0,0.0,0.0,False,0.0003190127265196762,0.0,0
100000005756189100,peripheral,0.15,4,0.0914,нет выраженных признаков роли,3,False,1,1,65000.0,49050.0,0.7546153846153846,False,0.00028767589053210697,1.922024458454748e-05,0
100000004877085100,peripheral,0.15,13,0.0933,нет выраженных признаков роли,3,False,1,3,25000.0,95600.0,3.824,False,0.0002948237215500134,5.7660733753642434e-05,0
100000002713074100,peripheral,0.15,15,0.0999,нет выраженных признаков роли,3,False,2,1,700000.0,430000.0,0.6142857142857143,False,0.0004336098166177607,1.922024458454748e-05,0
100000002356167100,peripheral,0.15,4,0.0933,нет выраженных признаков роли,3,False,1,2,300000.0,29500.0,0.09833333333333333,False,0.00029529204643951646,3.844048916909496e-05,0
100000004140487100,distributor,0.54,2,0.4838,"веер на 10 получателей (262,600 KZT), in_deg=1",3,False,1,10,24510.0,262600.0,10.713994288045695,False,0.00028942714485975465,0.0007121397838851922,1
100000003147719100,terminal,0.43,7,0.2536,"деньги приходят (in_deg=1, 100,000 KZT) и не уходят; depth=3≠4",3,False,1,0,100000.0,0.0,0.0,False,0.0002907212644300817,0.0,0
100000008745884100,peripheral,0.25,0,0.1002,"слабый сток in_deg=1, 20,000 KZT (ниже порога terminal)",3,False,1,0,20000.0,0.0,0.0,False,0.00028869084980094866,0.0,0
100000002559089100,terminal,0.5115,11,0.2675,"деньги приходят (in_deg=2, 715,000 KZT) и не уходят; depth=3≠4",3,False,2,0,715000.0,0.0,0.0,False,0.0003924259537320134,0.0,0
100000004984689100,peripheral,0.25,6,0.1005,"слабый сток in_deg=1, 53,030 KZT (ниже порога terminal)",3,False,1,0,53030.0,0.0,0.0,False,0.0002963587248842169,0.0,0
100000004340038100,peripheral,0.15,13,0.0912,нет выраженных признаков роли,3,False,1,1,9978.0,49000.0,4.910803768290238,False,0.0002892629212543275,1.922024458454748e-05,0
100000005052998100,peripheral,0.15,1,0.091,нет выраженных признаков роли,3,False,1,1,9500.0,28400.0,2.9894736842105263,False,0.00028610433390429524,0.0004799116740595257,0
100000007597382100,peripheral,0.25,4,0.1001,"слабый сток in_deg=1, 15,700 KZT (ниже порога terminal)",3,False,1,0,15700.0,0.0,0.0,False,0.0002860781182502547,0.0,0
100000008697670100,peripheral,0.25,0,0.1002,"слабый сток in_deg=1, 25,350 KZT (ниже порога terminal)",3,False,1,0,25350.0,0.0,0.0,False,0.00028952586591957693,0.0,0
100000008460102100,distributor,0.624,17,0.4811,"веер на 31 получателей (476,570 KZT), in_deg=1",3,False,1,31,17500.0,476570.0,27.23257142857143,False,0.0002996891805568396,0.00123544561839849,0
100000004399686100,terminal,0.5006,25,0.2701,"деньги приходят (in_deg=1, 806,000 KZT) и не уходят; depth=3≠4",3,False,1,0,806000.0,0.0,0.0,False,0.0005708068229548236,0.0,0
100000008688155100,peripheral,0.25,0,0.1002,"слабый сток in_deg=1, 23,600 KZT (ниже порога terminal)",3,False,1,0,23600.0,0.0,0.0,False,0.0002892527298060069,0.0,0
100000004386331100,transit,0.725,10,0.3347,"pass-through=0.88: in=20,000 → out=17,500 KZT",3,False,1,2,20000.0,17500.0,0.875,False,0.000512694045519713,2.0210978841482916e-05,0
100000007999728100,peripheral,0.25,14,0.1003,"слабый сток in_deg=1, 23,250 KZT (ниже порога terminal)",3,False,1,0,23250.0,0.0,0.0,False,0.0002921409448736939,0.0,0
100000001597424100,peripheral,0.25,14,0.1005,"слабый сток in_deg=1, 48,100 KZT (ниже порога terminal)",3,False,1,0,48100.0,0.0,0.0,False,0.0002991648381559132,0.0,0
100000003677936100,peripheral,0.15,5,0.0918,нет выраженных признаков роли,3,False,1,1,71000.0,13000.0,0.18309859154929578,False,0.0003088836385994447,1.922024458454748e-05,0
100000002943472100,terminal,0.437,12,0.255,"деньги приходят (in_deg=1, 170,000 KZT) и не уходят; depth=3≠4",3,False,1,0,170000.0,0.0,0.0,False,0.0003099616909113668,0.0,0
100000004892144100,peripheral,0.15,25,0.1695,нет выраженных признаков роли,3,False,2,1,4500000.0,180300.0,0.04006666666666667,False,0.0027832036872124247,9.90734256935437e-07,0
100000008077552100,terminal,0.4414,6,0.2561,"деньги приходят (in_deg=1, 214,000 KZT) и не уходят; depth=3≠4",3,False,1,0,214000.0,0.0,0.0,False,0.0003291095198013389,0.0,0
100000002914245100,terminal,0.4341,6,0.2542,"деньги приходят (in_deg=1, 140,611 KZT) и не уходят; depth=3≠4",3,False,1,0,140611.0,0.0,0.0,False,0.00029558398554384063,0.0,0
100000004906181100,peripheral,0.15,33,0.1068,нет выраженных признаков роли,3,False,1,7,100000.0,2473417.91,24.734179100000002,False,0.0002888102116246999,0.00013454171209183234,0
100000008514970100,peripheral,0.15,6,0.0932,нет выраженных признаков роли,3,False,1,1,379966.0,31000.0,0.0815862471905381,False,0.00031263148853056405,7.925874055483496e-07,0
100000008258458100,peripheral,0.15,62,0.0984,нет выраженных признаков роли,3,False,1,2,19000.0,1557988.0,81.99936842105264,False,0.00029126039334850123,3.844048916909496e-05,0
100000003484058100,peripheral,0.15,14,0.0921,нет выраженных признаков роли,3,False,1,1,110000.0,6000.0,0.05454545454545454,False,0.00031666097474220597,1.922024458454748e-05,0
100000003574895100,peripheral,0.15,1,0.0911,нет выраженных признаков роли,3,False,1,1,27968.0,20000.0,0.7151029748283753,False,0.0002871444510558305,1.922024458454748e-05,0
100000000896111100,terminal,0.4487,25,0.2585,"деньги приходят (in_deg=1, 287,100 KZT) и не уходят; depth=3≠4",3,False,1,0,287100.0,0.0,0.0,False,0.000387171892853204,0.0,0
100000008715887100,peripheral,0.25,0,0.1002,"слабый сток in_deg=1, 18,000 KZT (ниже порога terminal)",3,False,1,0,18000.0,0.0,0.0,False,0.0002883786942425829,0.0,0
100000000560751100,peripheral,0.25,13,0.1064,"слабый сток in_deg=1, 25,000 KZT (ниже порога terminal)",3,False,1,0,25000.0,0.0,0.0,False,0.0005524500973404978,0.0,0
100000008708207100,terminal,0.4865,7,0.2632,"деньги приходят (in_deg=2, 465,000 KZT) и не уходят; depth=3≠4",3,False,2,0,465000.0,0.0,0.0,False,0.00035978690472981365,0.0,0
100000003152964100,peripheral,0.15,6,0.0922,нет выраженных признаков роли,3,False,1,1,141847.0,5500.0,0.03877417217142414,False,0.00031442934271458297,1.922024458454748e-05,0
100000004991812100,peripheral,0.25,23,0.1015,"слабый сток in_deg=1, 10,000 KZT (ниже порога terminal)",3,False,1,0,10000.0,0.0,0.0,False,0.0003463600077195264,0.0,0
100000000291908100,peripheral,0.15,49,0.102,нет выраженных признаков роли,3,False,1,1,295500.0,13300.0,0.045008460236886635,False,0.0007065527083397013,1.981468513870874e-05,0
100000003132484100,peripheral,0.25,7,0.1063,"слабый сток in_deg=1, 90,000 KZT (ниже порога terminal)",3,False,1,0,90000.0,0.0,0.0,False,0.0005388233251189487,0.0,0
100000004077081100,peripheral,0.15,2,0.1267,нет выраженных признаков роли,3,False,1,4,140000.0,615000.0,4.392857142857143,False,0.0002901065785876632,1.922024458454748e-05,1
100000004770073100,transit,0.7498,1,0.3309,"pass-through=1.00: in=5,462 → out=5,467 KZT",3,False,1,1,5462.4,5466.97,1.0008366285881665,False,0.00028780555885040196,1.922024458454748e-05,0
100000003163886100,terminal,0.47,54,0.2696,"деньги приходят (in_deg=1, 500,000 KZT) и не уходят; depth=3≠4",3,False,1,0,500000.0,0.0,0.0,False,0.000733835068059372,0.0,0
100000000795374100,peripheral,0.25,6,0.1005,"слабый сток in_deg=1, 50,000 KZT (ниже порога terminal)",3,False,1,0,50000.0,0.0,0.0,False,0.0002957422441201064,0.0,0
100000002391278100,peripheral,0.15,5,0.0937,нет выраженных признаков роли,3,False,1,1,30000.0,52700.0,1.7566666666666666,False,0.000391322341132936,0.0,0
100000004635886100,peripheral,0.25,3,0.1003,"слабый сток in_deg=1, 23,000 KZT (ниже порога terminal)",3,False,1,0,23000.0,0.0,0.0,False,0.0002924585194813875,0.0,0
100000000413678100,peripheral,0.15,6,0.0972,нет выраженных признаков роли,3,False,2,3,306500.0,528198.0,1.723321370309951,False,0.0003006988541738507,5.7660733753642434e-05,0
100000008659950100,terminal,0.4446,12,0.2563,"деньги приходят (in_deg=1, 246,000 KZT) и не уходят; depth=3≠4",3,False,1,0,246000.0,0.0,0.0,False,0.0003208665270804828,0.0,0
100000003964910100,terminal,0.54,15,0.2743,"деньги приходят (in_deg=2, 1,000,000 KZT) и не уходят; depth=3≠4",3,False,2,0,1000000.0,0.0,0.0,False,0.0005093616966720367,0.0,0
100000008764654100,peripheral,0.25,0,0.1002,"слабый сток in_deg=1, 26,150 KZT (ниже порога terminal)",3,False,1,0,26150.0,0.0,0.0,False,0.00028965072814292326,0.0,0
100000005830339100,consolidator,0.7076,2,0.5152,"получает от 5 плательщиков (476,341 KZT), отдаёт 1 (339,251 KZT)",3,False,5,1,476341.0,339251.0,0.7122019729563485,False,0.0003636000613544052,0.0,0
100000002032323100,peripheral,0.15,12,0.0993,нет выраженных признаков роли,3,False,1,1,300000.0,1050000.0,3.5,False,0.0004040501867995875,1.9616538287321655e-05,0
100000008668099100,peripheral,0.25,0,0.1001,"слабый сток in_deg=1, 15,700 KZT (ниже порога terminal)",3,False,1,0,15700.0,0.0,0.0,False,0.0002880197153504624,0.0,0
100000008634520100,peripheral,0.25,12,0.1007,"слабый сток in_deg=1, 90,000 KZT (ниже порога terminal)",3,False,1,0,90000.0,0.0,0.0,False,0.00029848291599650784,0.0,0
100000002103448100,peripheral,0.25,0,0.1002,"слабый сток in_deg=1, 27,000 KZT (ниже порога terminal)",3,False,1,0,27000.0,0.0,0.0,False,0.00028978339425522867,0.0,0
100000005996909100,peripheral,0.25,3,0.1007,"слабый сток in_deg=1, 5,500 KZT (ниже порога terminal)",3,False,1,0,5500.0,0.0,0.0,False,0.00031594960600230145,0.0,0
100000007392365100,peripheral,0.15,34,0.1025,нет выраженных признаков роли,3,False,1,6,9613.0,1765600.0,183.66794965151357,False,0.00028611069806057225,0.00011532146750728487,0
100000008279405100,terminal,0.4435,6,0.2565,"деньги приходят (in_deg=1, 234,738 KZT) и не уходят; depth=3≠4",3,False,1,0,234738.0,0.0,0.0,False,0.0003333288525030304,0.0,0
100000008343874100,peripheral,0.15,6,0.095,нет выраженных признаков роли,3,False,2,2,283535.0,176400.0,0.6221454141464017,False,0.0003076522795593059,3.883678287186913e-05,0
100000002548759100,terminal,0.4775,7,0.2607,"деньги приходят (in_deg=2, 375,000 KZT) и не уходят; depth=3≠4",3,False,2,0,375000.0,0.0,0.0,False,0.00030852903010496235,0.0,0
100000003069463100,peripheral,0.15,26,0.0911,нет выраженных признаков роли,3,False,1,1,11500.0,17920.0,1.5582608695652174,False,0.000288453175983496,1.9616538287321655e-05,0
100000008474391100,peripheral,0.25,23,0.1029,"слабый сток in_deg=1, 20,000 KZT (ниже порога terminal)",3,False,1,0,20000.0,0.0,0.0,False,0.0004071507212217613,0.0,0
100000003097324100,terminal,0.4694,16,0.26,"деньги приходят (in_deg=2, 294,000 KZT) и не уходят; depth=3≠4",3,False,2,0,294000.0,0.0,0.0,False,0.00032601311145724876,0.0,0
100000001852140100,peripheral,0.25,53,0.1123,"слабый сток in_deg=1, 30,000 KZT (ниже порога terminal)",3,False,1,0,30000.0,0.0,0.0,False,0.0008047208113869028,0.0,0
100000003293377100,peripheral,0.25,4,0.1003,"слабый сток in_deg=1, 50,000 KZT (ниже порога terminal)",3,False,1,0,50000.0,0.0,0.0,False,0.00028718975292099566,0.0,0
100000006048193100,peripheral,0.25,1,0.1004,"слабый сток in_deg=1, 41,559 KZT (ниже порога terminal)",3,False,1,0,41559.0,0.0,0.0,False,0.0002964108537548381,0.0,0
100000002435265100,terminal,0.4333,1,0.2541,"деньги приходят (in_deg=1, 132,628 KZT) и не уходят; depth=3≠4",3,False,1,0,132628.0,0.0,0.0,False,0.0002930388988076,0.0,0
100000004587414100,terminal,0.4934,4,0.2631,"деньги приходят (in_deg=2, 533,603 KZT) и не уходят; depth=3≠4",3,False,2,0,533603.0,0.0,0.0,False,0.00031487177064037735,0.0,0
100000001726614100,terminal,0.4339,1,0.2543,"деньги приходят (in_deg=1, 138,717 KZT) и не уходят; depth=3≠4",3,False,1,0,138717.0,0.0,0.0,False,0.00029787103033763714,0.0,0
100000003934614100,peripheral,0.15,19,0.0925,нет выраженных признаков роли,3,False,2,1,17000.0,11500.0,0.6764705882352942,False,0.00031349068936918,4.755524433290098e-06,0
100000008772246100,peripheral,0.25,0,0.1004,"слабый сток in_deg=1, 44,500 KZT (ниже порога terminal)",3,False,1,0,44500.0,0.0,0.0,False,0.0002925147553909286,0.0,0
100000002603371100,peripheral,0.25,1,0.1001,"слабый сток in_deg=1, 9,300 KZT (ниже порога terminal)",3,False,1,0,9300.0,0.0,0.0,False,0.00028937664283473573,0.0,0
100000004445291100,peripheral,0.25,27,0.1009,"слабый сток in_deg=1, 19,500 KZT (ниже порога terminal)",3,False,1,0,19500.0,0.0,0.0,False,0.00031923942351721335,0.0,0
100000008571243100,terminal,0.4334,9,0.2544,"деньги приходят (in_deg=1, 134,000 KZT) и не уходят; depth=3≠4",3,False,1,0,134000.0,0.0,0.0,False,0.00030626343281042815,0.0,0
100000001138283100,peripheral,0.15,6,0.0926,нет выраженных признаков роли,3,False,1,2,81805.0,50000.0,0.6112095837662734,False,0.00030221325755328687,1.9022097733160393e-05,0
100000002593344100,terminal,0.4831,7,0.2627,"деньги приходят (in_deg=2, 431,000 KZT) и не уходят; depth=3≠4",3,False,2,0,431000.0,0.0,0.0,False,0.0003589615897510946,0.0,0
100000007390016100,peripheral,0.15,4,0.1308,нет выраженных признаков роли,3,False,1,1,511000.0,346500.0,0.678082191780822,False,0.001843001360809707,0.0,0
100000001285440100,terminal,0.4643,16,0.2591,"деньги приходят (in_deg=2, 243,000 KZT) и не уходят; depth=3≠4",3,False,2,0,243000.0,0.0,0.0,False,0.00032036477909845037,0.0,0
100000006746688100,peripheral,0.25,0,0.1003,"слабый сток in_deg=1, 41,000 KZT (ниже порога terminal)",3,False,1,0,41000.0,0.0,0.0,False,0.00029196848316378864,0.0,0
100000006471232100,peripheral,0.25,0,0.1003,"слабый сток in_deg=1, 41,800 KZT (ниже порога terminal)",3,False,1,0,41800.0,0.0,0.0,False,0.0002920933453871349,0.0,0
100000008662805100,peripheral,0.25,0,0.1001,"слабый сток in_deg=1, 16,500 KZT (ниже порога terminal)",3,False,1,0,16500.0,0.0,0.0,False,0.00028814457757380866,0.0,0
100000004292885100,terminal,0.4313,0,0.254,"деньги приходят (in_deg=1, 112,700 KZT) и не уходят; depth=3≠4",3,False,1,0,112700.0,0.0,0.0,False,0.0003031592599311994,0.0,0
100000008190442100,peripheral,0.25,0,0.1001,"слабый сток in_deg=1, 13,000 KZT (ниже порога terminal)",3,False,1,0,13000.0,0.0,0.0,False,0.00028759830534666865,0.0,0
100000007131370100,transit,0.75,3,0.3455,"pass-through=1.00: in=30,000 → out=30,000 KZT",3,False,1,1,30000.0,30000.0,1.0,False,0.0008999890359090033,0.0,0
100000008717802100,peripheral,0.25,0,0.1002,"слабый сток in_deg=1, 26,150 KZT (ниже порога terminal)",3,False,1,0,26150.0,0.0,0.0,False,0.00028965072814292326,0.0,0
100000005357034100,peripheral,0.25,1,0.1001,"слабый сток in_deg=1, 9,754 KZT (ниже порога terminal)",3,False,1,0,9754.0,0.0,0.0,False,0.00028611863917592673,0.0,0
100000005532138100,peripheral,0.25,5,0.1003,"слабый сток in_deg=1, 25,046 KZT (ниже порога terminal)",3,False,1,0,25046.0,0.0,0.0,False,0.0002937936754763818,0.0,0
100000005264874100,peripheral,0.15,22,0.0955,нет выраженных признаков роли,3,False,1,2,30000.0,78000.0,2.6,False,0.00042829267239375367,7.925874055483496e-07,0
100000008193258100,peripheral,0.15,15,0.0916,нет выраженных признаков роли,3,False,1,1,75000.0,30000.0,0.4,False,0.00029737422274380044,1.922024458454748e-05,0
100000003190207100,peripheral,0.15,20,0.0928,нет выраженных признаков роли,3,False,1,1,5000.0,377000.0,75.4,False,0.00029912588276162104,2.1003566247031264e-05,0
100000004321983100,peripheral,0.15,5,0.0928,нет выраженных признаков роли,3,False,1,2,10840.0,36200.0,3.339483394833948,False,0.00032378139516947774,2.5759090680321365e-06,0
100000002633108100,terminal,0.452,14,0.2587,"деньги приходят (in_deg=1, 320,000 KZT) и не уходят; depth=3≠4",3,False,1,0,320000.0,0.0,0.0,False,0.00037601781938067895,0.0,0
100000005941908100,peripheral,0.25,14,0.1096,"слабый сток in_deg=1, 10,000 KZT (ниже порога terminal)",3,False,1,0,10000.0,0.0,0.0,False,0.0006923487710335462,0.0,0
100000001835625100,peripheral,0.25,4,0.1004,"слабый сток in_deg=1, 75,130 KZT (ниже порога terminal)",3,False,1,0,75130.0,0.0,0.0,False,0.00028800419546547737,0.0,0
100000008671081100,peripheral,0.25,0,0.1003,"слабый сток in_deg=1, 37,200 KZT (ниже порога terminal)",3,False,1,0,37200.0,0.0,0.0,False,0.00029137538760289376,0.0,0
100000002908521100,peripheral,0.25,0,0.1004,"слабый сток in_deg=1, 44,500 KZT (ниже порога terminal)",3,False,1,0,44500.0,0.0,0.0,False,0.0002925147553909286,0.0,0
100000000749118100,peripheral,0.15,1,0.091,нет выраженных признаков роли,3,False,1,1,10330.0,16500.0,1.5972894482090998,False,0.0002861510794769493,1.922024458454748e-05,0
100000008652094100,peripheral,0.25,1,0.1002,"слабый сток in_deg=1, 35,000 KZT (ниже порога terminal)",3,False,1,0,35000.0,0.0,0.0,False,0.0002875404930641474,0.0,0
100000007647294100,terminal,0.4585,31,0.2643,"деньги приходят (in_deg=1, 385,000 KZT) и не уходят; depth=3≠4",3,False,1,0,385000.0,0.0,0.0,False,0.0005792181286000686,0.0,0
100000003270419100,terminal,0.435,13,0.2669,"деньги приходят (in_deg=1, 150,000 KZT) и не уходят; depth=3≠4",3,False,1,0,150000.0,0.0,0.0,False,0.000833481409870604,0.0,0
100000003050771100,terminal,0.4429,13,0.2572,"деньги приходят (in_deg=1, 229,000 KZT) и не уходят; depth=3≠4",3,False,1,0,229000.0,0.0,0.0,False,0.0003703398485850242,0.0,0
100000008427027100,terminal,0.45,65,0.2625,"деньги приходят (in_deg=1, 300,000 KZT) и не уходят; depth=3≠4",3,False,1,0,300000.0,0.0,0.0,False,0.0005512640793595248,0.0,0
100000004291560100,peripheral,0.25,1,0.1003,"слабый сток in_deg=1, 47,190 KZT (ниже порога terminal)",3,False,1,0,47190.0,0.0,0.0,False,0.0002882270334625237,0.0,0
100000003594472100,peripheral,0.25,30,0.1003,"слабый сток in_deg=1, 20,000 KZT (ниже порога terminal)",3,False,1,0,20000.0,0.0,0.0,False,0.00029445368742830327,0.0,0
100000002575080100,transit,0.7423,3,0.3364,"pass-through=0.96: in=13,000 → out=12,500 KZT",3,False,1,1,13000.0,12500.0,0.9615384615384616,False,0.0005518178489503667,1.981468513870874e-05,0
100000008038077100,terminal,0.47,4,0.2595,"деньги приходят (in_deg=1, 499,850 KZT) и не уходят; depth=3≠4",3,False,1,0,499850.0,0.0,0.0,False,0.0003017690198782221,0.0,0
100000003899325100,peripheral,0.25,6,0.1005,"слабый сток in_deg=1, 50,120 KZT (ниже порога terminal)",3,False,1,0,50120.0,0.0,0.0,False,0.00029664020595416874,0.0,0
100000001155773100,peripheral,0.25,0,0.1002,"слабый сток in_deg=1, 21,500 KZT (ниже порога terminal)",3,False,1,0,21500.0,0.0,0.0,False,0.00028892496646972296,0.0,0
100000000611474100,peripheral,0.25,23,0.1074,"слабый сток in_deg=1, 32,000 KZT (ниже порога terminal)",3,False,1,0,32000.0,0.0,0.0,False,0.0005956216679556017,0.0,0
100000006704530100,transit,0.74,26,0.3379,"pass-through=0.95: in=450,500 → out=428,000 KZT",3,False,1,3,450500.0,428000.0,0.9500554938956715,False,0.0003985422277542589,5.8849614861964964e-05,0
100000003996562100,peripheral,0.25,2,0.101,"слабый сток in_deg=1, 7,700 KZT (ниже порога terminal)",3,False,1,0,7700.0,0.0,0.0,False,0.00032817368818376645,0.0,0
100000002646887100,peripheral,0.25,12,0.1003,"слабый сток in_deg=1, 24,354 KZT (ниже порога terminal)",3,False,1,0,24354.0,0.0,0.0,False,0.00029518757307712236,0.0,0
100000002556775100,terminal,0.45,4,0.2565,"деньги приходят (in_deg=1, 300,000 KZT) и не уходят; depth=3≠4",3,False,1,0,300000.0,0.0,0.0,False,0.00029529204643951646,0.0,0
100000002722108100,terminal,0.5,11,0.2642,"деньги приходят (in_deg=1, 800,000 KZT) и не уходят; depth=3≠4",3,False,1,0,800000.0,0.0,0.0,False,0.00032367477273130985,0.0,0
100000002737980100,peripheral,0.25,3,0.1004,"слабый сток in_deg=1, 32,900 KZT (ниже порога terminal)",3,False,1,0,32900.0,0.0,0.0,False,0.000295423881660281,0.0,0
100000002913340100,peripheral,0.25,0,0.1002,"слабый сток in_deg=1, 23,600 KZT (ниже порога terminal)",3,False,1,0,23600.0,0.0,0.0,False,0.0002892527298060069,0.0,0
100000003610172100,peripheral,0.25,4,0.1004,"слабый сток in_deg=1, 70,000 KZT (ниже порога terminal)",3,False,1,0,70000.0,0.0,0.0,False,0.00028783793640247736,0.0,0
100000001052945100,peripheral,0.15,56,0.0998,нет выраженных признаков роли,3,False,1,3,56520.0,1595700.0,28.23248407643312,False,0.00030154476497427484,5.7660733753642434e-05,0
100000002369510100,peripheral,0.25,0,0.1003,"слабый сток in_deg=1, 37,150 KZT (ниже порога terminal)",3,False,1,0,37150.0,0.0,0.0,False,0.0002913675837139346,0.0,0
100000001954534100,peripheral,0.15,4,0.093,нет выраженных признаков роли,3,False,1,1,13000.0,40000.0,3.076923076923077,False,0.0003659515092221366,1.9616538287321655e-05,0
100000008488166100,peripheral,0.25,0,0.1001,"слабый сток in_deg=1, 5,600 KZT (ниже порога terminal)",3,False,1,0,5600.0,0.0,0.0,False,0.00028644332978071553,0.0,0
100000005100475100,peripheral,0.25,5,0.1014,"слабый сток in_deg=1, 40,000 KZT (ниже порога terminal)",3,False,1,0,40000.0,0.0,0.0,False,0.00033774974625014423,0.0,0
100000002708624100,peripheral,0.25,27,0.1011,"слабый сток in_deg=1, 25,000 KZT (ниже порога terminal)",3,False,1,0,25000.0,0.0,0.0,False,0.0003287361266530887,0.0,0
100000004591973100,peripheral,0.15,10,0.094,нет выраженных признаков роли,3,False,1,1,10000.0,100000.0,10.0,False,0.00039913166986850225,2.0409125692870002e-05,0
100000000802149100,terminal,0.4304,1,0.2537,"деньги приходят (in_deg=1, 104,128 KZT) и не уходят; depth=3≠4",3,False,1,0,104128.0,0.0,0.0,False,0.0002948035998809041,0.0,0
100000003095610100,peripheral,0.25,9,0.1003,"слабый сток in_deg=1, 23,665 KZT (ниже порога terminal)",3,False,1,0,23665.0,0.0,0.0,False,0.0002943864531167951,0.0,0
100000004183610100,peripheral,0.15,13,0.0961,нет выраженных признаков роли,3,False,1,1,22000.0,915000.0,41.59090909090909,False,0.00034076272266534205,1.9616538287321655e-05,0
100000005198906100,peripheral,0.15,4,0.0922,нет выраженных признаков роли,3,False,1,1,227970.0,60000.0,0.26319252533228055,False,0.0002929576136309603,1.922024458454748e-05,0
100000008599354100,peripheral,0.15,1,0.0928,нет выраженных признаков роли,3,False,1,1,177000.0,38200.0,0.21581920903954802,False,0.0003317435534185653,0.0,0
100000001303311100,consolidator,0.85,16,0.534,"получает от 5 плательщиков (1,324,000 KZT), отдаёт 0 (0 KZT)",3,False,5,0,1324000.0,0.0,0.0,False,0.0005016994290161652,0.0,0
100000008776420100,peripheral,0.25,0,0.1006,"слабый сток in_deg=1, 69,500 KZT (ниже порога terminal)",3,False,1,0,69500.0,0.0,0.0,False,0.0002964166998705,0.0,0
100000004737764100,terminal,0.48,2,0.2696,"деньги приходят (in_deg=1, 600,000 KZT) и не уходят; depth=3≠4",3,False,1,0,600000.0,0.0,0.0,False,0.0006766224227546188,0.0,0
100000003154105100,peripheral,0.15,21,0.1038,нет выраженных признаков роли,3,False,1,7,60000.0,338000.0,5.633333333333334,False,0.0005506807965745379,0.0001400898239306708,0
100000008708025100,peripheral,0.25,19,0.1006,"слабый сток in_deg=1, 10,000 KZT (ниже порога terminal)",3,False,1,0,10000.0,0.0,0.0,False,0.0003092890887695548,0.0,0
100000008740793100,peripheral,0.25,0,0.1002,"слабый сток in_deg=1, 21,000 KZT (ниже порога terminal)",3,False,1,0,21000.0,0.0,0.0,False,0.0002888469275801315,0.0,0
100000008459449100,peripheral,0.25,1,0.1006,"слабый сток in_deg=1, 53,700 KZT (ниже порога terminal)",3,False,1,0,53700.0,0.0,0.0,False,0.00029957809489022035,0.0,0
100000008677518100,peripheral,0.25,0,0.1004,"слабый сток in_deg=1, 48,700 KZT (ниже порога terminal)",3,False,1,0,48700.0,0.0,0.0,False,0.0002931702820634966,0.0,0
100000002212494100,terminal,0.436,30,0.2559,"деньги приходят (in_deg=1, 160,000 KZT) и не уходят; depth=3≠4",3,False,1,0,160000.0,0.0,0.0,False,0.0003566444399053855,0.0,0
100000001825934100,peripheral,0.15,22,0.0959,нет выраженных признаков роли,3,False,1,1,40000.0,97000.0,2.425,False,0.00047586713178590775,9.90734256935437e-07,0
100000003736419100,peripheral,0.15,1,0.0911,нет выраженных признаков роли,3,False,1,1,23300.0,10000.0,0.4291845493562232,False,0.00029164760065452137,1.922024458454748e-05,0
100000008430691100,peripheral,0.15,46,0.0948,нет выраженных признаков роли,3,False,1,2,20000.0,604900.0,30.245,False,0.0003069779355111302,1.9616538287321655e-05,0
100000003073635100,terminal,0.4329,6,0.2545,"деньги приходят (in_deg=1, 129,231 KZT) и не уходят; depth=3≠4",3,False,1,0,129231.0,0.0,0.0,False,0.00031186250399510475,0.0,0
100000001686328100,terminal,0.434,7,0.2547,"деньги приходят (in_deg=1, 140,000 KZT) и не уходят; depth=3≠4",3,False,1,0,140000.0,0.0,0.0,False,0.00031505439334769594,0.0,0
100000008707810100,peripheral,0.25,0,0.1002,"слабый сток in_deg=1, 26,200 KZT (ниже порога terminal)",3,False,1,0,26200.0,0.0,0.0,False,0.00028965853203188235,0.0,0
100000001236706100,peripheral,0.15,13,0.1054,нет выраженных признаков роли,3,False,3,2,142700.0,36000.0,0.25227750525578135,False,0.0007662915221773803,3.923307657464331e-05,0
100000008536546100,terminal,0.465,16,0.2591,"деньги приходят (in_deg=2, 250,000 KZT) и не уходят; depth=3≠4",3,False,2,0,250000.0,0.0,0.0,False,0.0003172528720016754,0.0,0
100000007140834100,peripheral,0.25,5,0.11,"слабый сток in_deg=1, 10,200 KZT (ниже порога terminal)",3,False,1,0,10200.0,0.0,0.0,False,0.0007122600056993963,0.0,0
100000007022818100,peripheral,0.25,0,0.1001,"слабый сток in_deg=1, 17,200 KZT (ниже порога terminal)",3,False,1,0,17200.0,0.0,0.0,False,0.00028825383201923664,0.0,0
100000007484343100,terminal,0.4427,1,0.2553,"деньги приходят (in_deg=2, 26,757 KZT) и не уходят; depth=3≠4",3,False,2,0,26757.0,0.0,0.0,False,0.00028913342255288045,0.0,0
100000001379511100,peripheral,0.25,12,0.1008,"слабый сток in_deg=1, 55,000 KZT (ниже порога terminal)",3,False,1,0,55000.0,0.0,0.0,False,0.0003072907911907125,0.0,0
100000004569484100,coordinator,0.8,9,0.5436,"связей с seed=0, betweenness=0.0022, in=2/out=4",3,False,2,4,98312.0,156000.0,1.586784929611848,False,0.0003193810040919866,0.0021514785123609953,0
100000002948492100,peripheral,0.25,14,0.1003,"слабый сток in_deg=1, 23,660 KZT (ниже порога terminal)",3,False,1,0,23660.0,0.0,0.0,False,0.0002922568320465595,0.0,0
100000002116705100,peripheral,0.25,0,0.1002,"слабый сток in_deg=1, 17,600 KZT (ниже порога terminal)",3,False,1,0,17600.0,0.0,0.0,False,0.0002883162631309098,0.0,0
100000002481974100,peripheral,0.15,6,0.0953,нет выраженных признаков роли,3,False,2,2,89447.0,318000.0,3.5551779265934016,False,0.00033166866103899223,3.883678287186913e-05,0
100000003920950100,terminal,0.4523,5,0.2591,"деньги приходят (in_deg=1, 323,290 KZT) и не уходят; depth=3≠4",3,False,1,0,323290.0,0.0,0.0,False,0.000391728370207521,0.0,0
100000000733451100,peripheral,0.15,13,0.0984,нет выраженных признаков роли,3,False,1,1,70000.0,300000.0,4.285714285714286,False,0.000541261614855504,2.4570209571998837e-05,0
100000005182219100,terminal,0.4455,4,0.2572,"деньги приходят (in_deg=2, 55,000 KZT) и не уходят; depth=3≠4",3,False,2,0,55000.0,0.0,0.0,False,0.0003541294978841447,0.0,0
100000008633099100,peripheral,0.15,5,0.0911,нет выраженных признаков роли,3,False,1,1,19468.0,13500.0,0.6934456544072324,False,0.0002919620217726684,1.922024458454748e-05,0
100000001380107100,peripheral,0.25,54,0.1002,"слабый сток in_deg=1, 6,000 KZT (ниже порога terminal)",3,False,1,0,6000.0,0.0,0.0,False,0.0002909484835033965,0.0,0
100000008755168100,peripheral,0.25,0,0.1002,"слабый сток in_deg=1, 17,600 KZT (ниже порога terminal)",3,False,1,0,17600.0,0.0,0.0,False,0.0002883162631309098,0.0,0
100000002628576100,peripheral,0.15,4,0.0984,нет выраженных признаков роли,3,False,2,2,727882.0,539000.0,0.7405046422359668,False,0.0003113901539132396,3.844048916909496e-05,0
100000001611488100,terminal,0.5179,4,0.2797,"деньги приходят (in_deg=2, 779,300 KZT) и не уходят; depth=3≠4",3,False,2,0,779300.0,0.0,0.0,False,0.0008775368508533181,0.0,0
100000005375968100,peripheral,0.15,1,0.093,нет выраженных признаков роли,3,False,1,2,170082.0,86000.0,0.5056384567443939,False,0.00029514830685360396,3.844048916909496e-05,0
100000003581109100,peripheral,0.25,1,0.1002,"слабый сток in_deg=1, 42,750 KZT (ниже порога terminal)",3,False,1,0,42750.0,0.0,0.0,False,0.0002879769728088083,0.0,0
100000002933386100,peripheral,0.15,2,0.0997,нет выраженных признаков роли,3,False,1,1,15000.0,58000.0,3.8666666666666667,False,0.0006527823249129221,2.0012831990095827e-05,0
100000002284426100,peripheral,0.25,4,0.1005,"слабый сток in_deg=1, 90,000 KZT (ниже порога terminal)",3,False,1,0,90000.0,0.0,0.0,False,0.000288486119883959,0.0,0
100000008579978100,peripheral,0.15,4,0.0914,нет выраженных признаков роли,3,False,1,1,34000.0,77000.0,2.264705882352941,False,0.00028667120613581036,1.922024458454748e-05,0
100000001549194100,peripheral,0.25,14,0.1005,"слабый сток in_deg=1, 46,500 KZT (ниже порога terminal)",3,False,1,0,46500.0,0.0,0.0,False,0.00029871259553009623,0.0,0
100000001427082100,peripheral,0.15,21,0.0984,нет выраженных признаков роли,3,False,1,5,5000.0,124900.0,24.98,False,0.00043924505239805123,7.846615314928662e-05,0
100000004657034100,terminal,0.4341,4,0.2541,"деньги приходят (in_deg=1, 141,250 KZT) и не уходят; depth=3≠4",3,False,1,0,141250.0,0.0,0.0,False,0.0002901470900552558,0.0,0
100000003796063100,distributor,0.56,1,0.5322,"веер на 15 получателей (959,150 KZT), in_deg=1",3,False,1,15,35000.0,959150.0,27.404285714285713,False,0.0006852648705720584,0.00512546460482979,2
100000005268319100,peripheral,0.15,1,0.0949,нет выраженных признаков роли,3,False,1,5,19712.8,91000.0,4.6162899232985675,False,0.00029363956323083496,3.8044195466320786e-05,0
100000008744799100,peripheral,0.25,0,0.1001,"слабый сток in_deg=1, 12,600 KZT (ниже порога terminal)",3,False,1,0,12600.0,0.0,0.0,False,0.0002875358742349955,0.0,0
100000008677215100,peripheral,0.25,23,0.1005,"слабый сток in_deg=1, 9,000 KZT (ниже порога terminal)",3,False,1,0,9000.0,0.0,0.0,False,0.00030437671563686176,0.0,0
100000007593823100,distributor,0.552,1,0.4588,"веер на 13 получателей (162,900 KZT), in_deg=3",3,False,3,13,25000.0,162900.0,6.516,False,0.00029059209456347765,0.005832056276876144,0
100000001282143100,consolidator,0.85,11,0.5332,"получает от 5 плательщиков (1,700,000 KZT), отдаёт 0 (0 KZT)",3,False,5,0,1700000.0,0.0,0.0,False,0.0004017630614327061,0.0,0
100000008029279100,peripheral,0.25,6,0.1002,"слабый сток in_deg=1, 17,000 KZT (ниже порога terminal)",3,False,1,0,17000.0,0.0,0.0,False,0.00028902809718424853,0.0,0
100000000594783100,peripheral,0.15,25,0.1289,нет выраженных признаков роли,3,False,1,2,2635000.0,152500.0,0.05787476280834915,False,0.0013815888060884857,0.0,0
100000002705460100,peripheral,0.25,3,0.1068,"слабый сток in_deg=1, 95,000 KZT (ниже порога terminal)",3,False,1,0,95000.0,0.0,0.0,False,0.0005577272422551449,0.0,0
100000002952756100,peripheral,0.25,8,0.1021,"слабый сток in_deg=1, 47,000 KZT (ниже порога terminal)",3,False,1,0,47000.0,0.0,0.0,False,0.00036770900100062496,0.0,0
100000004634420100,peripheral,0.25,0,0.1002,"слабый сток in_deg=1, 26,150 KZT (ниже порога terminal)",3,False,1,0,26150.0,0.0,0.0,False,0.00028965072814292326,0.0,0
100000000583220100,peripheral,0.15,67,0.0944,нет выраженных признаков роли,3,False,1,1,5000.0,761255.0,152.251,False,0.0002981132552282121,1.9616538287321655e-05,0
100000003286537100,terminal,0.4553,7,0.2574,"деньги приходят (in_deg=2, 153,000 KZT) и не уходят; depth=3≠4",3,False,2,0,153000.0,0.0,0.0,False,0.00030109471518583705,0.0,0
100000002958345100,terminal,0.4507,11,0.2567,"деньги приходят (in_deg=1, 307,000 KZT) и не уходят; depth=3≠4",3,False,1,0,307000.0,0.0,0.0,False,0.0003001922715970461,0.0,0
100000005055454100,peripheral,0.25,29,0.1052,"слабый сток in_deg=1, 6,500 KZT (ниже порога terminal)",3,False,1,0,6500.0,0.0,0.0,False,0.0005059810158324268,0.0,0
100000008738526100,peripheral,0.15,16,0.0916,нет выраженных признаков роли,3,False,1,1,15000.0,140000.0,9.333333333333334,False,0.0002874522211122599,2.139985994980544e-05,0
100000001298099100,peripheral,0.25,9,0.1003,"слабый сток in_deg=1, 19,000 KZT (ниже порога terminal)",3,False,1,0,19000.0,0.0,0.0,False,0.00029264835692976006,0.0,0
100000006491272100,peripheral,0.25,0,0.1002,"слабый сток in_deg=1, 26,200 KZT (ниже порога terminal)",3,False,1,0,26200.0,0.0,0.0,False,0.00028965853203188235,0.0,0
100000000552584100,peripheral,0.15,25,0.1258,нет выраженных признаков роли,3,False,1,1,2500000.0,57500.0,0.023,False,0.0013254360037725042,2.972202770806311e-06,0
100000005187208100,peripheral,0.25,4,0.1007,"слабый сток in_deg=1, 14,160 KZT (ниже порога terminal)",3,False,1,0,14160.0,0.0,0.0,False,0.00031197078423773276,0.0,0
100000003528285100,peripheral,0.15,2,0.1315,нет выраженных признаков роли,3,False,4,4,118870.0,548000.0,4.6100782367292,False,0.0004042756455484554,0.00010957520881705934,1
100000001484381100,terminal,0.4496,9,0.2571,"деньги приходят (in_deg=2, 95,585 KZT) и не уходят; depth=3≠4",3,False,2,0,95585.0,0.0,0.0,False,0.0003213079861341881,0.0,0
100000002508637100,peripheral,0.15,6,0.0927,нет выраженных признаков роли,3,False,1,1,306410.0,8000.0,0.02610880845925394,False,0.00030739263356746984,7.925874055483496e-07,0
100000003149149100,terminal,0.4445,4,0.2557,"деньги приходят (in_deg=1, 245,000 KZT) и не уходят; depth=3≠4",3,False,1,0,245000.0,0.0,0.0,False,0.0002935095418654419,0.0,0
100000001538095100,terminal,0.468,11,0.2599,"деньги приходят (in_deg=2, 280,000 KZT) и не уходят; depth=3≠4",3,False,2,0,280000.0,0.0,0.0,False,0.0003301352266623985,0.0,0
100000008695133100,peripheral,0.25,0,0.1003,"слабый сток in_deg=1, 36,610 KZT (ниже порога terminal)",3,False,1,0,36610.0,0.0,0.0,False,0.0002912833017131759,0.0,0
100000008749405100,peripheral,0.25,0,0.1003,"слабый сток in_deg=1, 37,150 KZT (ниже порога terminal)",3,False,1,0,37150.0,0.0,0.0,False,0.0002913675837139346,0.0,0
100000005815602100,peripheral,0.15,3,0.0979,нет выраженных признаков роли,3,False,1,1,20000.0,165000.0,8.25,False,0.0005521710322392165,1.9418391435934565e-05,0
100000006641671100,transit,0.7227,6,0.3328,"pass-through=1.14: in=22,000 → out=25,000 KZT",3,False,2,1,22000.0,25000.0,1.1363636363636365,False,0.0004399911079982398,1.981468513870874e-07,0
100000002945031100,peripheral,0.25,13,0.1002,"слабый сток in_deg=1, 15,000 KZT (ниже порога terminal)",3,False,1,0,15000.0,0.0,0.0,False,0.0002911219506169247,0.0,0
100000003497735100,terminal,0.4325,18,0.2543,"деньги приходят (in_deg=1, 125,000 KZT) и не уходят; depth=3≠4",3,False,1,0,125000.0,0.0,0.0,False,0.0003069462106171282,0.0,0
100000004644615100,peripheral,0.15,8,0.0956,нет выраженных признаков роли,3,False,1,2,50810.0,379665.0,7.472249557173785,False,0.00037436756021008244,1.1888811083225246e-06,0
100000002755292100,terminal,0.4403,4,0.255,"деньги приходят (in_deg=1, 203,400 KZT) и не уходят; depth=3≠4",3,False,1,0,203400.0,0.0,0.0,False,0.00029216132022396007,0.0,0
100000005142492100,peripheral,0.15,5,0.129,нет выраженных признаков роли,3,False,1,1,10000.0,57000.0,5.7,False,0.0019077900971988604,0.0,0
100000002893020100,peripheral,0.25,9,0.1003,"слабый сток in_deg=1, 18,340 KZT (ниже порога terminal)",3,False,1,0,18340.0,0.0,0.0,False,0.00029240245264606373,0.0,0
100000004500444100,peripheral,0.15,14,0.0969,нет выраженных признаков роли,3,False,2,1,180000.0,74000.0,0.4111111111111111,False,0.0004643947559108741,1.9418391435934565e-05,0
100000008454065100,peripheral,0.25,14,0.1003,"слабый сток in_deg=1, 24,050 KZT (ниже порога terminal)",3,False,1,0,24050.0,0.0,0.0,False,0.0002923670661866024,0.0,0
100000008416433100,peripheral,0.25,14,0.1002,"слабый сток in_deg=1, 20,000 KZT (ниже порога terminal)",3,False,1,0,20000.0,0.0,0.0,False,0.00029122232704000326,0.0,0
100000005265073100,peripheral,0.15,20,0.0912,нет выраженных признаков роли,3,False,1,1,5000.0,9000.0,1.8,False,0.00029912588276162104,2.1003566247031264e-05,0
100000006734214100,consolidator,0.8382,4,0.535,"получает от 5 плательщиков (610,000 KZT), отдаёт 3 (36,000 KZT)",3,False,5,3,610000.0,36000.0,0.05901639344262295,False,0.0006063901366273091,5.9444055416126226e-05,0
100000002611334100,peripheral,0.15,1,0.0916,нет выраженных признаков роли,3,False,1,1,48288.0,15500.0,0.3209907223326706,False,0.0003053380307806405,1.922024458454748e-05,0
100000006225798100,peripheral,0.15,15,0.0983,нет выраженных признаков роли,3,False,3,2,722000.0,26300.0,0.03642659279778394,False,0.00035996892038230927,3.844048916909496e-05,0
100000002849158100,peripheral,0.15,7,0.1022,нет выраженных признаков роли,3,False,3,1,723000.0,1313000.0,1.8160442600276625,False,0.00033624556849174347,2.2786887909515052e-05,0
100000008686214100,peripheral,0.25,2,0.1004,"слабый сток in_deg=1, 25,000 KZT (ниже порога terminal)",3,False,1,0,25000.0,0.0,0.0,False,0.00029772792993778624,0.0,0
100000004931931100,peripheral,0.15,1,0.0913,нет выраженных признаков роли,3,False,1,1,23938.0,45000.0,1.8798562954298605,False,0.00029181403668486266,1.922024458454748e-05,0
100000007510875100,peripheral,0.25,7,0.1017,"слабый сток in_deg=1, 5,000 KZT (ниже порога terminal)",3,False,1,0,5000.0,0.0,0.0,False,0.00035624626017075934,0.0,0
100000005233755100,peripheral,0.15,15,0.0911,нет выраженных признаков роли,3,False,1,1,25000.0,5000.0,0.2,False,0.00029160766980870485,1.922024458454748e-05,0
100000008042075100,peripheral,0.25,25,0.1002,"слабый сток in_deg=1, 5,000 KZT (ниже порога terminal)",3,False,1,0,5000.0,0.0,0.0,False,0.0002919566745724357,0.0,0
100000001680944100,terminal,0.4593,16,0.259,"деньги приходят (in_deg=1, 393,000 KZT) и не уходят; depth=3≠4",3,False,1,0,393000.0,0.0,0.0,False,0.00034558988439926746,0.0,0
100000008417029100,terminal,0.43,7,0.2539,"деньги приходят (in_deg=1, 100,000 KZT) и не уходят; depth=3≠4",3,False,1,0,100000.0,0.0,0.0,False,0.00030663007931043757,0.0,0
100000004975919100,peripheral,0.15,6,0.092,нет выраженных признаков роли,3,False,1,2,22351.0,15000.0,0.6711109122634334,False,0.0002901168062828478,3.844048916909496e-05,0
100000003087877100,peripheral,0.25,6,0.1005,"слабый сток in_deg=1, 91,486 KZT (ниже порога terminal)",3,False,1,0,91486.0,0.0,0.0,False,0.0002920851717140782,0.0,0
100000008295429100,terminal,0.4552,4,0.2573,"деньги приходят (in_deg=1, 352,000 KZT) и не уходят; depth=3≠4",3,False,1,0,352000.0,0.0,0.0,False,0.0002969773234913688,0.0,0
100000003254277100,transit,0.7329,1,0.3296,"pass-through=0.91: in=49,200 → out=44,997 KZT",3,False,1,1,49200.0,44997.0,0.9145731707317073,False,0.0002883402365963003,1.922024458454748e-05,0
100000005314565100,terminal,0.4419,1,0.2572,"деньги приходят (in_deg=1, 218,500 KZT) и не уходят; depth=3≠4",3,False,1,0,218500.0,0.0,0.0,False,0.0003750215171110073,0.0,0
100000002951898100,peripheral,0.25,14,0.1004,"слабый сток in_deg=1, 39,990 KZT (ниже порога terminal)",3,False,1,0,39990.0,0.0,0.0,False,0.0002968725333463036,0.0,0
100000001009583100,terminal,0.4594,4,0.2579,"деньги приходят (in_deg=1, 393,740 KZT) и не уходят; depth=3≠4",3,False,1,0,393740.0,0.0,0.0,False,0.0002983300824172211,0.0,0
100000004064431100,peripheral,0.15,24,0.0911,нет выраженных признаков роли,3,False,1,1,26000.0,10000.0,0.38461538461538464,False,0.00029105344694630114,9.90734256935437e-07,0
100000001927599100,terminal,0.4588,9,0.2585,"деньги приходят (in_deg=2, 188,000 KZT) и не уходят; depth=3≠4",3,False,2,0,188000.0,0.0,0.0,False,0.00032725546771546617,0.0,0
100000007737775100,peripheral,0.25,8,0.1005,"слабый сток in_deg=1, 6,000 KZT (ниже порога terminal)",3,False,1,0,6000.0,0.0,0.0,False,0.00030312962676535,0.0,0
100000003157679100,terminal,0.5341,7,0.2703,"деньги приходят (in_deg=4, 541,000 KZT) и не уходят; depth=3≠4",3,False,4,0,541000.0,0.0,0.0,False,0.0003728530959036702,0.0,0
100000001229743100,peripheral,0.15,1,0.091,нет выраженных признаков роли,3,False,1,1,7000.0,9000.0,1.2857142857142858,False,0.00028843504048848607,1.922024458454748e-05,0
100000003795588100,terminal,0.46,1,0.2585,"деньги приходят (in_deg=1, 400,000 KZT) и не уходят; depth=3≠4",3,False,1,0,400000.0,0.0,0.0,False,0.0003210421955065225,0.0,0
100000002301828100,peripheral,0.25,15,0.1004,"слабый сток in_deg=1, 46,977 KZT (ниже порога terminal)",3,False,1,0,46977.0,0.0,0.0,False,0.0002929634292491556,0.0,0
100000005409156100,terminal,0.466,4,0.2618,"деньги приходят (in_deg=2, 260,080 KZT) и не уходят; depth=3≠4",3,False,2,0,260080.0,0.0,0.0,False,0.0004239310051282027,0.0,0
100000002513028100,peripheral,0.15,55,0.0945,нет выраженных признаков роли,3,False,1,3,9500.0,332709.0,35.022,False,0.00030559789686242716,6.063293652444875e-05,0
100000003218308100,peripheral,0.25,1,0.1001,"слабый сток in_deg=1, 11,165 KZT (ниже порога terminal)",3,False,1,0,11165.0,0.0,0.0,False,0.00028619810664943856,0.0,0
100000008489604100,peripheral,0.25,0,0.1001,"слабый сток in_deg=1, 11,000 KZT (ниже порога terminal)",3,False,1,0,11000.0,0.0,0.0,False,0.00028728614978830295,0.0,0
100000004450649100,peripheral,0.15,4,0.1239,нет выраженных признаков роли,3,False,2,2,192528.0,46527.0,0.24166355023684866,False,0.0002989552239324572,0.00013652318060570324,1
100000008767065100,peripheral,0.25,16,0.1001,"слабый сток in_deg=1, 10,000 KZT (ниже порога terminal)",3,False,1,0,10000.0,0.0,0.0,False,0.00028709653569774894,0.0,0
100000003035737100,peripheral,0.15,4,0.0973,нет выраженных признаков роли,3,False,2,1,809170.0,6544.53,0.008087954323566123,False,0.0003788112784639964,1.922024458454748e-05,0
100000002748761100,terminal,0.4997,11,0.2642,"деньги приходят (in_deg=1, 796,800 KZT) и не уходят; depth=3≠4",3,False,1,0,796800.0,0.0,0.0,False,0.0003235223508172538,0.0,0
100000008432942100,peripheral,0.25,1,0.1003,"слабый сток in_deg=1, 44,542 KZT (ниже порога terminal)",3,False,1,0,44542.0,0.0,0.0,False,0.0002880778981897673,0.0,0
100000004278574100,peripheral,0.15,4,0.091,нет выраженных признаков роли,3,False,1,1,25000.0,12500.0,0.5,False,0.0002863795235691436,1.922024458454748e-05,0
100000000926766100,peripheral,0.15,27,0.0917,нет выраженных признаков роли,3,False,1,1,18750.0,6000.0,0.32,False,0.0003179444185441394,0.0,0
100000008661550100,peripheral,0.25,0,0.1002,"слабый сток in_deg=1, 22,800 KZT (ниже порога terminal)",3,False,1,0,22800.0,0.0,0.0,False,0.00028912786758266063,0.0,0
100000000783406100,peripheral,0.25,31,0.1001,"слабый сток in_deg=1, 6,066 KZT (ниже порога terminal)",3,False,1,0,6066.0,0.0,0.0,False,0.00029019597948837185,0.0,0
100000008730371100,terminal,0.492,1,0.2756,"деньги приходят (in_deg=2, 520,000 KZT) и не уходят; depth=3≠4",3,False,2,0,520000.0,0.0,0.0,False,0.0008583627263123987,0.0,0
100000002878467100,terminal,0.46,12,0.2584,"деньги приходят (in_deg=2, 200,000 KZT) и не уходят; depth=3≠4",3,False,2,0,200000.0,0.0,0.0,False,0.00031440364212176157,0.0,0
100000003171587100,peripheral,0.15,4,0.098,нет выраженных признаков роли,3,False,2,2,700000.0,431300.0,0.6161428571428571,False,0.00031601841593021073,3.883678287186913e-05,0
100000002696152100,peripheral,0.15,8,0.1136,нет выраженных признаков роли,3,False,1,2,21800.0,69000.0,3.165137614678899,False,0.001205060559679083,2.139985994980544e-05,0
100000002109656100,terminal,0.47,11,0.2597,"деньги приходят (in_deg=1, 500,000 KZT) и не уходят; depth=3≠4",3,False,1,0,500000.0,0.0,0.0,False,0.000309385218288553,0.0,0
100000001317336100,peripheral,0.15,30,0.1009,нет выраженных признаков роли,3,False,1,2,131196.0,1752000.0,13.354065672733924,False,0.00034384913680288637,4.0025663980191654e-05,0
100000005222360100,peripheral,0.15,14,0.0984,нет выраженных признаков роли,3,False,1,1,5000.0,27000.0,5.4,False,0.0006008605701429433,0.0018358305781013648,0
100000001445848100,peripheral,0.15,31,0.1043,нет выраженных признаков роли,3,False,1,1,546000.0,351850.0,0.6444139194139195,False,0.0007020167320692299,0.0,0
100000008720856100,peripheral,0.15,4,0.0919,нет выраженных признаков роли,3,False,1,1,18105.0,46000.0,2.5407346037006353,False,0.0003193262841057159,1.9616538287321655e-05,0
100000002448088100,peripheral,0.15,21,0.098,нет выраженных признаков роли,3,False,3,1,20000.0,25000.0,1.25,False,0.000508656079647421,2.0805419395644178e-05,0
100000003109805100,peripheral,0.25,15,0.1003,"слабый сток in_deg=1, 36,929 KZT (ниже порога terminal)",3,False,1,0,36929.0,0.0,0.0,False,0.0002913818836246975,0.0,0
100000008223661100,coordinator,0.88,32,0.5832,"связей с seed=1, betweenness=0.0003, in=2/out=5",3,False,2,5,202000.0,262580.0,1.29990099009901,False,0.000314669175022383,0.0003225830740581783,1
100000004096559100,peripheral,0.25,5,0.1163,"слабый сток in_deg=1, 46,200 KZT (ниже порога terminal)",3,False,1,0,46200.0,0.0,0.0,False,0.0009765877187482867,0.0,0
100000002257794100,terminal,0.4354,24,0.2676,"деньги приходят (in_deg=1, 154,000 KZT) и не уходят; depth=3≠4",3,False,1,0,154000.0,0.0,0.0,False,0.0008606341011324367,0.0,0
100000003112578100,terminal,0.4301,11,0.2536,"деньги приходят (in_deg=1, 101,080 KZT) и не уходят; depth=3≠4",3,False,1,0,101080.0,0.0,0.0,False,0.00029038392142753775,0.0,0
100000007020162100,peripheral,0.25,14,0.1009,"слабый сток in_deg=1, 86,395 KZT (ниже порога terminal)",3,False,1,0,86395.0,0.0,0.0,False,0.00030998898275320046,0.0,0
100000001934935100,terminal,0.4319,1,0.2539,"деньги приходят (in_deg=1, 118,935 KZT) и не уходят; depth=3≠4",3,False,1,0,118935.0,0.0,0.0,False,0.00029226770949874293,0.0,0
100000002663511100,terminal,0.4469,1,0.2564,"деньги приходят (in_deg=1, 268,940 KZT) и не уходят; depth=3≠4",3,False,1,0,268940.0,0.0,0.0,False,0.000309419499399106,0.0,0
100000003338583100,peripheral,0.25,24,0.1002,"слабый сток in_deg=1, 21,765 KZT (ниже порога terminal)",3,False,1,0,21765.0,0.0,0.0,False,0.0002901601628383259,0.0,0
100000002904919100,peripheral,0.15,1,0.0913,нет выраженных признаков роли,3,False,1,1,60325.0,5500.0,0.09117281392457521,False,0.00029091905114297364,1.922024458454748e-05,0
100000005127767100,peripheral,0.25,35,0.1032,"слабый сток in_deg=1, 7,000 KZT (ниже порога terminal)",3,False,1,0,7000.0,0.0,0.0,False,0.00042253166627963316,0.0,0
100000004066647100,peripheral,0.25,18,0.1004,"слабый сток in_deg=1, 51,000 KZT (ниже порога terminal)",3,False,1,0,51000.0,0.0,0.0,False,0.00029429107610842487,0.0,0
100000002394199100,peripheral,0.15,5,0.155,нет выраженных признаков роли,3,False,1,1,277398.0,76777.0,0.2767756076107254,False,0.002967852391512181,0.0,0
100000003968044100,peripheral,0.15,6,0.0943,нет выраженных признаков роли,3,False,1,3,40000.0,311000.0,7.775,False,0.00029600415505373764,1.9022097733160393e-05,0
100000001808684100,peripheral,0.15,5,0.1119,нет выраженных признаков роли,3,False,1,1,48400.0,37700.0,0.7789256198347108,False,0.0011690957183659047,0.0,0
100000008097580100,terminal,0.4432,6,0.2644,"деньги приходят (in_deg=2, 32,000 KZT) и не уходят; depth=3≠4",3,False,2,0,32000.0,0.0,0.0,False,0.0006747919200885528,0.0,0
100000008687617100,peripheral,0.25,0,0.1004,"слабый сток in_deg=1, 43,350 KZT (ниже порога terminal)",3,False,1,0,43350.0,0.0,0.0,False,0.00029233526594486835,0.0,0
100000005667841100,terminal,0.4586,12,0.2581,"деньги приходят (in_deg=2, 186,000 KZT) и не уходят; depth=3≠4",3,False,2,0,186000.0,0.0,0.0,False,0.000312225563719486,0.0,0
100000001329153100,terminal,0.4351,1,0.2544,"деньги приходят (in_deg=1, 150,687 KZT) и не уходят; depth=3≠4",3,False,1,0,150687.0,0.0,0.0,False,0.0002940559810926105,0.0,0
100000007689942100,peripheral,0.15,18,0.106,нет выраженных признаков роли,3,False,1,2,5000.0,25000.0,5.0,False,0.0008925911171850298,1.981468513870874e-05,0
100000006476758100,peripheral,0.25,8,0.1054,"слабый сток in_deg=1, 5,200 KZT (ниже порога terminal)",3,False,1,0,5200.0,0.0,0.0,False,0.0005168074362570575,0.0,0
100000002184107100,peripheral,0.25,31,0.1001,"слабый сток in_deg=1, 6,066 KZT (ниже порога terminal)",3,False,1,0,6066.0,0.0,0.0,False,0.00029019597948837185,0.0,0
100000008663723100,peripheral,0.25,0,0.1001,"слабый сток in_deg=1, 15,600 KZT (ниже порога terminal)",3,False,1,0,15600.0,0.0,0.0,False,0.0002880041075725441,0.0,0
100000000254336100,peripheral,0.15,1,0.0925,нет выраженных признаков роли,3,False,2,1,97177.0,60000.0,0.6174300503205491,False,0.00029193514276874887,1.922024458454748e-05,0
100000008750464100,peripheral,0.25,0,0.1001,"слабый сток in_deg=1, 8,500 KZT (ниже порога terminal)",3,False,1,0,8500.0,0.0,0.0,False,0.0002868959553403458,0.0,0
100000001530709100,peripheral,0.25,1,0.1003,"слабый сток in_deg=1, 53,961 KZT (ниже порога terminal)",3,False,1,0,53961.0,0.0,0.0,False,0.0002886083759594398,0.0,0
100000000656682100,transit,0.7246,1,0.3299,"pass-through=1.13: in=71,000 → out=80,000 KZT",3,False,1,2,71000.0,80000.0,1.1267605633802817,False,0.00028956801187805624,3.844048916909496e-05,0
100000008755754100,peripheral,0.25,11,0.1003,"слабый сток in_deg=1, 7,000 KZT (ниже порога terminal)",3,False,1,0,7000.0,0.0,0.0,False,0.00029589900207032977,0.0,0
100000002691583100,terminal,0.4485,26,0.2577,"деньги приходят (in_deg=1, 285,200 KZT) и не уходят; depth=3≠4",3,False,1,0,285200.0,0.0,0.0,False,0.00035708956201916303,0.0,0
100000005241556100,terminal,0.43,16,0.2596,"деньги приходят (in_deg=1, 100,000 KZT) и не уходят; depth=3≠4",3,False,1,0,100000.0,0.0,0.0,False,0.0005490718879795905,0.0,0
100000004713684100,peripheral,0.25,1,0.1002,"слабый сток in_deg=1, 37,500 KZT (ниже порога terminal)",3,False,1,0,37500.0,0.0,0.0,False,0.00028768129298178,0.0,0
100000006919124100,peripheral,0.25,1,0.1002,"слабый сток in_deg=1, 25,000 KZT (ниже порога terminal)",3,False,1,0,25000.0,0.0,0.0,False,0.00028697729339361713,0.0,0
100000003006633100,peripheral,0.25,31,0.1002,"слабый сток in_deg=1, 10,000 KZT (ниже порога terminal)",3,False,1,0,10000.0,0.0,0.0,False,0.0002931965366687922,0.0,0
100000008306857100,terminal,0.4325,11,0.2539,"деньги приходят (in_deg=1, 125,000 KZT) и не уходят; depth=3≠4",3,False,1,0,125000.0,0.0,0.0,False,0.00029152327523510686,0.0,0
100000003671721100,peripheral,0.25,9,0.1064,"слабый сток in_deg=1, 5,000 KZT (ниже порога terminal)",3,False,1,0,5000.0,0.0,0.0,False,0.0005587421555235851,0.0,0
100000002613929100,peripheral,0.25,7,0.1117,"слабый сток in_deg=1, 28,560 KZT (ниже порога terminal)",3,False,1,0,28560.0,0.0,0.0,False,0.0007809340979896427,0.0,0
100000008669310100,peripheral,0.25,1,0.1003,"слабый сток in_deg=1, 59,567 KZT (ниже порога terminal)",3,False,1,0,59567.0,0.0,0.0,False,0.000288924105694739,0.0,0
100000006573438100,peripheral,0.25,36,0.1004,"слабый сток in_deg=1, 5,000 KZT (ниже порога terminal)",3,False,1,0,5000.0,0.0,0.0,False,0.00029908687990621766,0.0,0
100000006165886100,peripheral,0.15,1,0.0931,нет выраженных признаков роли,3,False,2,1,184481.0,75000.0,0.4065459315593476,False,0.0002985616389392791,3.606272695244991e-05,0
100000008491390100,peripheral,0.25,1,0.1002,"слабый сток in_deg=1, 36,000 KZT (ниже порога terminal)",3,False,1,0,36000.0,0.0,0.0,False,0.0002875968130312004,0.0,0
100000005186131100,transit,0.75,1,0.331,"pass-through=1.00: in=10,000 → out=10,000 KZT",3,False,1,1,10000.0,10000.0,1.0,False,0.0002861324938878218,1.922024458454748e-05,0
100000001550419100,peripheral,0.25,14,0.1003,"слабый сток in_deg=1, 23,000 KZT (ниже порога terminal)",3,False,1,0,23000.0,0.0,0.0,False,0.00029207028196341005,0.0,0
100000004979283100,peripheral,0.25,9,0.1005,"слабый сток in_deg=1, 40,132 KZT (ниже порога terminal)",3,False,1,0,40132.0,0.0,0.0,False,0.00030052176499501714,0.0,0
100000002537811100,peripheral,0.15,8,0.1132,нет выраженных признаков роли,3,False,1,1,52000.0,15000.0,0.28846153846153844,False,0.0012313777249476484,2.6353531234482626e-05,0
100000002990675100,peripheral,0.25,4,0.1003,"слабый сток in_deg=1, 51,143 KZT (ниже порога terminal)",3,False,1,0,51143.0,0.0,0.0,False,0.0002872267966069624,0.0,0
100000008763688100,peripheral,0.25,0,0.1002,"слабый сток in_deg=1, 21,000 KZT (ниже порога terminal)",3,False,1,0,21000.0,0.0,0.0,False,0.0002888469275801315,0.0,0
100000002809896100,peripheral,0.25,9,0.1005,"слабый сток in_deg=1, 38,000 KZT (ниже порога terminal)",3,False,1,0,38000.0,0.0,0.0,False,0.0002997274196422286,0.0,0
100000008716072100,peripheral,0.25,0,0.1001,"слабый сток in_deg=1, 12,100 KZT (ниже порога terminal)",3,False,1,0,12100.0,0.0,0.0,False,0.0002874578353454041,0.0,0
100000001279272100,peripheral,0.15,1,0.0938,нет выраженных признаков роли,3,False,1,2,250000.0,136758.0,0.547032,False,0.0003077398575230609,1.9022097733160393e-05,0
100000001714173100,terminal,0.4839,16,0.2677,"деньги приходят (in_deg=1, 638,905 KZT) и не уходят; depth=3≠4",3,False,1,0,638905.0,0.0,0.0,False,0.0005706777097822577,0.0,0
100000008729597100,peripheral,0.25,6,0.1008,"слабый сток in_deg=1, 83,090 KZT (ниже порога terminal)",3,False,1,0,83090.0,0.0,0.0,False,0.0003024747023657892,0.0,0
100000002255058100,terminal,0.4692,2,0.2623,"деньги приходят (in_deg=1, 491,500 KZT) и не уходят; depth=3≠4",3,False,1,0,491500.0,0.0,0.0,False,0.000426128672218052,0.0,0
100000006111442100,peripheral,0.25,12,0.1005,"слабый сток in_deg=1, 64,000 KZT (ниже порога terminal)",3,False,1,0,64000.0,0.0,0.0,False,0.0002955262240562654,0.0,0
100000008686247100,peripheral,0.15,25,0.0916,нет выраженных признаков роли,3,False,1,1,22000.0,5000.0,0.22727272727272727,False,0.0003136737677799257,0.0,0
100000001893287100,peripheral,0.15,5,0.0993,нет выраженных признаков роли,3,False,1,1,18000.0,152700.0,8.483333333333333,False,0.0006184515295005468,0.0,0
100000005172860100,peripheral,0.25,1,0.1002,"слабый сток in_deg=1, 15,209 KZT (ниже порога terminal)",3,False,1,0,15209.2,0.0,0.0,False,0.0002917958239584133,0.0,0
100000001788284100,peripheral,0.15,27,0.0958,нет выраженных признаков роли,3,False,1,5,8000.0,296700.0,37.0875,False,0.00029938268059674666,9.907342569354371e-05,0
100000008755580100,peripheral,0.25,0,0.1001,"слабый сток in_deg=1, 16,000 KZT (ниже порога terminal)",3,False,1,0,16000.0,0.0,0.0,False,0.00028806653868421726,0.0,0
100000003896956100,peripheral,0.15,3,0.0911,нет выраженных признаков роли,3,False,1,1,10000.0,27000.0,2.7,False,0.00028856460954950717,1.922024458454748e-05,0
100000002475601100,terminal,0.4432,6,0.2557,"деньги приходят (in_deg=1, 232,301 KZT) и не уходят; depth=3≠4",3,False,1,0,232301.0,0.0,0.0,False,0.00030211439246599674,0.0,0
100000008619857100,peripheral,0.15,1,0.0919,нет выраженных признаков роли,3,False,1,2,29000.0,13000.0,0.4482758620689655,False,0.00028720257326182925,0.0,0
100000001373265100,peripheral,0.15,6,0.0922,нет выраженных признаков роли,3,False,1,1,142482.0,5000.0,0.0350921519911287,False,0.00031455853917834877,1.922024458454748e-05,0
100000004185681100,peripheral,0.25,2,0.1059,"слабый сток in_deg=1, 10,000 KZT (ниже порога terminal)",3,False,1,0,10000.0,0.0,0.0,False,0.0005352962052822031,0.0,0
100000003031633100,terminal,0.4614,7,0.2586,"деньги приходят (in_deg=1, 414,000 KZT) и не уходят; depth=3≠4",3,False,1,0,414000.0,0.0,0.0,False,0.00031462612731946837,0.0,0
100000002632742100,terminal,0.4636,12,0.259,"деньги приходят (in_deg=2, 235,500 KZT) и не уходят; depth=3≠4",3,False,2,0,235500.0,0.0,0.0,False,0.0003175643151957899,0.0,0
100000005847078100,peripheral,0.25,0,0.1001,"слабый сток in_deg=1, 16,300 KZT (ниже порога terminal)",3,False,1,0,16300.0,0.0,0.0,False,0.0002881133620179721,0.0,0
100000002807334100,peripheral,0.25,4,0.1003,"слабый сток in_deg=1, 54,715 KZT (ниже порога terminal)",3,False,1,0,54715.0,0.0,0.0,False,0.00028734256217675496,0.0,0
100000008748795100,peripheral,0.25,1,0.1003,"слабый сток in_deg=1, 47,057 KZT (ниже порога terminal)",3,False,1,0,47057.0,0.0,0.0,False,0.00028821954290690567,0.0,0
100000003899899100,peripheral,0.15,3,0.1013,нет выраженных признаков роли,3,False,2,1,218500.0,10000.0,0.04576659038901602,False,0.0006539846029635878,1.9418391435934565e-05,0
100000002308091100,terminal,0.4387,11,0.2611,"деньги приходят (in_deg=1, 186,720 KZT) и не уходят; depth=3≠4",3,False,1,0,186720.0,0.0,0.0,False,0.0005611068728343343,0.0,0
100000008680912100,peripheral,0.15,2,0.0969,нет выраженных признаков роли,3,False,1,1,45112.0,5990.85,0.13279947685759888,False,0.0005351757124790598,0.0,0
100000008742053100,distributor,0.548,11,0.4667,"веер на 12 получателей (2,789,000 KZT), in_deg=1",3,False,1,12,10000.0,2789000.0,278.9,False,0.00028627115008932475,0.00013256024357796148,0
100000008473765100,peripheral,0.25,6,0.1003,"слабый сток in_deg=1, 30,000 KZT (ниже порога terminal)",3,False,1,0,30000.0,0.0,0.0,False,0.0002916730641589804,0.0,0
100000007472293100,peripheral,0.15,41,0.094,нет выраженных признаков роли,3,False,1,3,5000.0,345900.0,69.18,False,0.0002863329149575202,6.657734206606137e-05,0
100000008753061100,peripheral,0.25,0,0.1002,"слабый сток in_deg=1, 28,400 KZT (ниже порога terminal)",3,False,1,0,28400.0,0.0,0.0,False,0.0002900019031460847,0.0,0
100000008501413100,transit,0.746,8,0.3324,"pass-through=1.02: in=5,000 → out=5,100 KZT",3,False,1,1,5000.0,5100.0,1.02,False,0.0003666452836068586,2.1201713098418353e-05,0
100000002748581100,peripheral,0.25,14,0.1005,"слабый сток in_deg=1, 41,180 KZT (ниже порога terminal)",3,False,1,0,41180.0,0.0,0.0,False,0.00029720888879925493,0.0,0
100000001384826100,peripheral,0.15,4,0.0927,нет выраженных признаков роли,3,False,1,1,364260.0,10000.0,0.027452918245209467,False,0.00029737465996551707,1.922024458454748e-05,0
100000004099450100,peripheral,0.25,2,0.1004,"слабый сток in_deg=1, 31,000 KZT (ниже порога terminal)",3,False,1,0,31000.0,0.0,0.0,False,0.0002961658639475326,0.0,0
100000002926970100,peripheral,0.25,9,0.1011,"слабый сток in_deg=1, 85,000 KZT (ниже порога terminal)",3,False,1,0,85000.0,0.0,0.0,False,0.00031723878529938754,0.0,0
100000002753146100,terminal,0.5004,11,0.2643,"деньги приходят (in_deg=1, 803,540 KZT) и не уходят; depth=3≠4",3,False,1,0,803540.0,0.0,0.0,False,0.0003238433894737344,0.0,0
100000003943247100,peripheral,0.25,1,0.1002,"слабый сток in_deg=1, 40,000 KZT (ниже порога terminal)",3,False,1,0,40000.0,0.0,0.0,False,0.00028782209289941247,0.0,0
100000002872399100,terminal,0.52,5,0.2764,"деньги приходят (in_deg=1, 1,090,000 KZT) и не уходят; depth=3≠4",3,False,1,0,1090000.0,0.0,0.0,False,0.0007057669186571375,0.0,0
100000008417359100,peripheral,0.15,15,0.0925,нет выраженных признаков роли,3,False,1,2,40810.0,110760.0,2.714040676304827,False,0.00029199274932618257,0.0,0
100000002614095100,peripheral,0.25,0,0.1001,"слабый сток in_deg=1, 5,300 KZT (ниже порога terminal)",3,False,1,0,5300.0,0.0,0.0,False,0.00028639650644696066,0.0,0
100000004717647100,peripheral,0.15,44,0.1221,нет выраженных признаков роли,3,False,1,5,300000.0,2240000.0,7.466666666666667,False,0.00102336095526445,7.767356574373826e-05,0
100000008537380100,peripheral,0.25,0,0.1001,"слабый сток in_deg=1, 8,000 KZT (ниже порога terminal)",3,False,1,0,8000.0,0.0,0.0,False,0.00028681791645075434,0.0,0
100000001534244100,peripheral,0.15,7,0.0947,нет выраженных признаков роли,3,False,2,1,366000.0,45000.0,0.12295081967213115,False,0.0003415070880405251,2.159800680119253e-05,0
100000008767950100,peripheral,0.25,0,0.1002,"слабый сток in_deg=1, 17,350 KZT (ниже порога terminal)",3,False,1,0,17350.0,0.0,0.0,False,0.00028827724368611407,0.0,0
100000004613582100,peripheral,0.15,5,0.0972,нет выраженных признаков роли,3,False,1,1,5000.0,9500.0,1.9,False,0.0005534434661680626,1.5851748110966993e-06,0
100000008121806100,peripheral,0.15,6,0.0951,нет выраженных признаков роли,3,False,1,4,67000.0,248509.0,3.709089552238806,False,0.0003003687971376981,0.00016783038312486302,0
100000002369443100,peripheral,0.25,0,0.1004,"слабый сток in_deg=1, 50,000 KZT (ниже порога terminal)",3,False,1,0,50000.0,0.0,0.0,False,0.0002933731831764343,0.0,0
100000008655779100,peripheral,0.15,19,0.0946,нет выраженных признаков роли,3,False,1,2,47000.0,24704.0,0.5256170212765957,False,0.0003970523286129288,2.9325734005288937e-05,0
100000008561016100,transit,0.7444,7,0.332,"pass-through=1.03: in=180,000 → out=185,000 KZT",3,False,1,1,180000.0,185000.0,1.0277777777777777,False,0.0002948428406003138,2.2390594206740877e-05,0
100000002727288100,peripheral,0.25,3,0.102,"слабый сток in_deg=1, 16,000 KZT (ниже порога terminal)",3,False,1,0,16000.0,0.0,0.0,False,0.0003661692337362462,0.0,0
100000001270349100,terminal,0.44,5,0.2565,"деньги приходят (in_deg=1, 200,000 KZT) и не уходят; depth=3≠4",3,False,1,0,200000.0,0.0,0.0,False,0.0003553003383239658,0.0,0
100000004722765100,peripheral,0.15,43,0.11,нет выраженных признаков роли,3,False,1,3,230000.0,2284500.0,9.932608695652174,False,0.0005815882668655421,5.8255174307803695e-05,0
100000001677389100,peripheral,0.15,15,0.091,нет выраженных признаков роли,3,False,1,1,11000.0,5400.0,0.4909090909090909,False,0.0002886309695446784,1.922024458454748e-05,0
100000005857058100,terminal,0.468,1,0.2613,"деньги приходят (in_deg=3, 80,222 KZT) и не уходят; depth=3≠4",3,False,3,0,80222.0,0.0,0.0,False,0.00038993375522918043,0.0,0
100000008760098100,peripheral,0.15,16,0.0925,нет выраженных признаков роли,3,False,1,1,7000.0,390000.0,55.714285714285715,False,0.0002866383632536117,3.1703496221933985e-06,0
100000002838519100,peripheral,0.25,14,0.1005,"слабый сток in_deg=1, 46,900 KZT (ниже порога terminal)",3,False,1,0,46900.0,0.0,0.0,False,0.0002988256561865505,0.0,0
100000002597623100,peripheral,0.25,1,0.1001,"слабый сток in_deg=1, 16,418 KZT (ниже порога terminal)",3,False,1,0,16418.0,0.0,0.0,False,0.00028649395543636807,0.0,0
100000003635660100,peripheral,0.25,1,0.1002,"слабый сток in_deg=1, 18,985 KZT (ниже порога terminal)",3,False,1,0,18985.0,0.0,0.0,False,0.00029052194004178976,0.0,0
100000008676812100,terminal,0.4431,18,0.2597,"деньги приходят (in_deg=1, 230,800 KZT) и не уходят; depth=3≠4",3,False,1,0,230800.0,0.0,0.0,False,0.00047313415798956116,0.0,0
100000003213473100,distributor,0.544,2,0.5151,"веер на 11 получателей (240,000 KZT), in_deg=1",3,False,1,11,57500.0,240000.0,4.173913043478261,False,0.0002888076923228404,9.273272644915691e-05,2
100000003071649100,terminal,0.439,7,0.2549,"деньги приходят (in_deg=1, 189,500 KZT) и не уходят; depth=3≠4",3,False,1,0,189500.0,0.0,0.0,False,0.0002953322777705289,0.0,0
100000002433697100,transit,0.7192,4,0.3289,"pass-through=0.85: in=130,000 → out=110,000 KZT",3,False,1,1,130000.0,110000.0,0.8461538461538461,False,0.00028978248684692235,1.922024458454748e-05,0
100000008612257100,peripheral,0.25,15,0.1001,"слабый сток in_deg=1, 9,500 KZT (ниже порога terminal)",3,False,1,0,9500.0,0.0,0.0,False,0.00028786387694202856,0.0,0
100000002736033100,peripheral,0.15,15,0.0913,нет выраженных признаков роли,3,False,1,1,34530.0,11000.0,0.3185635679119606,False,0.00029518017140407954,1.922024458454748e-05,0
100000008687990100,peripheral,0.25,0,0.1002,"слабый сток in_deg=1, 17,600 KZT (ниже порога terminal)",3,False,1,0,17600.0,0.0,0.0,False,0.0002883162631309098,0.0,0
100000008776310100,peripheral,0.25,0,0.1002,"слабый сток in_deg=1, 19,200 KZT (ниже порога terminal)",3,False,1,0,19200.0,0.0,0.0,False,0.0002885659875776024,0.0,0
100000007267915100,peripheral,0.15,15,0.092,нет выраженных признаков роли,3,False,2,1,21000.0,10000.0,0.47619047619047616,False,0.0002913946069790765,4.359230730515923e-06,0
100000004217419100,peripheral,0.15,6,0.0992,нет выраженных признаков роли,3,False,2,1,118200.0,7700.0,0.06514382402707276,False,0.0005841829530235474,1.9418391435934565e-05,0
100000002773323100,peripheral,0.15,12,0.0987,нет выраженных признаков роли,3,False,2,1,285000.0,1171644.0,4.111031578947369,False,0.0003254977886002262,2.139985994980544e-05,0
100000002528544100,terminal,0.4393,6,0.2551,"деньги приходят (in_deg=1, 192,912 KZT) и не уходят; depth=3≠4",3,False,1,0,192912.0,0.0,0.0,False,0.00029930900258425604,0.0,0
100000003760160100,terminal,0.4304,4,0.2536,"деньги приходят (in_deg=1, 104,470 KZT) и не уходят; depth=3≠4",3,False,1,0,104470.0,0.0,0.0,False,0.000288955080632811,0.0,0
100000000640800100,peripheral,0.15,6,0.0963,нет выраженных признаков роли,3,False,1,4,80000.0,518135.0,6.4766875,False,0.0003032403424804635,5.7660733753642434e-05,0
100000008238112100,terminal,0.439,4,0.2549,"деньги приходят (in_deg=1, 190,000 KZT) и не уходят; depth=3≠4",3,False,1,0,190000.0,0.0,0.0,False,0.00029172703729136735,0.0,0
100000008751349100,peripheral,0.25,26,0.1001,"слабый сток in_deg=1, 11,630 KZT (ниже порога terminal)",3,False,1,0,11630.0,0.0,0.0,False,0.0002884857763860705,0.0,0
100000002963189100,peripheral,0.15,14,0.123,нет выраженных признаков роли,3,False,1,7,490000.0,5219000.0,10.651020408163266,False,0.00042406859837372854,7.608839093264157e-05,0
100000008548853100,peripheral,0.25,0,0.1001,"слабый сток in_deg=1, 14,000 KZT (ниже порога terminal)",3,False,1,0,14000.0,0.0,0.0,False,0.0002877543831258515,0.0,0
100000003164661100,terminal,0.4796,29,0.2678,"деньги приходят (in_deg=1, 596,200 KZT) и не уходят; depth=3≠4",3,False,1,0,596200.0,0.0,0.0,False,0.0006007384807220615,0.0,0
100000000791285100,peripheral,0.15,26,0.1065,нет выраженных признаков роли,3,False,1,3,1120000.0,650000.0,0.5803571428571429,False,0.0005664343010128598,3.883678287186913e-05,0
100000003192309100,peripheral,0.15,0,0.0919,нет выраженных признаков роли,3,False,1,1,17200.0,213000.0,12.383720930232558,False,0.00028825383201923664,1.387027959709612e-06,0
100000002891765100,peripheral,0.25,14,0.1006,"слабый сток in_deg=1, 55,576 KZT (ниже порога terminal)",3,False,1,0,55576.0,0.0,0.0,False,0.00030127794182504284,0.0,0
100000001740277100,peripheral,0.15,5,0.0929,нет выраженных признаков роли,3,False,1,1,8700.0,5000.0,0.5747126436781609,False,0.0003696934153229431,0.0,0
100000002232266100,peripheral,0.25,6,0.1004,"слабый сток in_deg=1, 45,000 KZT (ниже порога terminal)",3,False,1,0,45000.0,0.0,0.0,False,0.00029472494912982487,0.0,0
100000006701983100,peripheral,0.25,0,0.1002,"слабый сток in_deg=1, 27,000 KZT (ниже порога terminal)",3,False,1,0,27000.0,0.0,0.0,False,0.00028978339425522867,0.0,0
100000002871199100,peripheral,0.25,14,0.1003,"слабый сток in_deg=1, 23,186 KZT (ниже порога terminal)",3,False,1,0,23186.0,0.0,0.0,False,0.0002921228551686612,0.0,0
100000002757791100,peripheral,0.25,5,0.1009,"слабый сток in_deg=1, 73,050 KZT (ниже порога terminal)",3,False,1,0,73050.0,0.0,0.0,False,0.0003110385580772543,0.0,0
100000000572276100,peripheral,0.15,0,0.0911,нет выраженных признаков роли,3,False,1,1,13075.0,34547.0,2.6422179732313578,False,0.0002876100111801074,1.387027959709612e-06,0
100000001853812100,peripheral,0.25,6,0.1006,"слабый сток in_deg=1, 70,000 KZT (ниже порога terminal)",3,False,1,0,70000.0,0.0,0.0,False,0.0002998114240812323,0.0,0
100000004726132100,peripheral,0.15,1,0.0931,нет выраженных признаков роли,3,False,1,1,349000.0,24000.0,0.06876790830945559,False,0.0003165194005921456,1.922024458454748e-05,0
100000001785161100,terminal,0.443,28,0.2564,"деньги приходят (in_deg=2, 30,000 KZT) и не уходят; depth=3≠4",3,False,2,0,30000.0,0.0,0.0,False,0.00033122087090430876,0.0,0
100000002612809100,peripheral,0.15,22,0.0965,нет выраженных признаков роли,3,False,1,3,30000.0,114000.0,3.8,False,0.00042829267239375367,1.5851748110966993e-06,0
100000008769097100,peripheral,0.25,0,0.1003,"слабый сток in_deg=1, 31,100 KZT (ниже порога terminal)",3,False,1,0,31100.0,0.0,0.0,False,0.00029042331314987836,0.0,0
100000004488265100,peripheral,0.25,6,0.1004,"слабый сток in_deg=1, 38,740 KZT (ниже порога terminal)",3,False,1,0,38740.0,0.0,0.0,False,0.00029345129580199246,0.0,0
100000002509598100,terminal,0.4506,11,0.2567,"деньги приходят (in_deg=1, 305,550 KZT) и не уходят; depth=3≠4",3,False,1,0,305550.0,0.0,0.0,False,0.00030012320541723944,0.0,0
100000008706846100,peripheral,0.25,0,0.1001,"слабый сток in_deg=1, 14,200 KZT (ниже порога terminal)",3,False,1,0,14200.0,0.0,0.0,False,0.0002877855986816881,0.0,0
100000001280798100,peripheral,0.25,9,0.1003,"слабый сток in_deg=1, 23,785 KZT (ниже порога terminal)",3,False,1,0,23785.0,0.0,0.0,False,0.00029443116298655806,0.0,0
100000006664478100,transit,0.7318,5,0.3381,"pass-through=1.09: in=55,000 → out=60,000 KZT",3,False,1,2,55000.0,60000.0,1.0909090909090908,False,0.000616842630311313,1.1888811083225246e-06,0
100000003781406100,peripheral,0.25,10,0.1104,"слабый сток in_deg=1, 45,000 KZT (ниже порога terminal)",3,False,1,0,45000.0,0.0,0.0,False,0.0007228806641155325,0.0,0
100000008708595100,peripheral,0.25,0,0.1001,"слабый сток in_deg=1, 17,200 KZT (ниже порога terminal)",3,False,1,0,17200.0,0.0,0.0,False,0.00028825383201923664,0.0,0
100000004611571100,peripheral,0.25,1,0.1001,"слабый сток in_deg=1, 22,550 KZT (ниже порога terminal)",3,False,1,0,22550.0,0.0,0.0,False,0.0002868393094743372,0.0,0
100000008576243100,terminal,0.4483,1,0.2879,"деньги приходят (in_deg=2, 82,920 KZT) и не уходят; depth=3≠4",3,False,2,0,82920.0,0.0,0.0,False,0.0016515737888683514,0.0,0
100000008662216100,peripheral,0.25,0,0.1002,"слабый сток in_deg=1, 26,200 KZT (ниже порога terminal)",3,False,1,0,26200.0,0.0,0.0,False,0.00028965853203188235,0.0,0
100000002681544100,terminal,0.4566,5,0.2584,"деньги приходят (in_deg=2, 166,072 KZT) и не уходят; depth=3≠4",3,False,2,0,166072.0,0.0,0.0,False,0.0003357172435156974,0.0,0
100000007864477100,peripheral,0.15,1,0.1276,нет выраженных признаков роли,3,False,2,6,76000.0,203500.0,2.6776315789473686,False,0.00030477469496319285,8.718461461031846e-05,1
100000004746397100,peripheral,0.15,4,0.092,нет выраженных признаков роли,3,False,1,1,219520.0,7500.0,0.03416545189504373,False,0.0002926837561100343,0.0010010378932075656,0
100000003814002100,peripheral,0.25,4,0.1002,"слабый сток in_deg=1, 30,000 KZT (ниже порога terminal)",3,False,1,0,30000.0,0.0,0.0,False,0.000286541569439514,0.0,0
100000003962994100,peripheral,0.25,35,0.1046,"слабый сток in_deg=1, 10,000 KZT (ниже порога terminal)",3,False,1,0,10000.0,0.0,0.0,False,0.0004812298257349225,0.0,0
100000003366471100,peripheral,0.15,6,0.0949,нет выраженных признаков роли,3,False,2,1,329789.0,20000.0,0.0606448365470043,False,0.0003604911511540963,1.922024458454748e-05,0
100000003561031100,peripheral,0.15,6,0.091,нет выраженных признаков роли,3,False,1,1,13300.0,5000.0,0.37593984962406013,False,0.0002882752988914403,1.922024458454748e-05,0
100000001690439100,peripheral,0.25,1,0.1045,"слабый сток in_deg=1, 14,200 KZT (ниже порога terminal)",3,False,1,0,14200.0,0.0,0.0,False,0.0004770672723873445,0.0,0
100000002954780100,terminal,0.4333,7,0.2541,"деньги приходят (in_deg=1, 133,400 KZT) и не уходят; depth=3≠4",3,False,1,0,133400.0,0.0,0.0,False,0.0002924420224811536,0.0,0
100000008720668100,peripheral,0.25,0,0.1001,"слабый сток in_deg=1, 16,000 KZT (ниже порога terminal)",3,False,1,0,16000.0,0.0,0.0,False,0.00028806653868421726,0.0,0
100000002459164100,peripheral,0.25,1,0.1061,"слабый сток in_deg=1, 20,000 KZT (ниже порога terminal)",3,False,1,0,20000.0,0.0,0.0,False,0.0005418286835835186,0.0,0
100000005082652100,peripheral,0.25,5,0.103,"слабый сток in_deg=1, 30,000 KZT (ниже порога terminal)",3,False,1,0,30000.0,0.0,0.0,False,0.0004080036516780198,0.0,0
100000005041905100,peripheral,0.15,0,0.0954,нет выраженных признаков роли,3,False,1,1,5000.0,1080351.0,216.0702,False,0.0002863496831132058,0.0,0
100000008653041100,peripheral,0.25,0,0.1002,"слабый сток in_deg=1, 28,000 KZT (ниже порога terminal)",3,False,1,0,28000.0,0.0,0.0,False,0.0002899394720344115,0.0,0
100000008722417100,peripheral,0.15,4,0.0972,нет выраженных признаков роли,3,False,1,3,331900.0,720000.0,2.16932811087677,False,0.0002963258990924797,5.7660733753642434e-05,0
100000008625905100,peripheral,0.15,57,0.1012,нет выраженных признаков роли,3,False,1,2,197800.0,635000.0,3.210313447927199,False,0.0005453128171044605,3.962937027741748e-05,0
100000007487729100,peripheral,0.25,2,0.1003,"слабый сток in_deg=1, 25,000 KZT (ниже порога terminal)",3,False,1,0,25000.0,0.0,0.0,False,0.00029411491496748594,0.0,0
100000000838385100,peripheral,0.15,19,0.1325,нет выраженных признаков роли,3,False,1,2,436900.0,177500.0,0.40627145799954223,False,0.0019211545642599085,2.1796153652579615e-05,0
100000004750321100,terminal,0.445,9,0.2562,"деньги приходят (in_deg=2, 50,185 KZT) и не уходят; depth=3≠4",3,False,2,0,50185.0,0.0,0.0,False,0.00031253610038112684,0.0,0
100000008664774100,peripheral,0.25,0,0.1001,"слабый сток in_deg=1, 16,300 KZT (ниже порога terminal)",3,False,1,0,16300.0,0.0,0.0,False,0.0002881133620179721,0.0,0
100000006274203100,peripheral,0.15,4,0.146,нет выраженных признаков роли,3,False,2,3,3417512.0,72000.0,0.02106795821053445,False,0.0006321051467844583,2.83349997483535e-05,1
100000002185328100,peripheral,0.15,21,0.0952,нет выраженных признаков роли,3,False,1,4,15000.0,55000.0,3.6666666666666665,False,0.0003518471698066031,0.00010006415995047914,0
100000008254576100,peripheral,0.15,31,0.0913,нет выраженных признаков роли,3,False,1,1,8000.0,60000.0,7.5,False,0.0002916710881784921,1.9616538287321655e-05,0
100000001689968100,terminal,0.4944,4,0.2638,"деньги приходят (in_deg=3, 344,334 KZT) и не уходят; depth=3≠4",3,False,3,0,344333.75,0.0,0.0,False,0.0003391431091830124,0.0,0
100000002236528100,peripheral,0.25,5,0.1008,"слабый сток in_deg=1, 66,000 KZT (ниже порога terminal)",3,False,1,0,66000.0,0.0,0.0,False,0.0003072417833612649,0.0,0
100000002670960100,terminal,0.468,11,0.2594,"деньги приходят (in_deg=1, 480,310 KZT) и не уходят; depth=3≠4",3,False,1,0,480310.0,0.0,0.0,False,0.0003084473471986267,0.0,0
100000003557488100,peripheral,0.15,30,0.102,нет выраженных признаков роли,3,False,1,2,664992.0,138000.0,0.20752129348924497,False,0.0005809718147261477,1.981468513870874e-05,0
100000003888197100,peripheral,0.25,4,0.1004,"слабый сток in_deg=1, 83,167 KZT (ниже порога terminal)",3,False,1,0,83167.0,0.0,0.0,False,0.0002882646679975108,0.0,0
100000002799941100,terminal,0.48,18,0.2629,"деньги приходят (in_deg=1, 600,000 KZT) и не уходят; depth=3≠4",3,False,1,0,600000.0,0.0,0.0,False,0.00038817849293650724,0.0,0
100000001632325100,peripheral,0.25,0,0.1007,"слабый сток in_deg=1, 85,600 KZT (ниже порога terminal)",3,False,1,0,85600.0,0.0,0.0,False,0.000298929552115344,0.0,0
100000008620570100,peripheral,0.15,2,0.0948,нет выраженных признаков роли,3,False,2,2,145000.0,31800.0,0.2193103448275862,False,0.00034853843958795145,3.844048916909496e-05,0
100000005308954100,peripheral,0.15,3,0.093,нет выраженных признаков роли,3,False,1,1,69020.0,30000.0,0.43465662126919735,False,0.00035945051532232884,1.981468513870874e-05,0
100000008468762100,terminal,0.457,16,0.2579,"деньги приходят (in_deg=2, 170,000 KZT) и не уходят; depth=3≠4",3,False,2,0,170000.0,0.0,0.0,False,0.0003104050738410007,0.0,0
100000002305007100,peripheral,0.25,0,0.1005,"слабый сток in_deg=1, 56,000 KZT (ниже порога terminal)",3,False,1,0,56000.0,0.0,0.0,False,0.00029430964985153145,0.0,0
100000008314863100,peripheral,0.25,2,0.1055,"слабый сток in_deg=1, 12,000 KZT (ниже порога terminal)",3,False,1,0,12000.0,0.0,0.0,False,0.0005170968391841093,0.0,0
100000005709551100,peripheral,0.25,13,0.1003,"слабый сток in_deg=1, 24,560 KZT (ниже порога terminal)",3,False,1,0,24560.0,0.0,0.0,False,0.0002946608436289575,0.0,0
100000008297199100,peripheral,0.25,1,0.1004,"слабый сток in_deg=1, 42,268 KZT (ниже порога terminal)",3,False,1,0,42268.0,0.0,0.0,False,0.00029659581166316406,0.0,0
100000003271151100,terminal,0.4327,6,0.2544,"деньги приходят (in_deg=1, 127,294 KZT) и не уходят; depth=3≠4",3,False,1,0,127294.0,0.0,0.0,False,0.0003114684039158697,0.0,0
100000007005380100,peripheral,0.25,4,0.1005,"слабый сток in_deg=1, 9,400 KZT (ниже порога terminal)",3,False,1,0,9400.0,0.0,0.0,False,0.00030309570708396866,0.0,0
100000004451012100,peripheral,0.15,18,0.0936,нет выраженных признаков роли,3,False,1,3,91245.0,65740.0,0.7204778344018851,False,0.00030117358811251627,5.7660733753642434e-05,0
100000004779204100,peripheral,0.15,1,0.0911,нет выраженных признаков роли,3,False,1,1,30450.0,20000.0,0.6568144499178982,False,0.00028728423721405613,1.922024458454748e-05,0
100000002793881100,terminal,0.5386,7,0.2709,"деньги приходят (in_deg=3, 785,600 KZT) и не уходят; depth=3≠4",3,False,3,0,785600.0,0.0,0.0,False,0.000375083147079739,0.0,0
100000008671129100,peripheral,0.25,0,0.1002,"слабый сток in_deg=1, 26,200 KZT (ниже порога terminal)",3,False,1,0,26200.0,0.0,0.0,False,0.00028965853203188235,0.0,0
100000002095257100,peripheral,0.25,10,0.1026,"слабый сток in_deg=1, 8,500 KZT (ниже порога terminal)",3,False,1,0,8500.0,0.0,0.0,False,0.0003967338202422224,0.0,0
100000002194329100,peripheral,0.25,1,0.1002,"слабый сток in_deg=1, 25,170 KZT (ниже порога terminal)",3,False,1,0,25170.0,0.0,0.0,False,0.0002869868677880161,0.0,0
100000001884825100,terminal,0.5095,7,0.266,"деньги приходят (in_deg=3, 495,000 KZT) и не уходят; depth=3≠4",3,False,3,0,495000.0,0.0,0.0,False,0.0003400964668098251,0.0,0
100000008692291100,transit,0.745,12,0.3356,"pass-through=0.97: in=160,000 → out=156,000 KZT",3,False,3,3,160000.0,156000.0,0.975,False,0.00030785298657717565,6.419957984941633e-05,0
100000002697752100,terminal,0.4591,6,0.2586,"деньги приходят (in_deg=2, 190,785 KZT) и не уходят; depth=3≠4",3,False,2,0,190785.0,0.0,0.0,False,0.0003295800430415265,0.0,0
100000007170072100,transit,0.749,6,0.333,"pass-through=0.99: in=100,000 → out=99,500 KZT",3,False,1,2,100000.0,99500.0,0.995,False,0.0003076581045462565,3.844048916909496e-05,0
100000002373144100,peripheral,0.15,1,0.0912,нет выраженных признаков роли,3,False,1,1,46468.0,10764.0,0.2316432813979513,False,0.0002896901811600615,1.922024458454748e-05,0
100000000287768100,peripheral,0.25,1,0.1002,"слабый сток in_deg=1, 35,168 KZT (ниже порога terminal)",3,False,1,0,35168.0,0.0,0.0,False,0.0002886880716986407,0.0,0
100000004508696100,peripheral,0.15,35,0.0962,нет выраженных признаков роли,3,False,1,3,7000.0,111000.0,15.857142857142858,False,0.00042253166627963316,3.923307657464331e-05,0
100000008688109100,peripheral,0.25,0,0.1001,"слабый сток in_deg=1, 12,800 KZT (ниже порога terminal)",3,False,1,0,12800.0,0.0,0.0,False,0.00028756708979083207,0.0,0
100000008724461100,peripheral,0.15,7,0.0919,нет выраженных признаков роли,3,False,1,1,100111.0,130000.0,1.298558599954051,False,0.00029072698311701786,2.2390594206740877e-05,0
100000001714413100,terminal,0.445,4,0.2557,"деньги приходят (in_deg=1, 250,172 KZT) и не уходят; depth=3≠4",3,False,1,0,250172.0,0.0,0.0,False,0.0002936771621137531,0.0,0
100000008672493100,peripheral,0.25,0,0.1001,"слабый сток in_deg=1, 14,000 KZT (ниже порога terminal)",3,False,1,0,14000.0,0.0,0.0,False,0.0002877543831258515,0.0,0
100000003241965100,peripheral,0.25,9,0.1002,"слабый сток in_deg=1, 15,000 KZT (ниже порога terminal)",3,False,1,0,15000.0,0.0,0.0,False,0.0002911580279376614,0.0,0
100000002241986100,peripheral,0.15,37,0.1093,нет выраженных признаков роли,3,False,1,6,280000.0,3077000.0,10.989285714285714,False,0.00029464386295803487,0.00011532146750728487,0
100000004140994100,peripheral,0.25,0,0.1002,"слабый сток in_deg=1, 18,650 KZT (ниже порога terminal)",3,False,1,0,18650.0,0.0,0.0,False,0.0002884801447990518,0.0,0
100000008489922100,distributor,0.644,7,0.5105,"веер на 36 получателей (3,789,900 KZT), in_deg=3",3,False,3,36,262010.0,3789900.0,14.464715087210411,False,0.0005858952858663105,0.000875214642576765,0
100000001252290100,peripheral,0.15,4,0.0916,нет выраженных признаков роли,3,False,1,1,141005.0,5000.0,0.03545973547037339,False,0.00029013914980760764,1.922024458454748e-05,0
100000008667799100,peripheral,0.25,0,0.1003,"слабый сток in_deg=1, 34,000 KZT (ниже порога terminal)",3,False,1,0,34000.0,0.0,0.0,False,0.0002908759387095086,0.0,0
100000008684951100,peripheral,0.25,0,0.1001,"слабый сток in_deg=1, 17,200 KZT (ниже порога terminal)",3,False,1,0,17200.0,0.0,0.0,False,0.00028825383201923664,0.0,0
100000006126743100,peripheral,0.25,4,0.1003,"слабый сток in_deg=1, 55,000 KZT (ниже порога terminal)",3,False,1,0,55000.0,0.0,0.0,False,0.0002873517987913661,0.0,0
100000003009900100,peripheral,0.25,9,0.1002,"слабый сток in_deg=1, 15,998 KZT (ниже порога terminal)",3,False,1,0,15998.0,0.0,0.0,False,0.00029152986502119,0.0,0
100000001745217100,peripheral,0.25,1,0.1003,"слабый сток in_deg=1, 50,000 KZT (ниже порога terminal)",3,False,1,0,50000.0,0.0,0.0,False,0.00029000340687844543,0.0,0
100000002886166100,terminal,0.4385,24,0.2555,"деньги приходят (in_deg=1, 185,000 KZT) и не уходят; depth=3≠4",3,False,1,0,185000.0,0.0,0.0,False,0.0003245911501737058,0.0,0
100000002956779100,terminal,0.4611,2,0.2606,"деньги приходят (in_deg=1, 411,000 KZT) и не уходят; depth=3≠4",3,False,1,0,411000.0,0.0,0.0,False,0.00040310724815078604,0.0,0
100000008568512100,terminal,0.44,4,0.255,"деньги приходят (in_deg=1, 199,640 KZT) и не уходят; depth=3≠4",3,False,1,0,199640.0,0.0,0.0,False,0.0002920394617294415,0.0,0
100000008583360100,peripheral,0.15,9,0.093,нет выраженных признаков роли,3,False,1,1,112843.0,170000.0,1.5065179054083992,False,0.0003276125928311381,1.922024458454748e-05,0
100000001130176100,peripheral,0.25,1,0.1065,"слабый сток in_deg=1, 25,000 KZT (ниже порога terminal)",3,False,1,0,25000.0,0.0,0.0,False,0.0005580456003895477,0.0,0
100000001145749100,peripheral,0.25,2,0.1046,"слабый сток in_deg=1, 10,000 KZT (ниже порога terminal)",3,False,1,0,10000.0,0.0,0.0,False,0.000478508915022973,0.0,0
100000005367445100,transit,0.75,12,0.3673,"pass-through=1.00: in=5,000 → out=5,000 KZT",3,False,1,1,5000.0,5000.0,1.0,False,0.0018429964605732592,0.0,0
100000003917461100,peripheral,0.15,10,0.095,нет выраженных признаков роли,3,False,1,2,10000.0,140000.0,14.0,False,0.00039913166986850225,2.0210978841482916e-05,0
100000008200810100,terminal,0.4675,11,0.2593,"деньги приходят (in_deg=1, 475,000 KZT) и не уходят; depth=3≠4",3,False,1,0,475000.0,0.0,0.0,False,0.0003081944220849899,0.0,0
100000002554175100,peripheral,0.25,9,0.1003,"слабый сток in_deg=1, 24,621 KZT (ниже порога terminal)",3,False,1,0,24621.0,0.0,0.0,False,0.00029474264174590665,0.0,0
100000008751380100,terminal,0.4746,7,0.2604,"деньги приходят (in_deg=2, 345,780 KZT) и не уходят; depth=3≠4",3,False,2,0,345780.0,0.0,0.0,False,0.0003127638118830462,0.0,0
100000004071444100,peripheral,0.15,1,0.0928,нет выраженных признаков роли,3,False,1,1,247350.0,100000.0,0.40428542551041036,False,0.0003075048495520197,1.922024458454748e-05,0
100000001141268100,peripheral,0.15,16,0.0956,нет выраженных признаков роли,3,False,2,1,480000.0,10000.0,0.020833333333333332,False,0.0003648625677100102,2.2390594206740877e-05,0
100000002645993100,peripheral,0.15,1,0.0959,нет выраженных признаков роли,3,False,2,5,49650.0,86980.0,1.7518630412890233,False,0.00029330859358512093,8.005132796038331e-05,0
100000002546921100,peripheral,0.25,14,0.1002,"слабый сток in_deg=1, 20,000 KZT (ниже порога terminal)",3,False,1,0,20000.0,0.0,0.0,False,0.00029122232704000326,0.0,0
100000008753897100,peripheral,0.25,0,0.1002,"слабый сток in_deg=1, 24,050 KZT (ниже порога terminal)",3,False,1,0,24050.0,0.0,0.0,False,0.0002893229648066392,0.0,0
100000000870121100,peripheral,0.25,13,0.1008,"слабый сток in_deg=1, 12,000 KZT (ниже порога terminal)",3,False,1,0,12000.0,0.0,0.0,False,0.00031567480064350093,0.0,0
100000003171006100,terminal,0.4885,7,0.2629,"деньги приходят (in_deg=2, 485,000 KZT) и не уходят; depth=3≠4",3,False,2,0,485000.0,0.0,0.0,False,0.00033496794429429215,0.0,0
100000001690558100,terminal,0.494,18,0.2655,"деньги приходят (in_deg=1, 740,000 KZT) и не уходят; depth=3≠4",3,False,1,0,740000.0,0.0,0.0,False,0.00041212063930432425,0.0,0
100000008667795100,peripheral,0.25,0,0.1003,"слабый сток in_deg=1, 34,000 KZT (ниже порога terminal)",3,False,1,0,34000.0,0.0,0.0,False,0.0002908759387095086,0.0,0
100000005674387100,peripheral,0.25,0,0.1002,"слабый сток in_deg=1, 26,200 KZT (ниже порога terminal)",3,False,1,0,26200.0,0.0,0.0,False,0.00028965853203188235,0.0,0
100000003636627100,peripheral,0.15,5,0.1307,нет выраженных признаков роли,3,False,1,1,77000.0,10000.0,0.12987012987012986,False,0.0019763124102947973,0.0,0
100000001275752100,terminal,0.4352,7,0.2543,"деньги приходят (in_deg=1, 151,500 KZT) и не уходят; depth=3≠4",3,False,1,0,151500.0,0.0,0.0,False,0.0002933745290896686,0.0,0
100000002459240100,terminal,0.435,4,0.2543,"деньги приходят (in_deg=1, 150,000 KZT) и не уходят; depth=3≠4",3,False,1,0,150000.0,0.0,0.0,False,0.000290430670328404,0.0,0
100000002644285100,terminal,0.47,11,0.2597,"деньги приходят (in_deg=1, 500,000 KZT) и не уходят; depth=3≠4",3,False,1,0,500000.0,0.0,0.0,False,0.000309385218288553,0.0,0
100000005186109100,peripheral,0.25,3,0.1075,"слабый сток in_deg=1, 5,000 KZT (ниже порога terminal)",3,False,1,0,5000.0,0.0,0.0,False,0.0006059178330672818,0.0,0
100000005317181100,peripheral,0.15,1,0.0924,нет выраженных признаков роли,3,False,1,1,141250.0,14500.0,0.10265486725663717,False,0.00032241739654599165,1.922024458454748e-05,0
100000003001661100,peripheral,0.15,19,0.1026,нет выраженных признаков роли,3,False,1,5,110000.0,439500.0,3.9954545454545456,False,0.0005464870342921875,8.322167758257671e-05,0
100000000288317100,peripheral,0.15,2,0.0947,нет выраженных признаков роли,3,False,2,3,100000.0,53500.0,0.535,False,0.00031283348562049514,5.8255174307803695e-05,0
100000004368189100,peripheral,0.15,11,0.0939,нет выраженных признаков роли,3,False,1,2,384600.0,28200.0,0.07332293291731669,False,0.00030388850301290584,2.774055919419224e-06,0
100000004493586100,peripheral,0.25,1,0.1001,"слабый сток in_deg=1, 7,500 KZT (ниже порога terminal)",3,False,1,0,7500.0,0.0,0.0,False,0.00028863973665071426,0.0,0
100000004114962100,terminal,0.4565,4,0.2671,"деньги приходят (in_deg=2, 165,000 KZT) и не уходят; depth=3≠4",3,False,2,0,165000.0,0.0,0.0,False,0.0007112908662345307,0.0,0
100000008088082100,peripheral,0.15,13,0.0916,нет выраженных признаков роли,3,False,1,1,39138.0,50000.0,1.2775307884920026,False,0.0003000572852952144,1.922024458454748e-05,0
100000008595687100,peripheral,0.15,3,0.1216,нет выраженных признаков роли,3,False,1,1,64395.0,10400.0,0.161503222299868,False,0.0003048576272990941,0.00030792020705553384,1
100000001248999100,peripheral,0.25,15,0.1002,"слабый сток in_deg=1, 23,425 KZT (ниже порога terminal)",3,False,1,0,23425.0,0.0,0.0,False,0.0002892563668937378,0.0,0
100000002736316100,terminal,0.4867,1,0.2638,"деньги приходят (in_deg=3, 266,921 KZT) и не уходят; depth=3≠4",3,False,3,0,266921.0,0.0,0.0,False,0.000383823272414158,0.0,0
100000008596924100,terminal,0.43,5,0.2565,"деньги приходят (in_deg=1, 100,000 KZT) и не уходят; depth=3≠4",3,False,1,0,100000.0,0.0,0.0,False,0.00041602042429942325,0.0,0
100000008598972100,terminal,0.432,6,0.2539,"деньги приходят (in_deg=1, 120,000 KZT) и не уходят; depth=3≠4",3,False,1,0,120000.0,0.0,0.0,False,0.0002941160150228181,0.0,0
100000002769809100,terminal,0.4313,18,0.2558,"деньги приходят (in_deg=1, 113,422 KZT) и не уходят; depth=3≠4",3,False,1,0,113422.0,0.0,0.0,False,0.00037774425946329835,0.0,0
100000003089553100,terminal,0.435,12,0.2546,"деньги приходят (in_deg=1, 150,000 KZT) и не уходят; depth=3≠4",3,False,1,0,150000.0,0.0,0.0,False,0.00030709199718265205,0.0,0
100000002343825100,peripheral,0.15,12,0.0964,нет выраженных признаков роли,3,False,3,2,350000.0,89800.0,0.25657142857142856,False,0.0003335972535476287,4.279971989961088e-05,0
100000002015633100,peripheral,0.25,4,0.1005,"слабый сток in_deg=1, 94,970 KZT (ниже порога terminal)",3,False,1,0,94970.0,0.0,0.0,False,0.00028864719347910725,0.0,0
100000002906470100,terminal,0.433,18,0.2544,"деньги приходят (in_deg=1, 130,000 KZT) и не уходят; depth=3≠4",3,False,1,0,130000.0,0.0,0.0,False,0.0003078012872731216,0.0,0
100000005628518100,peripheral,0.25,18,0.1061,"слабый сток in_deg=1, 77,000 KZT (ниже порога terminal)",3,False,1,0,77000.0,0.0,0.0,False,0.0005329929869212523,0.0,0
100000002958139100,terminal,0.441,7,0.2553,"деньги приходят (in_deg=1, 209,500 KZT) и не уходят; depth=3≠4",3,False,1,0,209500.0,0.0,0.0,False,0.00030027317473638827,0.0,0
100000008754747100,peripheral,0.25,0,0.1004,"слабый сток in_deg=1, 45,500 KZT (ниже порога terminal)",3,False,1,0,45500.0,0.0,0.0,False,0.0002926708331701115,0.0,0
100000008776720100,peripheral,0.25,0,0.1002,"слабый сток in_deg=1, 26,150 KZT (ниже порога terminal)",3,False,1,0,26150.0,0.0,0.0,False,0.00028965072814292326,0.0,0
100000008576528100,peripheral,0.25,4,0.1002,"слабый сток in_deg=1, 28,000 KZT (ниже порога terminal)",3,False,1,0,28000.0,0.0,0.0,False,0.00028647675109136583,0.0,0
100000004603109100,peripheral,0.15,25,0.174,нет выраженных признаков роли,3,False,3,2,2730000.0,400000.0,0.14652014652014653,False,0.0031783652796316866,2.1796153652579613e-06,0
100000008721637100,peripheral,0.15,5,0.1225,нет выраженных признаков роли,3,False,1,2,24041.0,127000.0,5.282642152988644,False,0.00029046065198956296,5.548111838838448e-05,1
100000004491749100,peripheral,0.25,5,0.1017,"слабый сток in_deg=1, 50,000 KZT (ниже порога terminal)",3,False,1,0,50000.0,0.0,0.0,False,0.00035079485925835737,0.0,0
100000005171642100,transit,0.7462,5,0.395,"pass-through=0.98: in=696,800 → out=683,600 KZT",3,False,2,1,696800.0,683600.0,0.9810562571756601,False,0.0027671822247582736,3.962937027741748e-07,0
100000008682426100,peripheral,0.25,14,0.1002,"слабый сток in_deg=1, 20,000 KZT (ниже порога terminal)",3,False,1,0,20000.0,0.0,0.0,False,0.00029122232704000326,0.0,0
100000006209210100,terminal,0.4429,5,0.257,"деньги приходят (in_deg=1, 229,111 KZT) и не уходят; depth=3≠4",3,False,1,0,229111.0,0.0,0.0,False,0.00036080271331221395,0.0,0
100000003888527100,peripheral,0.25,36,0.102,"слабый сток in_deg=1, 30,000 KZT (ниже порога terminal)",3,False,1,0,30000.0,0.0,0.0,False,0.00036667480835084833,0.0,0
100000008490127100,peripheral,0.15,4,0.1011,нет выраженных признаков роли,3,False,1,6,431755.0,923000.0,2.137786476126507,False,0.0002995621171696474,0.00011532146750728487,0
100000004336228100,peripheral,0.25,6,0.1005,"слабый сток in_deg=1, 51,407 KZT (ниже порога terminal)",3,False,1,0,51407.0,0.0,0.0,False,0.00029602851093037157,0.0,0
100000006844004100,peripheral,0.25,1,0.1062,"слабый сток in_deg=1, 20,600 KZT (ниже порога terminal)",3,False,1,0,20600.0,0.0,0.0,False,0.0005454417164852403,0.0,0
100000001688676100,terminal,0.4334,18,0.2544,"деньги приходят (in_deg=1, 133,700 KZT) и не уходят; depth=3≠4",3,False,1,0,133700.0,0.0,0.0,False,0.00030843404399855676,0.0,0
100000008712036100,peripheral,0.25,0,0.1002,"слабый сток in_deg=1, 21,000 KZT (ниже порога terminal)",3,False,1,0,21000.0,0.0,0.0,False,0.0002888469275801315,0.0,0
100000004697956100,transit,0.75,5,0.3352,"pass-through=1.00: in=10,000 → out=10,000 KZT",3,False,1,1,10000.0,10000.0,1.0,False,0.00046811607606617856,0.0,0
100000004921657100,peripheral,0.15,2,0.0928,нет выраженных признаков роли,3,False,1,1,8300.0,22190.0,2.6734939759036145,False,0.00036129622421142746,2.437206272061175e-05,0
100000000408846100,peripheral,0.25,26,0.1004,"слабый сток in_deg=1, 40,500 KZT (ниже порога terminal)",3,False,1,0,40500.0,0.0,0.0,False,0.00029572557348088126,0.0,0
100000003406094100,peripheral,0.15,3,0.1045,нет выраженных признаков роли,3,False,1,3,70000.0,47000.0,0.6714285714285714,False,0.000778150781378676,3.883678287186913e-05,0
100000008695566100,peripheral,0.25,0,0.1003,"слабый сток in_deg=1, 33,700 KZT (ниже порога terminal)",3,False,1,0,33700.0,0.0,0.0,False,0.00029082911537575375,0.0,0
100000005974542100,peripheral,0.25,23,0.105,"слабый сток in_deg=1, 94,500 KZT (ниже порога terminal)",3,False,1,0,94500.0,0.0,0.0,False,0.00048304721912277874,0.0,0
100000001887715100,peripheral,0.15,16,0.1116,нет выраженных признаков роли,3,False,3,1,1331500.0,750000.0,0.5632745024408562,False,0.0007309294553868698,2.2588741058127966e-05,0
100000002472632100,peripheral,0.15,27,0.1102,нет выраженных признаков роли,3,False,2,1,502400.0,20000.0,0.03980891719745223,False,0.0009856193332908692,2.0012831990095827e-05,0
100000004629688100,peripheral,0.15,3,0.0933,нет выраженных признаков роли,3,False,1,1,5000.0,15000.0,3.0,False,0.0003879725844992435,0.0,0
100000002459832100,terminal,0.5281,6,0.2699,"деньги приходят (in_deg=2, 880,606 KZT) и не уходят; depth=3≠4",3,False,2,0,880606.0,0.0,0.0,False,0.00039318803670429937,0.0,0
100000006100920100,terminal,0.43,1,0.2544,"деньги приходят (in_deg=1, 100,000 KZT) и не уходят; depth=3≠4",3,False,1,0,100000.0,0.0,0.0,False,0.000326508526662928,0.0,0
100000001439416100,peripheral,0.15,66,0.0937,нет выраженных признаков роли,3,False,1,2,10000.0,165000.0,16.5,False,0.0003408996759919343,1.981468513870874e-05,0
100000002121357100,peripheral,0.15,12,0.0942,нет выраженных признаков роли,3,False,2,1,255300.0,113000.0,0.4426165295730513,False,0.00032627377480928663,2.159800680119253e-05,0
100000002970466100,peripheral,0.15,1,0.0922,нет выраженных признаков роли,3,False,1,2,23317.0,93000.0,3.9885062400823434,False,0.00028688250688906693,3.844048916909496e-05,0
100000002581346100,terminal,0.4366,4,0.2545,"деньги приходят (in_deg=1, 166,400 KZT) и не уходят; depth=3≠4",3,False,1,0,166400.0,0.0,0.0,False,0.000290962180783219,0.0,0
100000008738658100,peripheral,0.25,0,0.1002,"слабый сток in_deg=1, 29,920 KZT (ниже порога terminal)",3,False,1,0,29920.0,0.0,0.0,False,0.00029023914137044256,0.0,0
100000005910114100,distributor,0.576,1,0.5347,"веер на 19 получателей (1,469,993 KZT), in_deg=3",3,False,3,19,326144.0,1469993.0,4.507190075549451,False,0.0003616504127742264,0.00010779188715457555,2
100000001046626100,terminal,0.435,4,0.2543,"деньги приходят (in_deg=1, 150,000 KZT) и не уходят; depth=3≠4",3,False,1,0,150000.0,0.0,0.0,False,0.000290430670328404,0.0,0
100000006492770100,peripheral,0.15,1,0.0924,нет выраженных признаков роли,3,False,1,1,269000.0,20000.0,0.07434944237918216,False,0.00030071936535455495,1.922024458454748e-05,0
100000001674850100,terminal,0.4637,12,0.2589,"деньги приходят (in_deg=2, 237,000 KZT) и не уходят; depth=3≠4",3,False,2,0,237000.0,0.0,0.0,False,0.0003140936423748871,0.0,0
100000000860514100,peripheral,0.15,27,0.0916,нет выраженных признаков роли,3,False,1,1,12000.0,50000.0,4.166666666666667,False,0.00030628937378647417,2.0012831990095827e-05,0
100000003650146100,peripheral,0.25,3,0.1004,"слабый сток in_deg=1, 14,400 KZT (ниже порога terminal)",3,False,1,0,14400.0,0.0,0.0,False,0.00030012735117663814,0.0,0
100000001227106100,terminal,0.4365,4,0.2545,"деньги приходят (in_deg=1, 164,765 KZT) и не уходят; depth=3≠4",3,False,1,0,164765.0,0.0,0.0,False,0.0002909091917836078,0.0,0
100000003647799100,terminal,0.43,4,0.2535,"деньги приходят (in_deg=1, 100,000 KZT) и не уходят; depth=3≠4",3,False,1,0,100000.0,0.0,0.0,False,0.0002888102116246999,0.0,0
100000008293431100,peripheral,0.15,1,0.0956,нет выраженных признаков роли,3,False,1,5,15000.0,297000.0,19.8,False,0.0002868995280156377,4.062010453435292e-05,0
100000002975287100,peripheral,0.25,15,0.1002,"слабый сток in_deg=1, 15,000 KZT (ниже порога terminal)",3,False,1,0,15000.0,0.0,0.0,False,0.0002891923195721395,0.0,0
100000008507703100,peripheral,0.25,0,0.1002,"слабый сток in_deg=1, 28,500 KZT (ниже порога terminal)",3,False,1,0,28500.0,0.0,0.0,False,0.0002900175109240029,0.0,0
100000001733687100,terminal,0.45,7,0.2568,"деньги приходят (in_deg=1, 300,000 KZT) и не уходят; depth=3≠4",3,False,1,0,300000.0,0.0,0.0,False,0.0003066249703782892,0.0,0
100000004552204100,peripheral,0.15,22,0.1054,нет выраженных признаков роли,3,False,1,2,22500.0,10000.0,0.4444444444444444,False,0.0008646978335399408,2.0210978841482916e-05,0
100000008223756100,terminal,0.4732,6,0.2612,"деньги приходят (in_deg=2, 331,682 KZT) и не уходят; depth=3≠4",3,False,2,0,331682.0,0.0,0.0,False,0.0003562811211633065,0.0,0
100000002956769100,terminal,0.544,11,0.2719,"деньги приходят (in_deg=3, 840,000 KZT) и не уходят; depth=3≠4",3,False,3,0,840000.0,0.0,0.0,False,0.0003847827561785808,0.0,0
100000008555233100,terminal,0.4641,16,0.2601,"деньги приходят (in_deg=1, 440,600 KZT) и не уходят; depth=3≠4",3,False,1,0,440600.0,0.0,0.0,False,0.00036340872056222205,0.0,0
100000002346166100,peripheral,0.25,0,0.1001,"слабый сток in_deg=1, 6,000 KZT (ниже порога terminal)",3,False,1,0,6000.0,0.0,0.0,False,0.0002865057608923887,0.0,0
100000000878006100,peripheral,0.25,4,0.1002,"слабый сток in_deg=1, 47,003 KZT (ниже порога terminal)",3,False,1,0,47003.0,0.0,0.0,False,0.00028709262262629565,0.0,0
100000004997515100,peripheral,0.15,7,0.0995,нет выраженных признаков роли,3,False,4,4,395000.0,54500.0,0.1379746835443038,False,0.0003566158833194692,8.956237682696351e-05,0
100000007653003100,terminal,0.43,15,0.2538,"деньги приходят (in_deg=1, 100,000 KZT) и не уходят; depth=3≠4",3,False,1,0,100000.0,0.0,0.0,False,0.0003013091989193034,0.0,0
100000000661131100,peripheral,0.25,0,0.1001,"слабый сток in_deg=1, 15,600 KZT (ниже порога terminal)",3,False,1,0,15600.0,0.0,0.0,False,0.0002880041075725441,0.0,0
100000003880331100,distributor,0.564,6,0.5072,"веер на 16 получателей (3,904,908 KZT), in_deg=1",3,False,1,16,100000.0,3904908.0,39.04908,False,0.0003076581045462565,0.00013117321561825188,1
100000003204491100,peripheral,0.15,1,0.0922,нет выраженных признаков роли,3,False,1,1,140000.0,100000.0,0.7142857142857143,False,0.0002979848096685224,1.922024458454748e-05,0
100000008463968100,peripheral,0.25,0,0.1001,"слабый сток in_deg=1, 10,000 KZT (ниже порога terminal)",3,False,1,0,10000.0,0.0,0.0,False,0.0002871300720091201,0.0,0
100000002712416100,terminal,0.4517,11,0.2569,"деньги приходят (in_deg=2, 116,800 KZT) и не уходят; depth=3≠4",3,False,2,0,116800.0,0.0,0.0,False,0.0003026575194807809,0.0,0
100000008754997100,peripheral,0.25,0,0.1002,"слабый сток in_deg=1, 18,000 KZT (ниже порога terminal)",3,False,1,0,18000.0,0.0,0.0,False,0.0002883786942425829,0.0,0
100000008011573100,peripheral,0.25,15,0.1002,"слабый сток in_deg=1, 15,000 KZT (ниже порога terminal)",3,False,1,0,15000.0,0.0,0.0,False,0.0002891923195721395,0.0,0
100000003178549100,coordinator,0.88,15,0.5827,"связей с seed=1, betweenness=0.0006, in=2/out=4",3,False,2,4,250000.0,89080.0,0.35632,False,0.00035215781948056535,0.0006497235256982596,1
100000000534581100,peripheral,0.15,6,0.0924,нет выраженных признаков роли,3,False,2,1,55960.0,40000.0,0.7147962830593281,False,0.00029845332198865206,1.922024458454748e-05,0
100000007138613100,peripheral,0.15,1,0.0999,нет выраженных признаков роли,3,False,3,2,1002000.0,179000.0,0.17864271457085829,False,0.00035417522726660905,3.883678287186913e-05,0
100000002380341100,peripheral,0.25,1,0.1008,"слабый сток in_deg=1, 57,566 KZT (ниже порога terminal)",3,False,1,0,57566.4,0.0,0.0,False,0.00030913653652387644,0.0,0
100000008309514100,peripheral,0.25,0,0.1001,"слабый сток in_deg=1, 17,200 KZT (ниже порога terminal)",3,False,1,0,17200.0,0.0,0.0,False,0.00028825383201923664,0.0,0
100000003134474100,terminal,0.4316,4,0.2537,"деньги приходят (in_deg=1, 116,000 KZT) и не уходят; depth=3≠4",3,False,1,0,116000.0,0.0,0.0,False,0.00028932875840988523,0.0,0
100000002373386100,peripheral,0.25,0,0.1002,"слабый сток in_deg=1, 24,000 KZT (ниже порога terminal)",3,False,1,0,24000.0,0.0,0.0,False,0.00028931516091768006,0.0,0
100000008684767100,peripheral,0.25,0,0.1003,"слабый сток in_deg=1, 31,100 KZT (ниже порога terminal)",3,False,1,0,31100.0,0.0,0.0,False,0.00029042331314987836,0.0,0
100000008332511100,terminal,0.43,5,0.2727,"деньги приходят (in_deg=1, 100,000 KZT) и не уходят; depth=3≠4",3,False,1,0,100000.0,0.0,0.0,False,0.0011127776746800734,0.0,0
100000005754335100,peripheral,0.25,36,0.103,"слабый сток in_deg=1, 44,037 KZT (ниже порога terminal)",3,False,1,0,44037.0,0.0,0.0,False,0.0004046240784139396,0.0,0
100000008547295100,peripheral,0.25,5,0.1066,"слабый сток in_deg=1, 15,000 KZT (ниже порога terminal)",3,False,1,0,15000.0,0.0,0.0,False,0.0005629711569533376,0.0,0
100000001875167100,terminal,0.52,4,0.2669,"деньги приходят (in_deg=1, 1,000,000 KZT) и не уходят; depth=3≠4",3,False,1,0,1000000.0,0.0,0.0,False,0.0003179784682913747,0.0,0
100000004670388100,peripheral,0.15,49,0.1007,нет выраженных признаков роли,3,False,1,2,160354.0,720000.0,4.490065729573319,False,0.0005140172616899984,1.9616538287321655e-05,0
100000004097972100,peripheral,0.15,1,0.093,нет выраженных признаков роли,3,False,1,2,118878.0,10000.0,0.0841198539679335,False,0.0003165811788801674,3.844048916909496e-05,0
100000000481716100,peripheral,0.25,9,0.1022,"слабый сток in_deg=1, 8,000 KZT (ниже порога terminal)",3,False,1,0,8000.0,0.0,0.0,False,0.0003771539261882803,0.0,0
100000005089460100,peripheral,0.25,0,0.1001,"слабый сток in_deg=1, 12,300 KZT (ниже порога terminal)",3,False,1,0,12300.0,0.0,0.0,False,0.00028748905090124067,0.0,0
100000003105929100,peripheral,0.15,4,0.0936,нет выраженных признаков роли,3,False,1,1,429567.0,156354.0,0.3639804733603838,False,0.00029949120589677325,1.922024458454748e-05,0
100000008379273100,coordinator,0.8,9,0.5424,"связей с seed=0, betweenness=0.0030, in=2/out=4",3,False,2,4,36000.0,38000.0,1.0555555555555556,False,0.00029901719044964987,0.0030389782597237598,0
100000005357705100,peripheral,0.15,6,0.0955,нет выраженных признаков роли,3,False,1,4,52595.0,387080.0,7.35963494628767,False,0.00029627022022006246,7.688097833818992e-05,0
100000003111305100,terminal,0.5309,5,0.2705,"деньги приходят (in_deg=4, 509,338 KZT) и не уходят; depth=3≠4",3,False,4,0,509338.0,0.0,0.0,False,0.0004036018095361811,0.0,0
100000008503177100,peripheral,0.25,6,0.1003,"слабый сток in_deg=1, 33,951 KZT (ниже порога terminal)",3,False,1,0,33951.0,0.0,0.0,False,0.00029247693066030084,0.0,0
100000000955529100,peripheral,0.15,2,0.0915,нет выраженных признаков роли,3,False,1,1,27000.0,63500.0,2.3518518518518516,False,0.00029562901491395733,5.746258690225535e-06,0
100000008695689100,peripheral,0.25,0,0.1002,"слабый сток in_deg=1, 26,200 KZT (ниже порога terminal)",3,False,1,0,26200.0,0.0,0.0,False,0.00028965853203188235,0.0,0
100000004184158100,terminal,0.4404,1,0.2553,"деньги приходят (in_deg=1, 203,805 KZT) и не уходят; depth=3≠4",3,False,1,0,203805.0,0.0,0.0,False,0.00030364318083542084,0.0,0
100000005475379100,peripheral,0.15,8,0.0965,нет выраженных признаков роли,3,False,1,3,108370.0,81000.0,0.7474393282273692,False,0.0004216387717503743,6.538846095773885e-05,0
100000003093299100,peripheral,0.25,1,0.1001,"слабый сток in_deg=1, 15,000 KZT (ниже порога terminal)",3,False,1,0,15000.0,0.0,0.0,False,0.0002864140937230869,0.0,0
100000008767027100,peripheral,0.25,16,0.1001,"слабый сток in_deg=1, 5,000 KZT (ниже порога terminal)",3,False,1,0,5000.0,0.0,0.0,False,0.0002863329149575202,0.0,0
100000004539443100,terminal,0.4462,2,0.2714,"деньги приходят (in_deg=2, 61,990 KZT) и не уходят; depth=3≠4",3,False,2,0,61990.0,0.0,0.0,False,0.0009561831780302809,0.0,0
100000007863304100,peripheral,0.25,4,0.1001,"слабый сток in_deg=1, 25,000 KZT (ниже порога terminal)",3,False,1,0,25000.0,0.0,0.0,False,0.0002863795235691436,0.0,0
100000004959752100,peripheral,0.25,2,0.1118,"слабый сток in_deg=1, 22,200 KZT (ниже порога terminal)",3,False,1,0,22200.0,0.0,0.0,False,0.0007848703238285046,0.0,0
100000002214664100,peripheral,0.15,0,0.0912,нет выраженных признаков роли,3,False,1,1,7950.0,76950.0,9.679245283018869,False,0.00028681011256179525,1.387027959709612e-06,0
100000008192264100,transit,0.7192,4,0.3294,"pass-through=1.15: in=162,810 → out=187,910 KZT",3,False,1,1,162810.0,187910.0,1.1541674344327744,False,0.000290845831848293,1.922024458454748e-05,0
100000000942301100,peripheral,0.25,1,0.1006,"слабый сток in_deg=1, 57,580 KZT (ниже порога terminal)",3,False,1,0,57580.0,0.0,0.0,False,0.00030059027639135565,0.0,0
100000002578653100,peripheral,0.25,43,0.1007,"слабый сток in_deg=1, 20,000 KZT (ниже порога terminal)",3,False,1,0,20000.0,0.0,0.0,False,0.00031131007444757416,0.0,0
100000002511581100,peripheral,0.25,0,0.1002,"слабый сток in_deg=1, 17,600 KZT (ниже порога terminal)",3,False,1,0,17600.0,0.0,0.0,False,0.0002883162631309098,0.0,0
100000005610717100,peripheral,0.15,1,0.0979,нет выраженных признаков роли,3,False,4,1,484500.0,265200.0,0.5473684210526316,False,0.0003445448367122149,1.922024458454748e-05,0
100000005704413100,distributor,0.628,9,0.4951,"веер на 32 получателей (1,363,593 KZT), in_deg=3",3,False,3,32,97834.67,1363593.0,13.9377278014021,False,0.0005996888032985929,0.0027538449405777408,0
100000000976943100,transit,0.71,8,0.3296,"pass-through=1.20: in=70,000 → out=84,000 KZT",3,False,1,1,70000.0,84000.0,1.2,False,0.00037346136238482674,2.1796153652579615e-05,0
100000008708061100,peripheral,0.25,0,0.1001,"слабый сток in_deg=1, 8,650 KZT (ниже порога terminal)",3,False,1,0,8650.0,0.0,0.0,False,0.00028691936700722323,0.0,0
100000003986141100,peripheral,0.25,15,0.1001,"слабый сток in_deg=1, 5,286 KZT (ниже порога terminal)",3,False,1,0,5286.32,0.0,0.0,False,0.00028684612564354754,0.0,0
100000005037490100,peripheral,0.15,13,0.0928,нет выраженных признаков роли,3,False,1,2,15000.0,30000.0,2.0,False,0.0003232011772500533,1.9418391435934565e-05,0
100000004257714100,peripheral,0.25,0,0.1004,"слабый сток in_deg=1, 52,220 KZT (ниже порога terminal)",3,False,1,0,52220.0,0.0,0.0,False,0.00029371967584622025,0.0,0
100000000569479100,terminal,0.452,2,0.2591,"деньги приходят (in_deg=1, 320,000 KZT) и не уходят; depth=3≠4",3,False,1,0,320000.0,0.0,0.0,False,0.00039495323981977984,0.0,0
100000007303047100,peripheral,0.25,0,0.1004,"слабый сток in_deg=1, 52,250 KZT (ниже порога terminal)",3,False,1,0,52250.0,0.0,0.0,False,0.0002937243581795957,0.0,0
100000008708743100,peripheral,0.25,0,0.1001,"слабый сток in_deg=1, 15,550 KZT (ниже порога terminal)",3,False,1,0,15550.0,0.0,0.0,False,0.00028799630368358495,0.0,0
100000008745863100,peripheral,0.25,0,0.1002,"слабый сток in_deg=1, 22,900 KZT (ниже порога terminal)",3,False,1,0,22900.0,0.0,0.0,False,0.0002891434753605789,0.0,0
100000005048668100,coordinator,0.8,6,0.5459,"связей с seed=0, betweenness=0.0029, in=2/out=8",3,False,2,8,16668.0,159400.0,9.563234941204703,False,0.00028854810674879434,0.0029482270017884738,0
100000006522972100,peripheral,0.25,4,0.1005,"слабый сток in_deg=1, 9,515 KZT (ниже порога terminal)",3,False,1,0,9515.0,0.0,0.0,False,0.0003033101259647844,0.0,0
100000008759857100,peripheral,0.15,16,0.0959,нет выраженных признаков роли,3,False,1,2,5000.0,994000.0,198.8,False,0.0002863329149575202,0.0,0
100000005342513100,peripheral,0.15,0,0.1106,нет выраженных признаков роли,3,False,1,1,235000.0,30000.0,0.1276595744680851,False,0.0010816512996714878,0.0,0
100000004750897100,peripheral,0.25,3,0.1048,"слабый сток in_deg=1, 10,000 KZT (ниже порога terminal)",3,False,1,0,10000.0,0.0,0.0,False,0.0004903758747811955,0.0,0
100000001140785100,terminal,0.4615,12,0.2586,"деньги приходят (in_deg=2, 215,000 KZT) и не уходят; depth=3≠4",3,False,2,0,215000.0,0.0,0.0,False,0.00031534667818847455,0.0,0
100000002821425100,terminal,0.4475,11,0.2562,"деньги приходят (in_deg=1, 275,000 KZT) и не уходят; depth=3≠4",3,False,1,0,275000.0,0.0,0.0,False,0.0002986680524564853,0.0,0
100000003221510100,peripheral,0.15,61,0.0923,нет выраженных признаков роли,3,False,1,2,24000.0,120000.0,5.0,False,0.0002869209734265641,3.844048916909496e-05,0
100000003031003100,terminal,0.488,11,0.2623,"деньги приходят (in_deg=3, 280,090 KZT) и не уходят; depth=3≠4",3,False,3,0,280090.0,0.0,0.0,False,0.00031149881059583845,0.0,0
100000003060187100,peripheral,0.25,18,0.1008,"слабый сток in_deg=1, 93,046 KZT (ниже порога terminal)",3,False,1,0,93046.0,0.0,0.0,False,0.00030148158672400514,0.0,0
100000008718811100,peripheral,0.25,0,0.1006,"слабый сток in_deg=1, 73,300 KZT (ниже порога terminal)",3,False,1,0,73300.0,0.0,0.0,False,0.00029700979543139484,0.0,0
100000008043184100,peripheral,0.25,15,0.1004,"слабый сток in_deg=1, 50,564 KZT (ниже порога terminal)",3,False,1,0,50564.0,0.0,0.0,False,0.0002935280196308168,0.0,0
100000002530224100,terminal,0.4313,7,0.2538,"деньги приходят (in_deg=1, 113,000 KZT) и не уходят; depth=3≠4",3,False,1,0,113000.0,0.0,0.0,False,0.00029139102055774437,0.0,0
100000008754608100,peripheral,0.25,0,0.1001,"слабый сток in_deg=1, 12,300 KZT (ниже порога terminal)",3,False,1,0,12300.0,0.0,0.0,False,0.00028748905090124067,0.0,0
100000006989232100,peripheral,0.25,1,0.1002,"слабый сток in_deg=1, 22,194 KZT (ниже порога terminal)",3,False,1,0,22194.0,0.0,0.0,False,0.0002875375081453245,0.0,0
100000006532229100,terminal,0.4305,12,0.2539,"деньги приходят (in_deg=1, 105,000 KZT) и не уходят; depth=3≠4",3,False,1,0,105000.0,0.0,0.0,False,0.0003006351862930439,0.0,0
100000005661829100,transit,0.7364,18,0.3308,"pass-through=1.07: in=37,790 → out=40,362 KZT",3,False,1,2,37790.0,40362.0,1.0680603334215402,False,0.00029203196358329014,1.981468513870874e-06,0
100000004553349100,peripheral,0.25,4,0.1004,"слабый сток in_deg=1, 7,755 KZT (ниже порога terminal)",3,False,1,0,7755.0,0.0,0.0,False,0.00030002858483230014,0.0,0
100000002945626100,terminal,0.5184,7,0.2672,"деньги приходят (in_deg=3, 584,000 KZT) и не уходят; depth=3≠4",3,False,3,0,584000.0,0.0,0.0,False,0.0003377644362503456,0.0,0
100000008775471100,terminal,0.478,16,0.2619,"деньги приходят (in_deg=1, 580,000 KZT) и не уходят; depth=3≠4",3,False,1,0,580000.0,0.0,0.0,False,0.00035837580082273633,0.0,0
100000000404740100,peripheral,0.2,27,0.0,"обрыв обхода depth=4, out=0; in_deg=1 — не считаем terminal",4,False,1,0,25000.0,0.0,0.0,True,0.0005579900727464845,0.0,0
100000004268036100,peripheral,0.2,17,0.0,"обрыв обхода depth=4, out=0; in_deg=1 — не считаем terminal",4,False,1,0,5500.0,0.0,0.0,True,0.0002885126171078145,0.0,0
100000001256409100,peripheral,0.2,6,0.0,"обрыв обхода depth=4, out=0; in_deg=1 — не считаем terminal",4,False,1,0,8000.0,0.0,0.0,True,0.0005471647850140205,0.0,0
100000005360814100,peripheral,0.2,6,0.0,"обрыв обхода depth=4, out=0; in_deg=1 — не считаем terminal",4,False,1,0,144000.0,0.0,0.0,True,0.0004336887325641281,0.0,0
100000002369454100,peripheral,0.2,6,0.0,"обрыв обхода depth=4, out=0; in_deg=1 — не считаем terminal",4,False,1,0,25000.0,0.0,0.0,True,0.00042888184355224855,0.0,0
100000004272302100,peripheral,0.2,43,0.0,"обрыв обхода depth=4, out=0; in_deg=1 — не считаем terminal",4,False,1,0,10000.0,0.0,0.0,True,0.0002877361499743476,0.0,0
100000008727982100,peripheral,0.2,5,0.0,"обрыв обхода depth=4, out=0; in_deg=1 — не считаем terminal",4,False,1,0,30000.0,0.0,0.0,True,0.0005138489258762222,0.0,0
100000000600707100,peripheral,0.2,22,0.0,"обрыв обхода depth=4, out=0; in_deg=1 — не считаем terminal",4,False,1,0,89000.0,0.0,0.0,True,0.0005701602511841824,0.0,0
100000004500781100,peripheral,0.2,14,0.0,"обрыв обхода depth=4, out=0; in_deg=1 — не считаем terminal",4,False,1,0,74000.0,0.0,0.0,True,0.0006807503625850077,0.0,0
100000008703533100,peripheral,0.2,12,0.0,"обрыв обхода depth=4, out=0; in_deg=1 — не считаем terminal",4,False,1,0,75000.0,0.0,0.0,True,0.00029552677799059654,0.0,0
100000004549591100,peripheral,0.2,35,0.0,"обрыв обхода depth=4, out=0; in_deg=1 — не считаем terminal",4,False,1,0,49000.0,0.0,0.0,True,0.0004443211683334058,0.0,0
100000002700161100,peripheral,0.2,48,0.0,"обрыв обхода depth=4, out=0; in_deg=1 — не считаем terminal",4,False,1,0,39000.0,0.0,0.0,True,0.0009026643078152174,0.0,0
100000003134550100,peripheral,0.2,12,0.0,"обрыв обхода depth=4, out=0; in_deg=1 — не считаем terminal",4,False,1,0,100000.0,0.0,0.0,True,0.0002988459392483648,0.0,0
100000001957974100,peripheral,0.2,14,0.0,"обрыв обхода depth=4, out=0; in_deg=1 — не считаем terminal",4,False,1,0,500000.0,0.0,0.0,True,0.0003201374676904359,0.0,0
100000001246806100,peripheral,0.2,7,0.0,"обрыв обхода depth=4, out=0; in_deg=1 — не считаем terminal",4,False,1,0,130000.0,0.0,0.0,True,0.0005329767614424818,0.0,0
100000003622955100,peripheral,0.2,8,0.0,"обрыв обхода depth=4, out=0; in_deg=1 — не считаем terminal",4,False,1,0,15000.0,0.0,0.0,True,0.0013342637758280186,0.0,0
100000003692843100,peripheral,0.2,46,0.0,"обрыв обхода depth=4, out=0; in_deg=1 — не считаем terminal",4,False,1,0,510000.0,0.0,0.0,True,0.0005294957412060616,0.0,0
100000008629504100,peripheral,0.2,1,0.0,"обрыв обхода depth=4, out=0; in_deg=1 — не считаем terminal",4,False,1,0,20000.0,0.0,0.0,True,0.0003020103417337856,0.0,0
100000005621418100,peripheral,0.2,26,0.0,"обрыв обхода depth=4, out=0; in_deg=1 — не считаем terminal",4,False,1,0,30000.0,0.0,0.0,True,0.000307826386396474,0.0,0
100000004167082100,peripheral,0.2,13,0.0,"обрыв обхода depth=4, out=0; in_deg=1 — не считаем terminal",4,False,1,0,13300.0,0.0,0.0,True,0.0003849148092594299,0.0,0
100000004379306100,peripheral,0.2,6,0.0,"обрыв обхода depth=4, out=0; in_deg=1 — не считаем terminal",4,False,1,0,15000.0,0.0,0.0,True,0.0005320511103436077,0.0,0
100000004856746100,peripheral,0.2,19,0.0,"обрыв обхода depth=4, out=0; in_deg=1 — не считаем terminal",4,False,1,0,20000.0,0.0,0.0,True,0.00030004730606245246,0.0,0
100000004891562100,peripheral,0.2,17,0.0,"обрыв обхода depth=4, out=0; in_deg=1 — не считаем terminal",4,False,1,0,103400.0,0.0,0.0,True,0.00034090376455912303,0.0,0
100000007042175100,peripheral,0.2,1,0.0,"обрыв обхода depth=4, out=0; in_deg=1 — не считаем terminal",4,False,1,0,60000.0,0.0,0.0,True,0.0005340058628254463,0.0,0
100000002670463100,peripheral,0.2,17,0.0,"обрыв обхода depth=4, out=0; in_deg=1 — не считаем terminal",4,False,1,0,31500.0,0.0,0.0,True,0.0003024265071357412,0.0,0
100000005567828100,peripheral,0.2,9,0.0,"обрыв обхода depth=4, out=0; in_deg=1 — не считаем terminal",4,False,1,0,94000.0,0.0,0.0,True,0.00032075622145792134,0.0,0
100000004200745100,peripheral,0.2,10,0.0,"обрыв обхода depth=4, out=0; in_deg=1 — не считаем terminal",4,False,1,0,130000.0,0.0,0.0,True,0.0006010148962169096,0.0,0
100000003989033100,peripheral,0.2,8,0.0,"обрыв обхода depth=4, out=0; in_deg=1 — не считаем terminal",4,False,1,0,373400.0,0.0,0.0,True,0.0005989171063455122,0.0,0
100000005146665100,peripheral,0.2,56,0.0,"обрыв обхода depth=4, out=0; in_deg=1 — не считаем terminal",4,False,1,0,5500.0,0.0,0.0,True,0.0002864537524941126,0.0,0
100000003096787100,peripheral,0.2,9,0.0,"обрыв обхода depth=4, out=0; in_deg=1 — не считаем terminal",4,False,1,0,16400.0,0.0,0.0,True,0.0002917082900337419,0.0,0
100000003074515100,peripheral,0.2,7,0.0,"обрыв обхода depth=4, out=0; in_deg=1 — не считаем terminal",4,False,1,0,105000.0,0.0,0.0,True,0.00029938285450538247,0.0,0
100000004377043100,peripheral,0.2,19,0.0,"обрыв обхода depth=4, out=0; in_deg=1 — не считаем terminal",4,False,1,0,5700.0,0.0,0.0,True,0.000363549525686565,0.0,0
100000008680061100,peripheral,0.2,1,0.0,"обрыв обхода depth=4, out=0; in_deg=1 — не считаем terminal",4,False,1,0,41300.0,0.0,0.0,True,0.00031068559080704277,0.0,0
100000008471634100,peripheral,0.2,27,0.0,"обрыв обхода depth=4, out=0; in_deg=1 — не считаем terminal",4,False,1,0,20000.0,0.0,0.0,True,0.0011246149928916343,0.0,0
100000002119762100,peripheral,0.2,4,0.0,"обрыв обхода depth=4, out=0; in_deg=1 — не считаем terminal",4,False,1,0,77000.0,0.0,0.0,True,0.0005295245957280128,0.0,0
100000008628818100,peripheral,0.2,9,0.0,"обрыв обхода depth=4, out=0; in_deg=1 — не считаем terminal",4,False,1,0,46310.0,0.0,0.0,True,0.0003029044708184997,0.0,0
100000007510567100,peripheral,0.2,9,0.0,"обрыв обхода depth=4, out=0; in_deg=1 — не считаем terminal",4,False,1,0,52000.0,0.0,0.0,True,0.0003050344029035974,0.0,0
100000004780327100,peripheral,0.2,17,0.0,"обрыв обхода depth=4, out=0; in_deg=1 — не считаем terminal",4,False,1,0,12000.0,0.0,0.0,True,0.0002919910896147962,0.0,0
100000008376785100,peripheral,0.2,4,0.0,"обрыв обхода depth=4, out=0; in_deg=1 — не считаем terminal",4,False,1,0,234250.0,0.0,0.0,True,0.0005318070054641113,0.0,0
100000005745873100,peripheral,0.2,34,0.0,"обрыв обхода depth=4, out=0; in_deg=1 — не считаем terminal",4,False,1,0,223000.0,0.0,0.0,True,0.0003163211975392913,0.0,0
100000002594214100,peripheral,0.2,37,0.0,"обрыв обхода depth=4, out=0; in_deg=1 — не считаем terminal",4,False,1,0,1000000.0,0.0,0.0,True,0.0003670592433622206,0.0,0
100000001299323100,peripheral,0.2,7,0.0,"обрыв обхода depth=4, out=0; in_deg=1 — не считаем terminal",4,False,1,0,109000.0,0.0,0.0,True,0.0002999090853735002,0.0,0
100000003838587100,peripheral,0.2,14,0.0,"обрыв обхода depth=4, out=0; in_deg=1 — не считаем terminal",4,False,1,0,6000.0,0.0,0.0,True,0.0005550324069085234,0.0,0
100000000673915100,peripheral,0.2,33,0.0,"обрыв обхода depth=4, out=0; in_deg=1 — не считаем terminal",4,False,1,0,20200.0,0.0,0.0,True,0.0002875765133018179,0.0,0
100000003061115100,peripheral,0.2,1,0.0,"обрыв обхода depth=4, out=0; in_deg=1 — не считаем terminal",4,False,1,0,45000.0,0.0,0.0,True,0.0005339039923107214,0.0,0
100000004326224100,peripheral,0.2,4,0.0,"обрыв обхода depth=4, out=0; in_deg=1 — не считаем terminal",4,False,1,0,60000.0,0.0,0.0,True,0.0005348779091078319,0.0,0
100000004988240100,peripheral,0.2,1,0.0,"обрыв обхода depth=4, out=0; in_deg=1 — не считаем terminal",4,False,1,0,20000.0,0.0,0.0,True,0.0005299271891403079,0.0,0
100000008525136100,peripheral,0.2,1,0.0,"обрыв обхода depth=4, out=0; in_deg=1 — не считаем terminal",4,False,1,0,14100.0,0.0,0.0,True,0.0002885216550484365,0.0,0
100000001991973100,peripheral,0.2,17,0.0,"обрыв обхода depth=4, out=0; in_deg=1 — не считаем terminal",4,False,1,0,20800.0,0.0,0.0,True,0.00029670040623963286,0.0,0
100000004569637100,peripheral,0.2,6,0.0,"обрыв обхода depth=4, out=0; in_deg=1 — не считаем terminal",4,False,1,0,5500.0,0.0,0.0,True,0.0005531603067223203,0.0,0
100000008675322100,peripheral,0.2,33,0.0,"обрыв обхода depth=4, out=0; in_deg=1 — не считаем terminal",4,False,1,0,340000.0,0.0,0.0,True,0.00031935416989743715,0.0,0
100000004235471100,peripheral,0.2,4,0.0,"обрыв обхода depth=4, out=0; in_deg=1 — не считаем terminal",4,False,1,0,180000.0,0.0,0.0,True,0.0003486135302974621,0.0,0
100000003194831100,peripheral,0.2,8,0.0,"обрыв обхода depth=4, out=0; in_deg=1 — не считаем terminal",4,False,1,0,6265.0,0.0,0.0,True,0.0002908267233629351,0.0,0
100000008588665100,peripheral,0.2,1,0.0,"обрыв обхода depth=4, out=0; in_deg=1 — не считаем terminal",4,False,1,0,25000.0,0.0,0.0,True,0.00035249090665569075,0.0,0
100000003230329100,peripheral,0.2,7,0.0,"обрыв обхода depth=4, out=0; in_deg=1 — не считаем terminal",4,False,1,0,110000.0,0.0,0.0,True,0.0003000406430905296,0.0,0
100000002217806100,peripheral,0.2,35,0.0,"обрыв обхода depth=4, out=0; in_deg=1 — не считаем terminal",4,False,1,0,55000.0,0.0,0.0,True,0.00046376017332721566,0.0,0
100000004041294100,peripheral,0.2,27,0.0,"обрыв обхода depth=4, out=0; in_deg=1 — не считаем terminal",4,False,1,0,17800.0,0.0,0.0,True,0.00030085428557357805,0.0,0
100000008583971100,peripheral,0.2,1,0.0,"обрыв обхода depth=4, out=0; in_deg=2 — не считаем terminal",4,False,2,0,51000.0,0.0,0.0,True,0.00032971602313587996,0.0,0
100000008251939100,peripheral,0.2,9,0.0,"обрыв обхода depth=4, out=0; in_deg=1 — не считаем terminal",4,False,1,0,44360.0,0.0,0.0,True,0.0003021745292427632,0.0,0
100000004049912100,peripheral,0.2,18,0.0,"обрыв обхода depth=4, out=0; in_deg=1 — не считаем terminal",4,False,1,0,10000.0,0.0,0.0,True,0.0003245564257590696,0.0,0
100000002227960100,peripheral,0.2,21,0.0,"обрыв обхода depth=4, out=0; in_deg=1 — не считаем terminal",4,False,1,0,10000.0,0.0,0.0,True,0.0002994376832159775,0.0,0
100000008677368100,peripheral,0.2,5,0.0,"обрыв обхода depth=4, out=0; in_deg=1 — не считаем terminal",4,False,1,0,13500.0,0.0,0.0,True,0.0005340288694748745,0.0,0
100000008631800100,peripheral,0.2,17,0.0,"обрыв обхода depth=4, out=0; in_deg=1 — не считаем terminal",4,False,1,0,12850.0,0.0,0.0,True,0.0002924459667887861,0.0,0
100000003220685100,peripheral,0.2,4,0.0,"обрыв обхода depth=4, out=0; in_deg=1 — не считаем terminal",4,False,1,0,1306000.0,0.0,0.0,True,0.0005375987236644616,0.0,0
100000003072205100,peripheral,0.2,7,0.0,"обрыв обхода depth=4, out=0; in_deg=2 — не считаем terminal",4,False,2,0,163000.0,0.0,0.0,True,0.00031897392558810693,0.0,0
100000001202637100,peripheral,0.2,9,0.0,"обрыв обхода depth=4, out=0; in_deg=1 — не считаем terminal",4,False,1,0,10000.0,0.0,0.0,True,0.0005487659443752257,0.0,0
100000002835874100,peripheral,0.2,7,0.0,"обрыв обхода depth=4, out=0; in_deg=1 — не считаем terminal",4,False,1,0,58700.0,0.0,0.0,True,0.0002932917322069195,0.0,0
100000002707106100,peripheral,0.2,14,0.0,"обрыв обхода depth=4, out=0; in_deg=1 — не считаем terminal",4,False,1,0,15000.0,0.0,0.0,True,0.0002866063394214859,0.0,0
100000008343415100,peripheral,0.2,6,0.0,"обрыв обхода depth=4, out=0; in_deg=1 — не считаем terminal",4,False,1,0,100000.0,0.0,0.0,True,0.00043399201964799565,0.0,0
100000004981068100,peripheral,0.2,2,0.0,"обрыв обхода depth=4, out=0; in_deg=1 — не считаем terminal",4,False,1,0,10000.0,0.0,0.0,True,0.000378847236826839,0.0,0
100000004241142100,peripheral,0.2,1,0.0,"обрыв обхода depth=4, out=0; in_deg=1 — не считаем terminal",4,False,1,0,27102.0,0.0,0.0,True,0.0005301329725055748,0.0,0
100000008190411100,peripheral,0.2,50,0.0,"обрыв обхода depth=4, out=0; in_deg=1 — не считаем terminal",4,False,1,0,198450.0,0.0,0.0,True,0.0004241348636842574,0.0,0
100000008699083100,peripheral,0.2,11,0.0,"обрыв обхода depth=4, out=0; in_deg=1 — не считаем terminal",4,False,1,0,238500.0,0.0,0.0,True,0.0003064017089345794,0.0,0
100000008136608100,peripheral,0.2,9,0.0,"обрыв обхода depth=4, out=0; in_deg=1 — не считаем terminal",4,False,1,0,170000.0,0.0,0.0,True,0.0005643778935793372,0.0,0
100000008695157100,peripheral,0.2,6,0.0,"обрыв обхода depth=4, out=0; in_deg=1 — не считаем terminal",4,False,1,0,425546.0,0.0,0.0,True,0.0004975174254247287,0.0,0
100000000369781100,peripheral,0.2,4,0.0,"обрыв обхода depth=4, out=0; in_deg=1 — не считаем terminal",4,False,1,0,5000.0,0.0,0.0,True,0.0005324777910582574,0.0,0
100000003133045100,peripheral,0.2,50,0.0,"обрыв обхода depth=4, out=0; in_deg=1 — не считаем terminal",4,False,1,0,68000.0,0.0,0.0,True,0.00033304955989506263,0.0,0
100000002474570100,peripheral,0.2,17,0.0,"обрыв обхода depth=4, out=0; in_deg=1 — не считаем terminal",4,False,1,0,6750.0,0.0,0.0,True,0.0002891815541283879,0.0,0
100000002514975100,peripheral,0.2,26,0.0,"обрыв обхода depth=4, out=0; in_deg=1 — не считаем terminal",4,False,1,0,17920.0,0.0,0.0,True,0.0005310425183631433,0.0,0
100000001089055100,peripheral,0.2,15,0.0,"обрыв обхода depth=4, out=0; in_deg=1 — не считаем terminal",4,False,1,0,13000.0,0.0,0.0,True,0.00032930768290614096,0.0,0
100000000608031100,peripheral,0.2,15,0.0,"обрыв обхода depth=4, out=0; in_deg=1 — не считаем terminal",4,False,1,0,30000.0,0.0,0.0,True,0.0005386366709608584,0.0,0
100000002659103100,peripheral,0.2,44,0.0,"обрыв обхода depth=4, out=0; in_deg=1 — не считаем terminal",4,False,1,0,165000.0,0.0,0.0,True,0.0003497105242568365,0.0,0
100000000733940100,peripheral,0.2,30,0.0,"обрыв обхода depth=4, out=0; in_deg=1 — не считаем terminal",4,False,1,0,752000.0,0.0,0.0,True,0.00041118521018324884,0.0,0
100000001537524100,peripheral,0.2,11,0.0,"обрыв обхода depth=4, out=0; in_deg=1 — не считаем terminal",4,False,1,0,150000.0,0.0,0.0,True,0.00029867144183822733,0.0,0
100000002971593100,peripheral,0.2,4,0.0,"обрыв обхода depth=4, out=0; in_deg=1 — не считаем terminal",4,False,1,0,49050.0,0.0,0.0,True,0.000530380154395716,0.0,0
100000006918814100,peripheral,0.2,2,0.0,"обрыв обхода depth=4, out=0; in_deg=1 — не считаем terminal",4,False,1,0,20000.0,0.0,0.0,True,0.00030432797108967917,0.0,0
100000007381662100,peripheral,0.2,2,0.0,"обрыв обхода depth=4, out=0; in_deg=1 — не считаем terminal",4,False,1,0,11000.0,0.0,0.0,True,0.0002968339281028918,0.0,0
100000003199390100,peripheral,0.2,4,0.0,"обрыв обхода depth=4, out=0; in_deg=1 — не считаем terminal",4,False,1,0,260000.0,0.0,0.0,True,0.0003766331907775379,0.0,0
100000007749747100,peripheral,0.2,12,0.0,"обрыв обхода depth=4, out=0; in_deg=1 — не считаем terminal",4,False,1,0,50000.0,0.0,0.0,True,0.0004436219671018528,0.0,0
100000003447411100,peripheral,0.2,6,0.0,"обрыв обхода depth=4, out=0; in_deg=1 — не считаем terminal",4,False,1,0,302000.0,0.0,0.0,True,0.00030581844296807473,0.0,0
100000000500040100,peripheral,0.2,2,0.0,"обрыв обхода depth=4, out=0; in_deg=1 — не считаем terminal",4,False,1,0,20000.0,0.0,0.0,True,0.0003060504467365647,0.0,0
100000008551752100,peripheral,0.2,34,0.0,"обрыв обхода depth=4, out=0; in_deg=1 — не считаем terminal",4,False,1,0,406000.0,0.0,0.0,True,0.0003415570643909772,0.0,0
100000002876914100,peripheral,0.2,17,0.0,"обрыв обхода depth=4, out=0; in_deg=1 — не считаем terminal",4,False,1,0,12000.0,0.0,0.0,True,0.0002919910896147962,0.0,0
100000004571634100,peripheral,0.2,8,0.0,"обрыв обхода depth=4, out=0; in_deg=1 — не считаем terminal",4,False,1,0,20000.0,0.0,0.0,True,0.00037417734894680435,0.0,0
100000004610802100,peripheral,0.2,55,0.0,"обрыв обхода depth=4, out=0; in_deg=1 — не считаем terminal",4,False,1,0,241000.0,0.0,0.0,True,0.00047395222486411326,0.0,0
100000001311175100,peripheral,0.2,11,0.0,"обрыв обхода depth=4, out=0; in_deg=1 — не считаем terminal",4,False,1,0,300000.0,0.0,0.0,True,0.0005315144876960907,0.0,0
100000008740295100,peripheral,0.2,7,0.0,"обрыв обхода depth=4, out=0; in_deg=1 — не считаем terminal",4,False,1,0,300000.0,0.0,0.0,True,0.0003250366093261227,0.0,0
100000002596039100,peripheral,0.2,6,0.0,"обрыв обхода depth=4, out=0; in_deg=1 — не считаем terminal",4,False,1,0,280000.0,0.0,0.0,True,0.00030434333941669315,0.0,0
100000002126791100,peripheral,0.2,7,0.0,"обрыв обхода depth=4, out=0; in_deg=1 — не считаем terminal",4,False,1,0,1313000.0,0.0,0.0,True,0.000571680600606074,0.0,0
100000005783452100,peripheral,0.2,11,0.0,"обрыв обхода depth=4, out=0; in_deg=2 — не считаем terminal",4,False,2,0,286500.0,0.0,0.0,True,0.0003144185669015856,0.0,0
100000006693788100,peripheral,0.2,1,0.0,"обрыв обхода depth=4, out=0; in_deg=1 — не считаем terminal",4,False,1,0,10764.0,0.0,0.0,True,0.0005320949120369117,0.0,0
100000002832753100,peripheral,0.2,3,0.0,"обрыв обхода depth=4, out=0; in_deg=1 — не считаем terminal",4,False,1,0,12500.0,0.0,0.0,True,0.0007555331214190873,0.0,0
100000002981489100,peripheral,0.2,4,0.0,"обрыв обхода depth=4, out=0; in_deg=1 — не считаем terminal",4,False,1,0,10000.0,0.0,0.0,True,0.00028833129648364066,0.0,0
100000003084870100,peripheral,0.2,11,0.0,"обрыв обхода depth=4, out=0; in_deg=1 — не считаем terminal",4,False,1,0,6500.0,0.0,0.0,True,0.00034517865606512976,0.0,0
100000002791494100,peripheral,0.2,9,0.0,"обрыв обхода depth=4, out=0; in_deg=1 — не считаем terminal",4,False,1,0,85860.0,0.0,0.0,True,0.0003177091832904881,0.0,0
100000003345947100,peripheral,0.2,6,0.0,"обрыв обхода depth=4, out=0; in_deg=1 — не считаем terminal",4,False,1,0,79500.0,0.0,0.0,True,0.0004947659232077668,0.0,0
100000002733083100,peripheral,0.2,9,0.0,"обрыв обхода depth=4, out=0; in_deg=1 — не считаем terminal",4,False,1,0,15200.0,0.0,0.0,True,0.000291259095217904,0.0,0
100000003247600100,peripheral,0.2,2,0.0,"обрыв обхода depth=4, out=0; in_deg=1 — не считаем terminal",4,False,1,0,58000.0,0.0,0.0,True,0.0008412090951663774,0.0,0
100000001378288100,peripheral,0.2,6,0.0,"обрыв обхода depth=4, out=0; in_deg=1 — не считаем terminal",4,False,1,0,268000.0,0.0,0.0,True,0.000523450886876281,0.0,0
100000002305477100,peripheral,0.2,21,0.0,"обрыв обхода depth=4, out=0; in_deg=1 — не считаем terminal",4,False,1,0,20000.0,0.0,0.0,True,0.00031330607221466346,0.0,0
100000006638021100,peripheral,0.2,41,0.0,"обрыв обхода depth=4, out=0; in_deg=2 — не считаем terminal",4,False,2,0,388500.0,0.0,0.0,True,0.000544485696289976,0.0,0
100000008517061100,peripheral,0.2,14,0.0,"обрыв обхода depth=4, out=0; in_deg=1 — не считаем terminal",4,False,1,0,1844000.0,0.0,0.0,True,0.00041305671798624785,0.0,0
100000005910895100,peripheral,0.2,8,0.0,"обрыв обхода depth=4, out=0; in_deg=1 — не считаем terminal",4,False,1,0,5100.0,0.0,0.0,True,0.0005976000607837538,0.0,0
100000002723439100,peripheral,0.2,8,0.0,"обрыв обхода depth=4, out=0; in_deg=1 — не считаем terminal",4,False,1,0,18000.0,0.0,0.0,True,0.0005526233540248647,0.0,0
100000002320495100,peripheral,0.2,15,0.0,"обрыв обхода depth=4, out=0; in_deg=1 — не считаем terminal",4,False,1,0,13526.27,0.0,0.0,True,0.0005354179344206226,0.0,0
100000002229615100,peripheral,0.2,21,0.0,"обрыв обхода depth=4, out=0; in_deg=1 — не считаем terminal",4,False,1,0,25000.0,0.0,0.0,True,0.0007184983881728369,0.0,0
100000008327791100,peripheral,0.2,15,0.0,"обрыв обхода depth=4, out=0; in_deg=1 — не считаем terminal",4,False,1,0,11000.0,0.0,0.0,True,0.0005367685704661648,0.0,0
100000002208836100,peripheral,0.2,4,0.0,"обрыв обхода depth=4, out=0; in_deg=1 — не считаем terminal",4,False,1,0,90000.0,0.0,0.0,True,0.0003298185449195245,0.0,0
100000001724740100,peripheral,0.2,7,0.0,"обрыв обхода depth=4, out=0; in_deg=1 — не считаем terminal",4,False,1,0,185000.0,0.0,0.0,True,0.000536480415214988,0.0,0
100000004386286100,peripheral,0.2,10,0.0,"обрыв обхода depth=4, out=0; in_deg=1 — не считаем terminal",4,False,1,0,12500.0,0.0,0.0,True,0.0005972866869113232,0.0,0
100000001714883100,peripheral,0.2,17,0.0,"обрыв обхода depth=4, out=0; in_deg=1 — не считаем terminal",4,False,1,0,6900.0,0.0,0.0,True,0.0002892618265708567,0.0,0
100000008337304100,peripheral,0.2,6,0.0,"обрыв обхода depth=4, out=0; in_deg=1 — не считаем terminal",4,False,1,0,105465.0,0.0,0.0,True,0.0003542650469239134,0.0,0
100000000655469100,peripheral,0.2,21,0.0,"обрыв обхода depth=4, out=0; in_deg=1 — не считаем terminal",4,False,1,0,20000.0,0.0,0.0,True,0.0003454311507267092,0.0,0
100000008722541100,peripheral,0.2,4,0.0,"обрыв обхода depth=4, out=0; in_deg=1 — не считаем terminal",4,False,1,0,280000.0,0.0,0.0,True,0.0003836381058975568,0.0,0
100000004222274100,peripheral,0.2,1,0.0,"обрыв обхода depth=4, out=0; in_deg=1 — не считаем terminal",4,False,1,0,15500.0,0.0,0.0,True,0.0005454170226679225,0.0,0
100000006232642100,peripheral,0.2,36,0.0,"обрыв обхода depth=4, out=0; in_deg=1 — не считаем terminal",4,False,1,0,456000.0,0.0,0.0,True,0.00042785609111614106,0.0,0
100000004066370100,peripheral,0.2,22,0.0,"обрыв обхода depth=4, out=0; in_deg=1 — не считаем terminal",4,False,1,0,65000.0,0.0,0.0,True,0.0005893461583954334,0.0,0
100000005685783100,peripheral,0.2,0,0.0,"обрыв обхода depth=4, out=0; in_deg=1 — не считаем terminal",4,False,1,0,26150.0,0.0,0.0,True,0.0005320610913052187,0.0,0
100000006171671100,peripheral,0.2,1,0.0,"обрыв обхода depth=4, out=0; in_deg=1 — не считаем terminal",4,False,1,0,10000.0,0.0,0.0,True,0.0005290656990407938,0.0,0
100000003481025100,peripheral,0.2,1,0.0,"обрыв обхода depth=4, out=0; in_deg=1 — не считаем terminal",4,False,1,0,9000.0,0.0,0.0,True,0.0005310260909453566,0.0,0
100000003646145100,peripheral,0.2,22,0.0,"обрыв обхода depth=4, out=0; in_deg=1 — не считаем terminal",4,False,1,0,5000.0,0.0,0.0,True,0.0006536813277109192,0.0,0
100000002659265100,peripheral,0.2,7,0.0,"обрыв обхода depth=4, out=0; in_deg=1 — не считаем terminal",4,False,1,0,141000.0,0.0,0.0,True,0.00031969973198944405,0.0,0
100000003289281100,peripheral,0.2,4,0.0,"обрыв обхода depth=4, out=0; in_deg=1 — не считаем terminal",4,False,1,0,40000.0,0.0,0.0,True,0.0005967179150727099,0.0,0
100000004840086100,peripheral,0.2,1,0.0,"обрыв обхода depth=4, out=0; in_deg=1 — не считаем terminal",4,False,1,0,100000.0,0.0,0.0,True,0.0005391572563123904,0.0,0
100000008554390100,peripheral,0.2,17,0.0,"обрыв обхода depth=4, out=0; in_deg=1 — не считаем terminal",4,False,1,0,14000.0,0.0,0.0,True,0.00029306138884771364,0.0,0
100000004691350100,peripheral,0.2,49,0.0,"обрыв обхода depth=4, out=0; in_deg=1 — не считаем terminal",4,False,1,0,13300.0,0.0,0.0,True,0.0008870591048616347,0.0,0
100000004652395100,peripheral,0.2,1,0.0,"обрыв обхода depth=4, out=0; in_deg=3 — не считаем terminal",4,False,3,0,101528.0,0.0,0.0,True,0.0003357067098927758,0.0,0
100000004979264100,peripheral,0.2,12,0.0,"обрыв обхода depth=4, out=0; in_deg=1 — не считаем terminal",4,False,1,0,39800.0,0.0,0.0,True,0.00041137922183340236,0.0,0
100000008074304100,peripheral,0.2,4,0.0,"обрыв обхода depth=4, out=0; in_deg=1 — не считаем terminal",4,False,1,0,5500.0,0.0,0.0,True,0.00033242119278309554,0.0,0
100000002227989100,peripheral,0.2,21,0.0,"обрыв обхода depth=4, out=0; in_deg=1 — не считаем terminal",4,False,1,0,20000.0,0.0,0.0,True,0.00039446042046132235,0.0,0
100000003207060100,peripheral,0.2,1,0.0,"обрыв обхода depth=4, out=0; in_deg=1 — не считаем terminal",4,False,1,0,53000.0,0.0,0.0,True,0.00042744311258669795,0.0,0
100000004601193100,peripheral,0.2,8,0.0,"обрыв обхода depth=4, out=0; in_deg=1 — не считаем terminal",4,False,1,0,84000.0,0.0,0.0,True,0.0006034150427286842,0.0,0
100000004991593100,peripheral,0.2,6,0.0,"обрыв обхода depth=4, out=0; in_deg=1 — не считаем terminal",4,False,1,0,45000.0,0.0,0.0,True,0.0003548910511069674,0.0,0
100000003128638100,peripheral,0.2,7,0.0,"обрыв обхода depth=4, out=0; in_deg=1 — не считаем terminal",4,False,1,0,300000.0,0.0,0.0,True,0.0003581872469239989,0.0,0
100000005878334100,peripheral,0.2,6,0.0,"обрыв обхода depth=4, out=0; in_deg=1 — не считаем terminal",4,False,1,0,76400.0,0.0,0.0,True,0.0003989642564463494,0.0,0
100000002878483100,peripheral,0.2,17,0.0,"обрыв обхода depth=4, out=0; in_deg=1 — не считаем terminal",4,False,1,0,6000.0,0.0,0.0,True,0.0002887801919160438,0.0,0
100000000981693100,peripheral,0.2,1,0.0,"обрыв обхода depth=4, out=0; in_deg=1 — не считаем terminal",4,False,1,0,16500.0,0.0,0.0,True,0.000529081521154153,0.0,0
100000006416061100,peripheral,0.2,2,0.0,"обрыв обхода depth=4, out=0; in_deg=1 — не считаем terminal",4,False,1,0,30000.0,0.0,0.0,True,0.0004348563786213141,0.0,0
100000008168850100,peripheral,0.2,4,0.0,"обрыв обхода depth=4, out=0; in_deg=1 — не считаем terminal",4,False,1,0,187910.0,0.0,0.0,True,0.0005330795799856531,0.0,0
100000004747154100,peripheral,0.2,50,0.0,"обрыв обхода depth=4, out=0; in_deg=1 — не считаем terminal",4,False,1,0,67000.0,0.0,0.0,True,0.00033235132069391895,0.0,0
100000008524903100,peripheral,0.2,1,0.0,"обрыв обхода depth=4, out=0; in_deg=1 — не считаем terminal",4,False,1,0,15000.0,0.0,0.0,True,0.00033177325018699167,0.0,0
100000005049404100,peripheral,0.2,4,0.0,"обрыв обхода depth=4, out=0; in_deg=1 — не считаем terminal",4,False,1,0,98000.0,0.0,0.0,True,0.00031263691642751263,0.0,0
100000002258492100,peripheral,0.2,20,0.0,"обрыв обхода depth=4, out=0; in_deg=1 — не считаем terminal",4,False,1,0,9000.0,0.0,0.0,True,0.0005401265380892365,0.0,0
100000005497148100,peripheral,0.2,4,0.0,"обрыв обхода depth=4, out=0; in_deg=1 — не считаем terminal",4,False,1,0,24000.0,0.0,0.0,True,0.0004900139425044363,0.0,0
100000004596284100,peripheral,0.2,3,0.0,"обрыв обхода depth=4, out=0; in_deg=1 — не считаем terminal",4,False,1,0,30000.0,0.0,0.0,True,0.0005914888430857152,0.0,0
100000007960337100,peripheral,0.2,6,0.0,"обрыв обхода depth=4, out=0; in_deg=1 — не считаем terminal",4,False,1,0,35500.0,0.0,0.0,True,0.00030276808937766263,0.0,0
100000003180305100,peripheral,0.2,1,0.0,"обрыв обхода depth=4, out=0; in_deg=1 — не считаем terminal",4,False,1,0,144000.0,0.0,0.0,True,0.0005280565512084173,0.0,0
100000007653094100,peripheral,0.2,13,0.0,"обрыв обхода depth=4, out=0; in_deg=1 — не считаем terminal",4,False,1,0,16000.0,0.0,0.0,True,0.000575474243291751,0.0,0
100000008175078100,peripheral,0.2,33,0.0,"обрыв обхода depth=4, out=0; in_deg=1 — не считаем terminal",4,False,1,0,1846711.0,0.0,0.0,True,0.0004690719458412837,0.0,0
100000004263867100,peripheral,0.2,17,0.0,"обрыв обхода depth=4, out=0; in_deg=1 — не считаем terminal",4,False,1,0,9000.0,0.0,0.0,True,0.00029038564076542,0.0,0
100000002194320100,peripheral,0.2,57,0.0,"обрыв обхода depth=4, out=0; in_deg=1 — не считаем terminal",4,False,1,0,275000.0,0.0,0.0,True,0.0004865679346318268,0.0,0
100000001222245100,peripheral,0.2,4,0.0,"обрыв обхода depth=4, out=0; in_deg=1 — не считаем terminal",4,False,1,0,420000.0,0.0,0.0,True,0.0005491629789918055,0.0,0
100000008151098100,peripheral,0.2,26,0.0,"обрыв обхода depth=4, out=0; in_deg=1 — не считаем terminal",4,False,1,0,30000.0,0.0,0.0,True,0.00030934772461346376,0.0,0
100000008735802100,peripheral,0.2,1,0.0,"обрыв обхода depth=4, out=0; in_deg=1 — не считаем terminal",4,False,1,0,85000.0,0.0,0.0,True,0.0005087033417052588,0.0,0
100000004047887100,peripheral,0.2,37,0.0,"обрыв обхода depth=4, out=0; in_deg=1 — не считаем terminal",4,False,1,0,30000.0,0.0,0.0,True,0.0002880139926916394,0.0,0
100000003146511100,peripheral,0.2,13,0.0,"обрыв обхода depth=4, out=0; in_deg=1 — не считаем terminal",4,False,1,0,10000.0,0.0,0.0,True,0.0003118136674871977,0.0,0
100000007511780100,peripheral,0.2,66,0.0,"обрыв обхода depth=4, out=0; in_deg=1 — не считаем terminal",4,False,1,0,155000.0,0.0,0.0,True,0.0005577703986813208,0.0,0
100000007867364100,peripheral,0.2,18,0.0,"обрыв обхода depth=4, out=0; in_deg=1 — не считаем terminal",4,False,1,0,41852.0,0.0,0.0,True,0.0004487382371459412,0.0,0
100000006288612100,peripheral,0.2,10,0.0,"обрыв обхода depth=4, out=0; in_deg=1 — не считаем terminal",4,False,1,0,30805.0,0.0,0.0,True,0.00029762424517468857,0.0,0
100000006735545100,peripheral,0.2,6,0.0,"обрыв обхода depth=4, out=0; in_deg=1 — не считаем terminal",4,False,1,0,5000.0,0.0,0.0,True,0.00029327171164947774,0.0,0
100000004403641100,peripheral,0.2,11,0.0,"обрыв обхода depth=4, out=0; in_deg=1 — не считаем terminal",4,False,1,0,171500.0,0.0,0.0,True,0.00030054941633056144,0.0,0
100000003370425100,peripheral,0.2,13,0.0,"обрыв обхода depth=4, out=0; in_deg=1 — не считаем terminal",4,False,1,0,20000.0,0.0,0.0,True,0.0006479504805603659,0.0,0
100000004350094100,peripheral,0.2,18,0.0,"обрыв обхода depth=4, out=0; in_deg=1 — не считаем terminal",4,False,1,0,20000.0,0.0,0.0,True,0.0008939457051040858,0.0,0
100000004911971100,peripheral,0.2,33,0.0,"обрыв обхода depth=4, out=0; in_deg=1 — не считаем terminal",4,False,1,0,35000.0,0.0,0.0,True,0.0002890471490667183,0.0,0
100000001202787100,peripheral,0.2,1,0.0,"обрыв обхода depth=4, out=0; in_deg=2 — не считаем terminal",4,False,2,0,14850.0,0.0,0.0,True,0.00035114494940795623,0.0,0
100000008469048100,peripheral,0.2,1,0.0,"обрыв обхода depth=4, out=0; in_deg=1 — не считаем terminal",4,False,1,0,265200.0,0.0,0.0,True,0.0005788057669614722,0.0,0
100000002635746100,peripheral,0.2,17,0.0,"обрыв обхода depth=4, out=0; in_deg=1 — не считаем terminal",4,False,1,0,5300.0,0.0,0.0,True,0.0002884055871845227,0.0,0
100000008321975100,peripheral,0.2,21,0.0,"обрыв обхода depth=4, out=0; in_deg=1 — не считаем terminal",4,False,1,0,5900.0,0.0,0.0,True,0.00030322854188756976,0.0,0
100000003078839100,peripheral,0.2,6,0.0,"обрыв обхода depth=4, out=0; in_deg=1 — не считаем terminal",4,False,1,0,14000.0,0.0,0.0,True,0.00031479267228486676,0.0,0
100000004006327100,peripheral,0.2,12,0.0,"обрыв обхода depth=4, out=0; in_deg=1 — не считаем terminal",4,False,1,0,300000.0,0.0,0.0,True,0.0005549673062458674,0.0,0
100000007865484100,peripheral,0.2,34,0.0,"обрыв обхода depth=4, out=0; in_deg=1 — не считаем terminal",4,False,1,0,584600.0,0.0,0.0,True,0.00036618616723092855,0.0,0
100000005367180100,peripheral,0.2,6,0.0,"обрыв обхода depth=4, out=0; in_deg=1 — не считаем terminal",4,False,1,0,7700.0,0.0,0.0,True,0.0007828047220453444,0.0,0
100000001669260100,peripheral,0.2,6,0.0,"обрыв обхода depth=4, out=0; in_deg=1 — не считаем terminal",4,False,1,0,500000.0,0.0,0.0,True,0.000560115378020432,0.0,0
100000001297206100,peripheral,0.2,1,0.0,"обрыв обхода depth=4, out=0; in_deg=1 — не считаем terminal",4,False,1,0,6758.0,0.0,0.0,True,0.0002985109724275807,0.0,0
100000002645046100,peripheral,0.2,17,0.0,"обрыв обхода depth=4, out=0; in_deg=1 — не считаем terminal",4,False,1,0,12000.0,0.0,0.0,True,0.0002919910896147962,0.0,0
100000006308406100,peripheral,0.2,21,0.0,"обрыв обхода depth=4, out=0; in_deg=1 — не считаем terminal",4,False,1,0,183000.0,0.0,0.0,True,0.0005393608128932448,0.0,0
100000002728246100,peripheral,0.2,4,0.0,"обрыв обхода depth=4, out=0; in_deg=1 — не считаем terminal",4,False,1,0,10000.0,0.0,0.0,True,0.000538639331392389,0.0,0
100000001590795100,peripheral,0.2,17,0.0,"обрыв обхода depth=4, out=0; in_deg=1 — не считаем terminal",4,False,1,0,5060.0,0.0,0.0,True,0.0002882771512765727,0.0,0
100000006257675100,peripheral,0.2,21,0.0,"обрыв обхода depth=4, out=0; in_deg=1 — не считаем terminal",4,False,1,0,70000.0,0.0,0.0,True,0.0003826480172080934,0.0,0
100000002130400100,peripheral,0.2,22,0.0,"обрыв обхода depth=4, out=0; in_deg=1 — не считаем terminal",4,False,1,0,10000.0,0.0,0.0,True,0.0003175458062360433,0.0,0
100000000557536100,peripheral,0.2,33,0.0,"обрыв обхода depth=4, out=0; in_deg=1 — не считаем terminal",4,False,1,0,153000.0,0.0,0.0,True,0.00030077248827335706,0.0,0
100000002689717100,peripheral,0.2,9,0.0,"обрыв обхода depth=4, out=0; in_deg=1 — не считаем terminal",4,False,1,0,47500.0,0.0,0.0,True,0.0003033499223442055,0.0,0
100000005189258100,peripheral,0.2,1,0.0,"обрыв обхода depth=4, out=0; in_deg=1 — не считаем terminal",4,False,1,0,50000.0,0.0,0.0,True,0.0003159764329458039,0.0,0
100000002748511100,peripheral,0.2,3,0.0,"обрыв обхода depth=4, out=0; in_deg=1 — не считаем terminal",4,False,1,0,20000.0,0.0,0.0,True,0.0005674892808776481,0.0,0
100000002371892100,peripheral,0.2,46,0.0,"обрыв обхода depth=4, out=0; in_deg=1 — не считаем terminal",4,False,1,0,43830.0,0.0,0.0,True,0.000306532620043797,0.0,0
100000008130868100,peripheral,0.2,11,0.0,"обрыв обхода depth=4, out=0; in_deg=1 — не считаем terminal",4,False,1,0,22782.0,0.0,0.0,True,0.00045160449766273354,0.0,0
100000007153161100,peripheral,0.2,1,0.0,"обрыв обхода depth=4, out=0; in_deg=1 — не считаем terminal",4,False,1,0,44997.0,0.0,0.0,True,0.0005309451743246849,0.0,0
100000002994441100,peripheral,0.2,6,0.0,"обрыв обхода depth=4, out=0; in_deg=1 — не считаем terminal",4,False,1,0,5000.0,0.0,0.0,True,0.0005532703163220683,0.0,0
100000001065481100,peripheral,0.2,13,0.0,"обрыв обхода depth=4, out=0; in_deg=1 — не считаем terminal",4,False,1,0,16000.0,0.0,0.0,True,0.00043226569249872257,0.0,0
100000007731977100,peripheral,0.2,2,0.0,"обрыв обхода depth=4, out=0; in_deg=1 — не считаем terminal",4,False,1,0,50000.0,0.0,0.0,True,0.00033677217551547454,0.0,0
100000003252446100,peripheral,0.2,12,0.0,"обрыв обхода depth=4, out=0; in_deg=1 — не считаем terminal",4,False,1,0,108600.0,0.0,0.0,True,0.0002999877307210371,0.0,0
100000002671326100,peripheral,0.2,12,0.0,"обрыв обхода depth=4, out=0; in_deg=1 — не считаем terminal",4,False,1,0,1050000.0,0.0,0.0,True,0.0006294451129335784,0.0,0
100000005087923100,peripheral,0.2,5,0.0,"обрыв обхода depth=4, out=0; in_deg=1 — не считаем terminal",4,False,1,0,20000.0,0.0,0.0,True,0.0004605791647030644,0.0,0
100000008770483100,peripheral,0.2,41,0.0,"обрыв обхода depth=4, out=0; in_deg=1 — не считаем terminal",4,False,1,0,5000.0,0.0,0.0,True,0.00028889205365381084,0.0,0
100000002748040100,peripheral,0.2,9,0.0,"обрыв обхода depth=4, out=0; in_deg=1 — не считаем terminal",4,False,1,0,18000.0,0.0,0.0,True,0.0002923072164548589,0.0,0
100000004800648100,peripheral,0.2,10,0.0,"обрыв обхода depth=4, out=0; in_deg=1 — не считаем terminal",4,False,1,0,131000.0,0.0,0.0,True,0.00033683365310120683,0.0,0
100000005025629100,peripheral,0.2,4,0.0,"обрыв обхода depth=4, out=0; in_deg=1 — не считаем terminal",4,False,1,0,5227.0,0.0,0.0,True,0.0003141510108848515,0.0,0
100000000581682100,peripheral,0.2,19,0.0,"обрыв обхода depth=4, out=0; in_deg=1 — не считаем terminal",4,False,1,0,5000.0,0.0,0.0,True,0.00029086218722334037,0.0,0
100000004976946100,peripheral,0.2,34,0.0,"обрыв обхода depth=4, out=0; in_deg=1 — не считаем terminal",4,False,1,0,246000.0,0.0,0.0,True,0.00031949291850972173,0.0,0
100000000957746100,peripheral,0.2,15,0.0,"обрыв обхода depth=4, out=0; in_deg=1 — не считаем terminal",4,False,1,0,5300.0,0.0,0.0,True,0.00034730735985062146,0.0,0
100000003001138100,peripheral,0.2,19,0.0,"обрыв обхода depth=4, out=0; in_deg=1 — не считаем terminal",4,False,1,0,30000.0,0.0,0.0,True,0.0003173266522535846,0.0,0
100000001325618100,peripheral,0.2,17,0.0,"обрыв обхода depth=4, out=0; in_deg=1 — не считаем terminal",4,False,1,0,9300.0,0.0,0.0,True,0.0002905461856503576,0.0,0
100000003792647100,peripheral,0.2,4,0.0,"обрыв обхода depth=4, out=0; in_deg=1 — не считаем terminal",4,False,1,0,8000.0,0.0,0.0,True,0.0004002731421119275,0.0,0
100000004107228100,peripheral,0.2,2,0.0,"обрыв обхода depth=4, out=0; in_deg=1 — не считаем terminal",4,False,1,0,5000.0,0.0,0.0,True,0.0002887085719064821,0.0,0
100000003500764100,peripheral,0.2,15,0.0,"обрыв обхода depth=4, out=0; in_deg=1 — не считаем terminal",4,False,1,0,21000.0,0.0,0.0,True,0.0005301918184248253,0.0,0
100000004261340100,peripheral,0.2,1,0.0,"обрыв обхода depth=4, out=0; in_deg=1 — не считаем terminal",4,False,1,0,48500.0,0.0,0.0,True,0.0003473850492015373,0.0,0
100000008172721100,peripheral,0.2,6,0.0,"обрыв обхода depth=4, out=0; in_deg=1 — не считаем terminal",4,False,1,0,168335.0,0.0,0.0,True,0.00039521609203523294,0.0,0
100000005079473100,peripheral,0.2,6,0.0,"обрыв обхода depth=4, out=0; in_deg=1 — не считаем terminal",4,False,1,0,39312.0,0.0,0.0,True,0.0003260059008859779,0.0,0
100000004850609100,peripheral,0.2,1,0.0,"обрыв обхода depth=4, out=0; in_deg=1 — не считаем terminal",4,False,1,0,10000.0,0.0,0.0,True,0.0003130294967403112,0.0,0
100000005042822100,peripheral,0.2,30,0.0,"обрыв обхода depth=4, out=0; in_deg=1 — не считаем terminal",4,False,1,0,1000000.0,0.0,0.0,True,0.0004526117356613837,0.0,0
100000002794374100,peripheral,0.2,41,0.0,"обрыв обхода depth=4, out=0; in_deg=1 — не считаем terminal",4,False,1,0,111000.0,0.0,0.0,True,0.0003637625168388333,0.0,0
100000002860934100,peripheral,0.2,19,0.0,"обрыв обхода depth=4, out=0; in_deg=1 — не считаем terminal",4,False,1,0,279500.0,0.0,0.0,True,0.000581442013255422,0.0,0
100000003097947100,peripheral,0.2,6,0.0,"обрыв обхода depth=4, out=0; in_deg=1 — не считаем terminal",4,False,1,0,52980.0,0.0,0.0,True,0.0003200783823355945,0.0,0
100000004260869100,peripheral,0.2,3,0.0,"обрыв обхода depth=4, out=0; in_deg=1 — не считаем terminal",4,False,1,0,10000.0,0.0,0.0,True,0.0008422084803364159,0.0,0
100000008762885100,peripheral,0.2,7,0.0,"обрыв обхода depth=4, out=0; in_deg=1 — не считаем terminal",4,False,1,0,7000.0,0.0,0.0,True,0.00028726371311378135,0.0,0
100000002986245100,peripheral,0.2,17,0.0,"обрыв обхода depth=4, out=0; in_deg=1 — не считаем terminal",4,False,1,0,5750.0,0.0,0.0,True,0.00028864640451192915,0.0,0
100000001471706100,peripheral,0.2,20,0.0,"обрыв обхода depth=4, out=0; in_deg=1 — не считаем terminal",4,False,1,0,377000.0,0.0,0.0,True,0.0005401265380892365,0.0,0
100000002304943100,peripheral,0.2,21,0.0,"обрыв обхода depth=4, out=0; in_deg=1 — не считаем terminal",4,False,1,0,15000.0,0.0,0.0,True,0.0003063718777153205,0.0,0
100000002695812100,peripheral,0.2,9,0.0,"обрыв обхода depth=4, out=0; in_deg=1 — не считаем terminal",4,False,1,0,95000.0,0.0,0.0,True,0.0003211305504711195,0.0,0
100000008761220100,peripheral,0.2,7,0.0,"обрыв обхода depth=4, out=0; in_deg=1 — не считаем terminal",4,False,1,0,10000.0,0.0,0.0,True,0.0002868848713875859,0.0,0
100000004890713100,peripheral,0.2,9,0.0,"обрыв обхода depth=4, out=0; in_deg=1 — не считаем terminal",4,False,1,0,40485.0,0.0,0.0,True,0.0003007240043166203,0.0,0
100000003083865100,peripheral,0.2,9,0.0,"обрыв обхода depth=4, out=0; in_deg=1 — не считаем terminal",4,False,1,0,15000.0,0.0,0.0,True,0.0002911842294152644,0.0,0
100000004030553100,peripheral,0.2,6,0.0,"обрыв обхода depth=4, out=0; in_deg=1 — не считаем terminal",4,False,1,0,70000.0,0.0,0.0,True,0.0005308297210537961,0.0,0
100000002653187100,peripheral,0.2,10,0.0,"обрыв обхода depth=4, out=0; in_deg=1 — не считаем terminal",4,False,1,0,15000.0,0.0,0.0,True,0.00047327891401503476,0.0,0
100000006412162100,peripheral,0.2,17,0.0,"обрыв обхода depth=4, out=0; in_deg=1 — не считаем terminal",4,False,1,0,15000.0,0.0,0.0,True,0.0002935965384641723,0.0,0
100000004674178100,peripheral,0.2,27,0.0,"обрыв обхода depth=4, out=0; in_deg=1 — не считаем terminal",4,False,1,0,20000.0,0.0,0.0,True,0.0003027434418086247,0.0,0
100000004070530100,peripheral,0.2,37,0.0,"обрыв обхода depth=4, out=0; in_deg=1 — не считаем terminal",4,False,1,0,20000.0,0.0,0.0,True,0.0002871990932001901,0.0,0
100000006706519100,peripheral,0.2,1,0.0,"обрыв обхода depth=4, out=0; in_deg=1 — не считаем terminal",4,False,1,0,36000.0,0.0,0.0,True,0.0003907109210365776,0.0,0
100000005636951100,peripheral,0.2,5,0.0,"обрыв обхода depth=4, out=0; in_deg=1 — не считаем terminal",4,False,1,0,40000.0,0.0,0.0,True,0.0006355890351888373,0.0,0
100000003040087100,peripheral,0.2,9,0.0,"обрыв обхода depth=4, out=0; in_deg=1 — не считаем terminal",4,False,1,0,29000.0,0.0,0.0,True,0.000296424835600039,0.0,0
100000008766764100,peripheral,0.2,7,0.0,"обрыв обхода depth=4, out=0; in_deg=1 — не считаем terminal",4,False,1,0,5000.0,0.0,0.0,True,0.0002862270828024387,0.0,0
100000000299820100,peripheral,0.2,6,0.0,"обрыв обхода depth=4, out=0; in_deg=1 — не считаем terminal",4,False,1,0,10000.0,0.0,0.0,True,0.00045016203522434464,0.0,0
100000008349740100,peripheral,0.2,33,0.0,"обрыв обхода depth=4, out=0; in_deg=1 — не считаем terminal",4,False,1,0,70000.0,0.0,0.0,True,0.00029252500391614505,0.0,0
100000008761132100,peripheral,0.2,7,0.0,"обрыв обхода depth=4, out=0; in_deg=1 — не считаем terminal",4,False,1,0,10000.0,0.0,0.0,True,0.0002868848713875859,0.0,0
100000002540033100,peripheral,0.2,16,0.0,"обрыв обхода depth=4, out=0; in_deg=1 — не считаем terminal",4,False,1,0,10000.0,0.0,0.0,True,0.0005960851621180818,0.0,0
100000001845505100,peripheral,0.2,6,0.0,"обрыв обхода depth=4, out=0; in_deg=1 — не считаем terminal",4,False,1,0,20000.0,0.0,0.0,True,0.0005923838494805288,0.0,0
100000003782913100,peripheral,0.2,14,0.0,"обрыв обхода depth=4, out=0; in_deg=1 — не считаем terminal",4,False,1,0,200000.0,0.0,0.0,True,0.0002993965636065493,0.0,0
100000008778753100,peripheral,0.2,27,0.0,"обрыв обхода depth=4, out=0; in_deg=1 — не считаем terminal",4,False,1,0,10000.0,0.0,0.0,True,0.0002941563680129581,0.0,0
100000008710913100,peripheral,0.2,7,0.0,"обрыв обхода depth=4, out=0; in_deg=1 — не считаем terminal",4,False,1,0,14000.0,0.0,0.0,True,0.0002881109747996285,0.0,0
100000005495211100,peripheral,0.2,1,0.0,"обрыв обхода depth=4, out=0; in_deg=1 — не считаем terminal",4,False,1,0,14500.0,0.0,0.0,True,0.0005599644833584317,0.0,0
100000004013952100,peripheral,0.2,1,0.0,"обрыв обхода depth=4, out=0; in_deg=1 — не считаем terminal",4,False,1,0,5500.0,0.0,0.0,True,0.0005331412160251223,0.0,0
100000007330432100,peripheral,0.2,46,0.0,"обрыв обхода depth=4, out=0; in_deg=1 — не считаем terminal",4,False,1,0,584900.0,0.0,0.0,True,0.000538175993067431,0.0,0
100000000737152100,peripheral,0.2,1,0.0,"обрыв обхода depth=4, out=0; in_deg=1 — не считаем terminal",4,False,1,0,35000.0,0.0,0.0,True,0.0003445071691804124,0.0,0
100000004674389100,peripheral,0.2,8,0.0,"обрыв обхода depth=4, out=0; in_deg=1 — не считаем terminal",4,False,1,0,15000.0,0.0,0.0,True,0.0003520253352644261,0.0,0
100000002529877100,peripheral,0.2,11,0.0,"обрыв обхода depth=4, out=0; in_deg=1 — не считаем terminal",4,False,1,0,232000.0,0.0,0.0,True,0.0003058339492043389,0.0,0
100000004035925100,peripheral,0.2,62,0.0,"обрыв обхода depth=4, out=0; in_deg=1 — не считаем terminal",4,False,1,0,1111588.0,0.0,0.0,True,0.0004624126239356543,0.0,0
100000002188586100,peripheral,0.2,9,0.0,"обрыв обхода depth=4, out=0; in_deg=1 — не считаем terminal",4,False,1,0,38310.0,0.0,0.0,True,0.00029990983871291423,0.0,0
100000008050986100,peripheral,0.2,4,0.0,"обрыв обхода depth=4, out=0; in_deg=1 — не считаем terminal",4,False,1,0,95000.0,0.0,0.0,True,0.00031180831574760786,0.0,0
100000004777215100,peripheral,0.2,21,0.0,"обрыв обхода depth=4, out=0; in_deg=1 — не считаем terminal",4,False,1,0,60000.0,0.0,0.0,True,0.00046515486374554466,0.0,0
100000000926078100,peripheral,0.2,6,0.0,"обрыв обхода depth=4, out=0; in_deg=1 — не считаем terminal",4,False,1,0,250000.0,0.0,0.0,True,0.000516563589986261,0.0,0
100000003486846100,peripheral,0.2,3,0.0,"обрыв обхода depth=4, out=0; in_deg=1 — не считаем terminal",4,False,1,0,27000.0,0.0,0.0,True,0.0005311359663531792,0.0,0
100000002516862100,peripheral,0.2,55,0.0,"обрыв обхода depth=4, out=0; in_deg=1 — не считаем terminal",4,False,1,0,81710.0,0.0,0.0,True,0.00034943970609758947,0.0,0
100000008730238100,peripheral,0.2,12,0.0,"обрыв обхода depth=4, out=0; in_deg=1 — не считаем terminal",4,False,1,0,113000.0,0.0,0.0,True,0.0005632359245676697,0.0,0
100000000803368100,peripheral,0.2,14,0.0,"обрыв обхода depth=4, out=0; in_deg=1 — не считаем terminal",4,False,1,0,139503.0,0.0,0.0,True,0.0005481144591336177,0.0,0
100000002528978100,peripheral,0.2,9,0.0,"обрыв обхода depth=4, out=0; in_deg=1 — не считаем terminal",4,False,1,0,15900.0,0.0,0.0,True,0.00029152112552714276,0.0,0
100000002597074100,peripheral,0.2,1,0.0,"обрыв обхода depth=4, out=0; in_deg=1 — не считаем terminal",4,False,1,0,8000.0,0.0,0.0,True,0.0003104283235888249,0.0,0
100000003631015100,peripheral,0.2,34,0.0,"обрыв обхода depth=4, out=0; in_deg=1 — не считаем terminal",4,False,1,0,266000.0,0.0,0.0,True,0.00032225093674487866,0.0,0
100000008255655100,peripheral,0.2,15,0.0,"обрыв обхода depth=4, out=0; in_deg=1 — не считаем terminal",4,False,1,0,5400.0,0.0,0.0,True,0.0005311928331096015,0.0,0
100000004265639100,peripheral,0.2,6,0.0,"обрыв обхода depth=4, out=0; in_deg=1 — не считаем terminal",4,False,1,0,10000.0,0.0,0.0,True,0.0005523205956514887,0.0,0
100000002726055100,peripheral,0.2,21,0.0,"обрыв обхода depth=4, out=0; in_deg=1 — не считаем terminal",4,False,1,0,10000.0,0.0,0.0,True,0.0003400148573393069,0.0,0
100000003696422100,peripheral,0.2,30,0.0,"обрыв обхода depth=4, out=0; in_deg=1 — не считаем terminal",4,False,1,0,118000.0,0.0,0.0,True,0.0007085171420194989,0.0,0
100000007745062100,peripheral,0.2,10,0.0,"обрыв обхода depth=4, out=0; in_deg=1 — не считаем terminal",4,False,1,0,100000.0,0.0,0.0,True,0.0006252799425245726,0.0,0
100000005041147100,peripheral,0.2,1,0.0,"обрыв обхода depth=4, out=0; in_deg=1 — не считаем terminal",4,False,1,0,10000.0,0.0,0.0,True,0.0005337622626216151,0.0,0
100000003819173100,peripheral,0.2,6,0.0,"обрыв обхода depth=4, out=0; in_deg=1 — не считаем terminal",4,False,1,0,143777.0,0.0,0.0,True,0.0002952095652767,0.0,0
100000001275557100,peripheral,0.2,23,0.0,"обрыв обхода depth=4, out=0; in_deg=1 — не считаем terminal",4,False,1,0,20000.0,0.0,0.0,True,0.0003475117995580232,0.0,0
100000002706810100,peripheral,0.2,17,0.0,"обрыв обхода depth=4, out=0; in_deg=1 — не считаем terminal",4,False,1,0,45000.0,0.0,0.0,True,0.00030965102695793386,0.0,0
100000002896506100,peripheral,0.2,4,0.0,"обрыв обхода depth=4, out=0; in_deg=1 — не считаем terminal",4,False,1,0,45000.0,0.0,0.0,True,0.0003136296448083378,0.0,0
100000008766031100,peripheral,0.2,7,0.0,"обрыв обхода depth=4, out=0; in_deg=1 — не считаем terminal",4,False,1,0,5000.0,0.0,0.0,True,0.00028647703728241185,0.0,0
100000008758607100,peripheral,0.2,7,0.0,"обрыв обхода depth=4, out=0; in_deg=1 — не считаем terminal",4,False,1,0,5000.0,0.0,0.0,True,0.0002862270828024387,0.0,0
100000008648783100,peripheral,0.2,17,0.0,"обрыв обхода depth=4, out=0; in_deg=1 — не считаем terminal",4,False,1,0,5200.0,0.0,0.0,True,0.00028835207222287684,0.0,0
100000004291663100,peripheral,0.2,2,0.0,"обрыв обхода depth=4, out=0; in_deg=1 — не считаем terminal",4,False,1,0,25000.0,0.0,0.0,True,0.000311170734866383,0.0,0
100000003037476100,peripheral,0.2,7,0.0,"обрыв обхода depth=4, out=0; in_deg=3 — не считаем terminal",4,False,3,0,555000.0,0.0,0.0,True,0.00035935405632803137,0.0,0
100000008715513100,peripheral,0.2,17,0.0,"обрыв обхода depth=4, out=0; in_deg=1 — не считаем terminal",4,False,1,0,32500.0,0.0,0.0,True,0.0003029616567521999,0.0,0
100000001276409100,peripheral,0.2,9,0.0,"обрыв обхода depth=4, out=0; in_deg=1 — не считаем terminal",4,False,1,0,94760.0,0.0,0.0,True,0.000321040711507952,0.0,0
100000003232675100,peripheral,0.2,13,0.0,"обрыв обхода depth=4, out=0; in_deg=1 — не считаем terminal",4,False,1,0,44000.0,0.0,0.0,True,0.0004010445366048787,0.0,0
100000007988344100,peripheral,0.2,1,0.0,"обрыв обхода depth=4, out=0; in_deg=1 — не считаем terminal",4,False,1,0,20000.0,0.0,0.0,True,0.0003874576414894593,0.0,0
100000003047800100,peripheral,0.2,11,0.0,"обрыв обхода depth=4, out=0; in_deg=1 — не считаем terminal",4,False,1,0,12212.0,0.0,0.0,True,0.0003745703434875811,0.0,0
100000003230328100,peripheral,0.2,2,0.0,"обрыв обхода depth=4, out=0; in_deg=3 — не считаем terminal",4,False,3,0,26572.0,0.0,0.0,True,0.00035168013741866216,0.0,0
100000002702968100,peripheral,0.2,9,0.0,"обрыв обхода depth=4, out=0; in_deg=1 — не считаем terminal",4,False,1,0,31600.0,0.0,0.0,True,0.0002973980910343543,0.0,0
100000004788983100,peripheral,0.2,1,0.0,"обрыв обхода depth=4, out=0; in_deg=1 — не считаем terminal",4,False,1,0,27000.0,0.0,0.0,True,0.00036946851834621677,0.0,0
100000006490615100,peripheral,0.2,13,0.0,"обрыв обхода depth=4, out=0; in_deg=1 — не считаем terminal",4,False,1,0,41600.0,0.0,0.0,True,0.00039474588702010125,0.0,0
100000008745676100,peripheral,0.2,0,0.0,"обрыв обхода depth=4, out=0; in_deg=1 — не считаем terminal",4,False,1,0,34547.0,0.0,0.0,True,0.0005303236661827141,0.0,0
100000001598625100,peripheral,0.2,6,0.0,"обрыв обхода depth=4, out=0; in_deg=1 — не считаем terminal",4,False,1,0,25000.0,0.0,0.0,True,0.00042888184355224855,0.0,0
100000008461217100,peripheral,0.2,48,0.0,"обрыв обхода depth=4, out=0; in_deg=1 — не считаем terminal",4,False,1,0,18000.0,0.0,0.0,True,0.0005455897895490733,0.0,0
100000005711521100,peripheral,0.2,13,0.0,"обрыв обхода depth=4, out=0; in_deg=1 — не считаем terminal",4,False,1,0,238000.0,0.0,0.0,True,0.0005338432844113289,0.0,0
100000002713974100,peripheral,0.2,6,0.0,"обрыв обхода depth=4, out=0; in_deg=1 — не считаем terminal",4,False,1,0,50000.0,0.0,0.0,True,0.0003299501883700881,0.0,0
100000005272139100,peripheral,0.2,3,0.0,"обрыв обхода depth=4, out=0; in_deg=1 — не считаем terminal",4,False,1,0,165000.0,0.0,0.0,True,0.0007555290963517893,0.0,0
100000002968096100,peripheral,0.2,6,0.0,"обрыв обхода depth=4, out=0; in_deg=1 — не считаем terminal",4,False,1,0,70000.0,0.0,0.0,True,0.0003194824114349246,0.0,0
100000004449824100,peripheral,0.2,17,0.0,"обрыв обхода depth=4, out=0; in_deg=1 — не считаем terminal",4,False,1,0,9000.0,0.0,0.0,True,0.00029038564076542,0.0,0
100000004502048100,peripheral,0.2,18,0.0,"обрыв обхода depth=4, out=0; in_deg=1 — не считаем terminal",4,False,1,0,13888.0,0.0,0.0,True,0.00033971462250251294,0.0,0
100000002660298100,peripheral,0.2,9,0.0,"обрыв обхода depth=4, out=0; in_deg=1 — не считаем terminal",4,False,1,0,30900.0,0.0,0.0,True,0.0002971360607251156,0.0,0
100000001299828100,peripheral,0.2,1,0.0,"обрыв обхода depth=4, out=0; in_deg=1 — не считаем terminal",4,False,1,0,100000.0,0.0,0.0,True,0.0005472629597932595,0.0,0
100000000581662100,peripheral,0.2,11,0.0,"обрыв обхода depth=4, out=0; in_deg=1 — не считаем terminal",4,False,1,0,21160.0,0.0,0.0,True,0.0003029166285306628,0.0,0
100000001249054100,peripheral,0.2,9,0.0,"обрыв обхода depth=4, out=0; in_deg=1 — не считаем terminal",4,False,1,0,17375.0,0.0,0.0,True,0.0002920732608216101,0.0,0
100000008759795100,peripheral,0.2,17,0.0,"обрыв обхода depth=4, out=0; in_deg=1 — не считаем terminal",4,False,1,0,17000.0,0.0,0.0,True,0.00029466683769708977,0.0,0
100000001299443100,peripheral,0.2,17,0.0,"обрыв обхода depth=4, out=0; in_deg=1 — не считаем terminal",4,False,1,0,8000.0,0.0,0.0,True,0.00028985049114896126,0.0,0
100000007997939100,peripheral,0.2,7,0.0,"обрыв обхода depth=4, out=0; in_deg=1 — не считаем terminal",4,False,1,0,13000.0,0.0,0.0,True,0.0003579630834798832,0.0,0
100000003470579100,peripheral,0.2,26,0.0,"обрыв обхода depth=4, out=0; in_deg=1 — не считаем terminal",4,False,1,0,357000.0,0.0,0.0,True,0.0005685326159317407,0.0,0
100000008649416100,peripheral,0.2,15,0.0,"обрыв обхода depth=4, out=0; in_deg=1 — не считаем terminal",4,False,1,0,5000.0,0.0,0.0,True,0.0005337267176293691,0.0,0
100000008183752100,peripheral,0.2,16,0.0,"обрыв обхода depth=4, out=0; in_deg=1 — не считаем terminal",4,False,1,0,140000.0,0.0,0.0,True,0.0005301890395310145,0.0,0
100000003950749100,peripheral,0.2,3,0.0,"обрыв обхода depth=4, out=0; in_deg=1 — не считаем terminal",4,False,1,0,7000.0,0.0,0.0,True,0.0003842412895484163,0.0,0
100000005979037100,peripheral,0.2,6,0.0,"обрыв обхода depth=4, out=0; in_deg=1 — не считаем terminal",4,False,1,0,60300.0,0.0,0.0,True,0.00032484634241536006,0.0,0
100000008734279100,peripheral,0.2,6,0.0,"обрыв обхода depth=4, out=0; in_deg=1 — не считаем terminal",4,False,1,0,31650.0,0.0,0.0,True,0.00030133294456934605,0.0,0
100000005589319100,peripheral,0.2,2,0.0,"обрыв обхода depth=4, out=0; in_deg=1 — не считаем terminal",4,False,1,0,26000.0,0.0,0.0,True,0.0003099555741513955,0.0,0
100000003626268100,peripheral,0.2,6,0.0,"обрыв обхода depth=4, out=0; in_deg=1 — не считаем terminal",4,False,1,0,5000.0,0.0,0.0,True,0.0005308903791336692,0.0,0
100000001220124100,peripheral,0.2,6,0.0,"обрыв обхода depth=4, out=0; in_deg=1 — не считаем terminal",4,False,1,0,40000.0,0.0,0.0,True,0.0005395565851958813,0.0,0
100000003904497100,peripheral,0.2,7,0.0,"обрыв обхода depth=4, out=0; in_deg=1 — не считаем terminal",4,False,1,0,10000.0,0.0,0.0,True,0.0003412568244192851,0.0,0
100000001270470100,peripheral,0.2,1,0.0,"обрыв обхода depth=4, out=0; in_deg=1 — не считаем terminal",4,False,1,0,28300.0,0.0,0.0,True,0.0004297413056074089,0.0,0
100000003091142100,peripheral,0.2,1,0.0,"обрыв обхода depth=4, out=0; in_deg=1 — не считаем terminal",4,False,1,0,40000.0,0.0,0.0,True,0.00040986444107495853,0.0,0
100000001053894100,peripheral,0.2,37,0.0,"обрыв обхода depth=4, out=0; in_deg=1 — не считаем terminal",4,False,1,0,2000000.0,0.0,0.0,True,0.0004485491925071496,0.0,0
100000004722630100,peripheral,0.2,49,0.0,"обрыв обхода depth=4, out=0; in_deg=1 — не считаем terminal",4,False,1,0,340000.0,0.0,0.0,True,0.0004921869960127072,0.0,0
100000004655046100,peripheral,0.2,9,0.0,"обрыв обхода depth=4, out=0; in_deg=1 — не считаем terminal",4,False,1,0,24000.0,0.0,0.0,True,0.0005575082914139787,0.0,0
100000004019056100,peripheral,0.2,13,0.0,"обрыв обхода depth=4, out=0; in_deg=1 — не считаем terminal",4,False,1,0,50000.0,0.0,0.0,True,0.0005409213827074585,0.0,0
100000008071749100,peripheral,0.2,9,0.0,"обрыв обхода depth=4, out=0; in_deg=1 — не считаем terminal",4,False,1,0,24943.0,0.0,0.0,True,0.000294906182793494,0.0,0
100000008221765100,peripheral,0.2,4,0.0,"обрыв обхода depth=4, out=0; in_deg=1 — не считаем terminal",4,False,1,0,156354.0,0.0,0.0,True,0.0005404417175185727,0.0,0
100000008778010100,peripheral,0.2,0,0.0,"обрыв обхода depth=4, out=0; in_deg=1 — не считаем terminal",4,False,1,0,76950.0,0.0,0.0,True,0.0005296426486872772,0.0,0
100000004584730100,peripheral,0.2,44,0.0,"обрыв обхода depth=4, out=0; in_deg=1 — не считаем terminal",4,False,1,0,47000.0,0.0,0.0,True,0.00030383982641037403,0.0,0
100000004797167100,peripheral,0.2,6,0.0,"обрыв обхода depth=4, out=0; in_deg=1 — не считаем terminal",4,False,1,0,31000.0,0.0,0.0,True,0.0005516247027029554,0.0,0
100000005010159100,peripheral,0.2,6,0.0,"обрыв обхода depth=4, out=0; in_deg=1 — не считаем terminal",4,False,1,0,7092.0,0.0,0.0,True,0.000614368456825926,0.0,0
100000003025903100,peripheral,0.2,4,0.0,"обрыв обхода depth=4, out=0; in_deg=1 — не считаем terminal",4,False,1,0,386300.0,0.0,0.0,True,0.000526451814957762,0.0,0
100000003005167100,peripheral,0.2,17,0.0,"обрыв обхода depth=4, out=0; in_deg=1 — не считаем terminal",4,False,1,0,7000.0,0.0,0.0,True,0.0002893153415325026,0.0,0
100000002214383100,peripheral,0.2,0,0.0,"обрыв обхода depth=4, out=0; in_deg=1 — не считаем terminal",4,False,1,0,213000.0,0.0,0.0,True,0.0005308718022156265,0.0,0
100000004800452100,peripheral,0.2,4,0.0,"обрыв обхода depth=4, out=0; in_deg=1 — не считаем terminal",4,False,1,0,6544.53,0.0,0.0,True,0.0006079797659745999,0.0,0
100000006903193100,peripheral,0.2,6,0.0,"обрыв обхода depth=4, out=0; in_deg=1 — не считаем terminal",4,False,1,0,9000.0,0.0,0.0,True,0.0003016045268852544,0.0,0
100000007811950100,peripheral,0.2,27,0.0,"обрыв обхода depth=4, out=0; in_deg=1 — не считаем terminal",4,False,1,0,50000.0,0.0,0.0,True,0.0005462285400719744,0.0,0
100000000375150100,peripheral,0.2,13,0.0,"обрыв обхода depth=4, out=0; in_deg=1 — не считаем terminal",4,False,1,0,300000.0,0.0,0.0,True,0.0007463802351751584,0.0,0
100000008775747100,peripheral,0.2,7,0.0,"обрыв обхода depth=4, out=0; in_deg=1 — не считаем terminal",4,False,1,0,5000.0,0.0,0.0,True,0.0002862270828024387,0.0,0
100000006689603100,peripheral,0.2,6,0.0,"обрыв обхода depth=4, out=0; in_deg=1 — не считаем terminal",4,False,1,0,400000.0,0.0,0.0,True,0.00031238935878786524,0.0,0
100000005075949100,peripheral,0.2,43,0.0,"обрыв обхода depth=4, out=0; in_deg=1 — не считаем terminal",4,False,1,0,2226000.0,0.0,0.0,True,0.0007679113857379723,0.0,0
100000003985389100,peripheral,0.2,6,0.0,"обрыв обхода depth=4, out=0; in_deg=1 — не считаем terminal",4,False,1,0,422698.0,0.0,0.0,True,0.0004903551059552782,0.0,0
100000002478829100,peripheral,0.2,21,0.0,"обрыв обхода depth=4, out=0; in_deg=1 — не считаем terminal",4,False,1,0,34000.0,0.0,0.0,True,0.0003873344502833016,0.0,0
100000003125997100,peripheral,0.2,12,0.0,"обрыв обхода depth=4, out=0; in_deg=1 — не считаем terminal",4,False,1,0,87750.0,0.0,0.0,True,0.0005483720399494529,0.0,0
100000003214786100,peripheral,0.2,1,0.0,"обрыв обхода depth=4, out=0; in_deg=1 — не считаем terminal",4,False,1,0,5000.0,0.0,0.0,True,0.0004202819541446905,0.0,0
100000008308418100,peripheral,0.2,1,0.0,"обрыв обхода depth=4, out=0; in_deg=1 — не считаем terminal",4,False,1,0,50000.0,0.0,0.0,True,0.0004315993314662999,0.0,0
100000008619159100,peripheral,0.2,62,0.0,"обрыв обхода depth=4, out=0; in_deg=1 — не считаем terminal",4,False,1,0,446400.0,0.0,0.0,True,0.0003565873893984892,0.0,0
100000004418967100,peripheral,0.2,12,0.0,"обрыв обхода depth=4, out=0; in_deg=1 — не считаем terminal",4,False,1,0,100000.0,0.0,0.0,True,0.000453474808952558,0.0,0
100000003173783100,peripheral,0.2,28,0.0,"обрыв обхода depth=4, out=0; in_deg=1 — не считаем terminal",4,False,1,0,23500.0,0.0,0.0,True,0.0003468224290716637,0.0,0
100000002242455100,peripheral,0.2,4,0.0,"обрыв обхода depth=4, out=0; in_deg=1 — не считаем terminal",4,False,1,0,110000.0,0.0,0.0,True,0.0005321740677312227,0.0,0
100000004848236100,peripheral,0.2,1,0.0,"обрыв обхода depth=4, out=0; in_deg=1 — не считаем terminal",4,False,1,0,7500.0,0.0,0.0,True,0.00030887463425310414,0.0,0
100000004674412100,peripheral,0.2,8,0.0,"обрыв обхода depth=4, out=0; in_deg=1 — не считаем terminal",4,False,1,0,46000.0,0.0,0.0,True,0.000489367820095171,0.0,0
100000007071852100,peripheral,0.2,6,0.0,"обрыв обхода depth=4, out=0; in_deg=1 — не считаем terminal",4,False,1,0,195000.0,0.0,0.0,True,0.00044351479276962344,0.0,0
100000001498732100,peripheral,0.2,50,0.0,"обрыв обхода depth=4, out=0; in_deg=1 — не считаем terminal",4,False,1,0,5500.0,0.0,0.0,True,0.00028940960982358184,0.0,0
100000000627521100,peripheral,0.2,37,0.0,"обрыв обхода depth=4, out=0; in_deg=1 — не считаем terminal",4,False,1,0,6500.0,0.0,0.0,True,0.0002860989788867336,0.0,0
100000003105089100,peripheral,0.2,21,0.0,"обрыв обхода depth=4, out=0; in_deg=1 — не считаем terminal",4,False,1,0,10000.0,0.0,0.0,True,0.0002994376832159775,0.0,0
100000003166017100,peripheral,0.2,9,0.0,"обрыв обхода depth=4, out=0; in_deg=1 — не считаем terminal",4,False,1,0,15000.0,0.0,0.0,True,0.0002911842294152644,0.0,0
100000002506987100,peripheral,0.2,9,0.0,"обрыв обхода depth=4, out=0; in_deg=1 — не считаем terminal",4,False,1,0,28200.0,0.0,0.0,True,0.0002961253723894805,0.0,0
100000005767403100,peripheral,0.2,19,0.0,"обрыв обхода depth=4, out=0; in_deg=1 — не считаем terminal",4,False,1,0,1100000.0,0.0,0.0,True,0.0010818599457011432,0.0,0
100000005553088100,peripheral,0.2,6,0.0,"обрыв обхода depth=4, out=0; in_deg=1 — не считаем terminal",4,False,1,0,17500.0,0.0,0.0,True,0.0002942853726110025,0.0,0
100000003632533100,peripheral,0.2,4,0.0,"обрыв обхода depth=4, out=0; in_deg=1 — не считаем terminal",4,False,1,0,10000.0,0.0,0.0,True,0.00042894910408558653,0.0,0
100000008762005100,peripheral,0.2,7,0.0,"обрыв обхода depth=4, out=0; in_deg=1 — не считаем terminal",4,False,1,0,5000.0,0.0,0.0,True,0.00028677959342906996,0.0,0
100000002214207100,peripheral,0.2,22,0.0,"обрыв обхода depth=4, out=0; in_deg=1 — не считаем terminal",4,False,1,0,97000.0,0.0,0.0,True,0.0006906066279546793,0.0,0
100000003180820100,peripheral,0.2,7,0.0,"обрыв обхода depth=4, out=0; in_deg=1 — не считаем terminal",4,False,1,0,101000.0,0.0,0.0,True,0.0002988566236372647,0.0,0
100000003786516100,peripheral,0.2,1,0.0,"обрыв обхода depth=4, out=0; in_deg=1 — не считаем terminal",4,False,1,0,5000.0,0.0,0.0,True,0.00029315964798120404,0.0,0
100000005226217100,peripheral,0.2,7,0.0,"обрыв обхода depth=4, out=0; in_deg=1 — не считаем terminal",4,False,1,0,17500.0,0.0,0.0,True,0.00038302247207078026,0.0,0
100000001533161100,peripheral,0.2,44,0.0,"обрыв обхода depth=4, out=0; in_deg=1 — не считаем terminal",4,False,1,0,100000.0,0.0,0.0,True,0.0003244427669685309,0.0,0
100000007034089100,peripheral,0.2,7,0.0,"обрыв обхода depth=4, out=0; in_deg=2 — не считаем terminal",4,False,2,0,198000.0,0.0,0.0,True,0.00032111599242810006,0.0,0
100000008336318100,peripheral,0.2,7,0.0,"обрыв обхода depth=4, out=0; in_deg=1 — не считаем terminal",4,False,1,0,170000.0,0.0,0.0,True,0.00032671946741775907,0.0,0
100000005370558100,peripheral,0.2,1,0.0,"обрыв обхода depth=4, out=0; in_deg=1 — не считаем terminal",4,False,1,0,5000.0,0.0,0.0,True,0.0002992993954788014,0.0,0
100000002729875100,peripheral,0.2,9,0.0,"обрыв обхода depth=4, out=0; in_deg=1 — не считаем terminal",4,False,1,0,76000.0,0.0,0.0,True,0.00031401829922035395,0.0,0
100000006512787100,peripheral,0.2,1,0.0,"обрыв обхода depth=4, out=0; in_deg=1 — не считаем terminal",4,False,1,0,20000.0,0.0,0.0,True,0.0005300461906110889,0.0,0
100000003186579100,peripheral,0.2,6,0.0,"обрыв обхода depth=4, out=0; in_deg=1 — не считаем terminal",4,False,1,0,110000.0,0.0,0.0,True,0.0005151815504625255,0.0,0
100000004472936100,peripheral,0.2,13,0.0,"обрыв обхода depth=4, out=0; in_deg=1 — не считаем terminal",4,False,1,0,5000.0,0.0,0.0,True,0.0005318955309395112,0.0,0
100000002231144100,peripheral,0.2,21,0.0,"обрыв обхода depth=4, out=0; in_deg=1 — не считаем terminal",4,False,1,0,15000.0,0.0,0.0,True,0.0003672376389003147,0.0,0
100000002505277100,peripheral,0.2,61,0.0,"обрыв обхода depth=4, out=0; in_deg=1 — не считаем terminal",4,False,1,0,60000.0,0.0,0.0,True,0.0004076531172154517,0.0,0
100000003177533100,peripheral,0.2,6,0.0,"обрыв обхода depth=4, out=0; in_deg=1 — не считаем terminal",4,False,1,0,20000.0,0.0,0.0,True,0.00033819737698219095,0.0,0
100000005888829100,peripheral,0.2,7,0.0,"обрыв обхода depth=4, out=0; in_deg=1 — не считаем terminal",4,False,1,0,197000.0,0.0,0.0,True,0.0003114861644720907,0.0,0
100000002242066100,peripheral,0.2,31,0.0,"обрыв обхода depth=4, out=0; in_deg=1 — не считаем terminal",4,False,1,0,60000.0,0.0,0.0,True,0.0005337841025658824,0.0,0
100000008027922100,peripheral,0.2,23,0.0,"обрыв обхода depth=4, out=0; in_deg=1 — не считаем terminal",4,False,1,0,70000.0,0.0,0.0,True,0.0005023680629098523,0.0,0
100000002686226100,peripheral,0.2,15,0.0,"обрыв обхода depth=4, out=0; in_deg=1 — не считаем terminal",4,False,1,0,430000.0,0.0,0.0,True,0.0006546162523072494,0.0,0
100000001065234100,peripheral,0.2,57,0.0,"обрыв обхода depth=4, out=0; in_deg=1 — не считаем terminal",4,False,1,0,360000.0,0.0,0.0,True,0.0005486947871235923,0.0,0
100000000424935100,peripheral,0.2,19,0.0,"обрыв обхода depth=4, out=0; in_deg=1 — не считаем terminal",4,False,1,0,15000.0,0.0,0.0,True,0.00030144797323543803,0.0,0
100000005723580100,peripheral,0.2,12,0.0,"обрыв обхода depth=4, out=0; in_deg=1 — не считаем terminal",4,False,1,0,35000.0,0.0,0.0,True,0.0003443362243746348,0.0,0
100000000704700100,peripheral,0.2,24,0.0,"обрыв обхода depth=4, out=0; in_deg=1 — не считаем terminal",4,False,1,0,10000.0,0.0,0.0,True,0.000533255171856774,0.0,0
100000005293969100,peripheral,0.2,1,0.0,"обрыв обхода depth=4, out=0; in_deg=1 — не считаем terminal",4,False,1,0,5466.97,0.0,0.0,True,0.0005304901604905847,0.0,0
100000002512742100,peripheral,0.2,17,0.0,"обрыв обхода depth=4, out=0; in_deg=1 — не считаем terminal",4,False,1,0,6000.0,0.0,0.0,True,0.0002887801919160438,0.0,0
100000001816678100,peripheral,0.2,2,0.0,"обрыв обхода depth=4, out=0; in_deg=1 — не считаем terminal",4,False,1,0,60000.0,0.0,0.0,True,0.0003096552220398215,0.0,0
100000004586598100,peripheral,0.2,67,0.0,"обрыв обхода depth=4, out=0; in_deg=1 — не считаем terminal",4,False,1,0,761255.0,0.0,0.0,True,0.0005392658410384645,0.0,0
100000005782886100,peripheral,0.2,7,0.0,"обрыв обхода depth=4, out=0; in_deg=1 — не считаем terminal",4,False,1,0,14000.0,0.0,0.0,True,0.0003635318365000825,0.0,0
100000002622822100,peripheral,0.2,16,0.0,"обрыв обхода depth=4, out=0; in_deg=1 — не считаем terminal",4,False,1,0,750000.0,0.0,0.0,True,0.0009076861139921077,0.0,0
100000003718715100,peripheral,0.2,13,0.0,"обрыв обхода depth=4, out=0; in_deg=1 — не считаем terminal",4,False,1,0,915000.0,0.0,0.0,True,0.0005755764809645322,0.0,0
100000006491963100,peripheral,0.2,17,0.0,"обрыв обхода depth=4, out=0; in_deg=1 — не считаем terminal",4,False,1,0,16000.0,0.0,0.0,True,0.00029413168808063104,0.0,0
100000004526651100,peripheral,0.2,7,0.0,"обрыв обхода depth=4, out=0; in_deg=1 — не считаем terminal",4,False,1,0,33000.0,0.0,0.0,True,0.000289910698879263,0.0,0
100000008331280100,peripheral,0.2,26,0.0,"обрыв обхода depth=4, out=0; in_deg=1 — не считаем terminal",4,False,1,0,41000.0,0.0,0.0,True,0.0003180664824253935,0.0,0
100000004177936100,peripheral,0.2,6,0.0,"обрыв обхода depth=4, out=0; in_deg=1 — не считаем terminal",4,False,1,0,10000.0,0.0,0.0,True,0.0003370071199031592,0.0,0
100000002922000100,peripheral,0.2,44,0.0,"обрыв обхода depth=4, out=0; in_deg=1 — не считаем terminal",4,False,1,0,448000.0,0.0,0.0,True,0.00045972245214284386,0.0,0
100000002404112100,peripheral,0.2,26,0.0,"обрыв обхода depth=4, out=0; in_deg=1 — не считаем terminal",4,False,1,0,60000.0,0.0,0.0,True,0.0003300834785756565,0.0,0
100000000634341100,peripheral,0.2,1,0.0,"обрыв обхода depth=4, out=0; in_deg=1 — не считаем terminal",4,False,1,0,24000.0,0.0,0.0,True,0.000554938271938861,0.0,0
100000001822650100,peripheral,0.2,7,0.0,"обрыв обхода depth=4, out=0; in_deg=1 — не считаем terminal",4,False,1,0,112000.0,0.0,0.0,True,0.00030590273887598724,0.0,0
100000004791226100,peripheral,0.2,1,0.0,"обрыв обхода depth=4, out=0; in_deg=1 — не считаем terminal",4,False,1,0,20000.0,0.0,0.0,True,0.0005414836607379313,0.0,0
100000007841978100,peripheral,0.2,4,0.0,"обрыв обхода depth=4, out=0; in_deg=1 — не считаем terminal",4,False,1,0,449000.0,0.0,0.0,True,0.0005063238893873206,0.0,0
100000006866831100,peripheral,0.2,2,0.0,"обрыв обхода depth=4, out=0; in_deg=1 — не считаем terminal",4,False,1,0,16500.0,0.0,0.0,True,0.0003676771906395039,0.0,0
100000002999140100,peripheral,0.2,10,0.0,"обрыв обхода depth=4, out=0; in_deg=1 — не считаем terminal",4,False,1,0,10000.0,0.0,0.0,True,0.00028948260405575835,0.0,0
100000002884708100,peripheral,0.2,12,0.0,"обрыв обхода depth=4, out=0; in_deg=1 — не считаем terminal",4,False,1,0,1171644.0,0.0,0.0,True,0.0005625754563953275,0.0,0
100000001130553100,peripheral,0.2,4,0.0,"обрыв обхода depth=4, out=0; in_deg=1 — не считаем terminal",4,False,1,0,18000.0,0.0,0.0,True,0.0005436529519802226,0.0,0
100000006351075100,peripheral,0.2,34,0.0,"обрыв обхода depth=4, out=0; in_deg=1 — не считаем terminal",4,False,1,0,40000.0,0.0,0.0,True,0.0002910853306876054,0.0,0
100000005616568100,peripheral,0.2,4,0.0,"обрыв обхода depth=4, out=0; in_deg=1 — не считаем terminal",4,False,1,0,530000.0,0.0,0.0,True,0.00043195541433379333,0.0,0
100000006381453100,peripheral,0.2,7,0.0,"обрыв обхода depth=4, out=0; in_deg=1 — не считаем terminal",4,False,1,0,45000.0,0.0,0.0,True,0.0005761677704875274,0.0,0
100000004616845100,peripheral,0.2,56,0.0,"обрыв обхода depth=4, out=0; in_deg=1 — не считаем terminal",4,False,1,0,20200.0,0.0,0.0,True,0.00028881766825216164,0.0,0
100000004908173100,peripheral,0.2,12,0.0,"обрыв обхода depth=4, out=0; in_deg=1 — не считаем terminal",4,False,1,0,21000.0,0.0,0.0,True,0.0003208294523116975,0.0,0
100000004433250100,peripheral,0.2,1,0.0,"обрыв обхода depth=4, out=0; in_deg=1 — не считаем terminal",4,False,1,0,8000.0,0.0,0.0,True,0.0003065701457455708,0.0,0
100000003664994100,peripheral,0.2,36,0.0,"обрыв обхода depth=4, out=0; in_deg=1 — не считаем terminal",4,False,1,0,338271.0,0.0,0.0,True,0.00039112082288784137,0.0,0
100000004673335100,peripheral,0.2,28,0.0,"обрыв обхода depth=4, out=0; in_deg=1 — не считаем terminal",4,False,1,0,80000.0,0.0,0.0,True,0.0004940906043598353,0.0,0
100000002487222100,peripheral,0.2,4,0.0,"обрыв обхода depth=4, out=0; in_deg=1 — не считаем terminal",4,False,1,0,90000.0,0.0,0.0,True,0.00031042731461443336,0.0,0
100000000018102100,peripheral,0.2,2,0.0,"обрыв обхода depth=4, out=0; in_deg=1 — не считаем terminal",4,False,1,0,7000.0,0.0,0.0,True,0.0003204029472448968,0.0,0
100000008638859100,peripheral,0.2,4,0.0,"обрыв обхода depth=4, out=0; in_deg=1 — не считаем terminal",4,False,1,0,34000.0,0.0,0.0,True,0.0005396486131466581,0.0,0
100000001131403100,peripheral,0.2,56,0.0,"обрыв обхода depth=4, out=0; in_deg=1 — не считаем terminal",4,False,1,0,1570000.0,0.0,0.0,True,0.000538041929600761,0.0,0
100000001733216100,peripheral,0.2,61,0.0,"обрыв обхода depth=4, out=0; in_deg=1 — не считаем terminal",4,False,1,0,60000.0,0.0,0.0,True,0.0004076531172154517,0.0,0
100000004400480100,peripheral,0.2,11,0.0,"обрыв обхода depth=4, out=0; in_deg=1 — не считаем terminal",4,False,1,0,21700.0,0.0,0.0,True,0.00048457285607853614,0.0,0
100000007539296100,peripheral,0.2,4,0.0,"обрыв обхода depth=4, out=0; in_deg=1 — не считаем terminal",4,False,1,0,46000.0,0.0,0.0,True,0.0005573238796527805,0.0,0
100000008757301100,peripheral,0.2,1,0.0,"обрыв обхода depth=4, out=0; in_deg=1 — не считаем terminal",4,False,1,0,58398.0,0.0,0.0,True,0.0005305464848242227,0.0,0
100000002752565100,peripheral,0.2,6,0.0,"обрыв обхода depth=4, out=0; in_deg=1 — не считаем terminal",4,False,1,0,57000.0,0.0,0.0,True,0.00033823599365261656,0.0,0
100000002734815100,peripheral,0.2,7,0.0,"обрыв обхода depth=4, out=0; in_deg=1 — не считаем terminal",4,False,1,0,110000.0,0.0,0.0,True,0.0003121958768764176,0.0,0
100000008333492100,peripheral,0.2,41,0.0,"обрыв обхода depth=4, out=0; in_deg=1 — не считаем terminal",4,False,1,0,216400.0,0.0,0.0,True,0.0004380108561569458,0.0,0
100000006527156100,peripheral,0.2,43,0.0,"обрыв обхода depth=4, out=0; in_deg=1 — не считаем terminal",4,False,1,0,48500.0,0.0,0.0,True,0.00029607854463901343,0.0,0
100000003448713100,peripheral,0.2,6,0.0,"обрыв обхода depth=4, out=0; in_deg=1 — не считаем terminal",4,False,1,0,266750.0,0.0,0.0,True,0.0003034549247777929,0.0,0
100000004780083100,peripheral,0.2,55,0.0,"обрыв обхода depth=4, out=0; in_deg=1 — не считаем terminal",4,False,1,0,9999.0,0.0,0.0,True,0.00029338523165935615,0.0,0
100000004798515100,peripheral,0.2,10,0.0,"обрыв обхода depth=4, out=0; in_deg=1 — не считаем terminal",4,False,1,0,200000.0,0.0,0.0,True,0.00036383549098662794,0.0,0
100000004232712100,peripheral,0.2,4,0.0,"обрыв обхода depth=4, out=0; in_deg=1 — не считаем terminal",4,False,1,0,12500.0,0.0,0.0,True,0.000529276207727712,0.0,0
100000005209352100,peripheral,0.2,1,0.0,"обрыв обхода depth=4, out=0; in_deg=1 — не считаем terminal",4,False,1,0,5000.0,0.0,0.0,True,0.0004202819541446905,0.0,0
100000000561160100,peripheral,0.2,2,0.0,"обрыв обхода depth=4, out=0; in_deg=1 — не считаем terminal",4,False,1,0,240000.0,0.0,0.0,True,0.00043625462329844114,0.0,0
100000003568904100,peripheral,0.2,13,0.0,"обрыв обхода depth=4, out=0; in_deg=1 — не считаем terminal",4,False,1,0,49000.0,0.0,0.0,True,0.0005317310119569401,0.0,0
100000000470237100,peripheral,0.2,19,0.0,"обрыв обхода depth=4, out=0; in_deg=1 — не считаем terminal",4,False,1,0,32500.0,0.0,0.0,True,0.000584633394176413,0.0,0
100000008560263100,peripheral,0.2,4,0.0,"обрыв обхода depth=4, out=0; in_deg=1 — не считаем terminal",4,False,1,0,100000.0,0.0,0.0,True,0.0003131893168807824,0.0,0
100000000542087100,peripheral,0.2,33,0.0,"обрыв обхода depth=4, out=0; in_deg=1 — не считаем terminal",4,False,1,0,8506.91,0.0,0.0,True,0.0002864146027372097,0.0,0
100000004403548100,peripheral,0.2,6,0.0,"обрыв обхода depth=4, out=0; in_deg=1 — не считаем terminal",4,False,1,0,5000.0,0.0,0.0,True,0.0003678656647208181,0.0,0
100000003010908100,peripheral,0.2,9,0.0,"обрыв обхода depth=4, out=0; in_deg=1 — не считаем terminal",4,False,1,0,17000.0,0.0,0.0,True,0.00039940942699817525,0.0,0
100000006756956100,peripheral,0.2,1,0.0,"обрыв обхода depth=4, out=0; in_deg=1 — не считаем terminal",4,False,1,0,121200.0,0.0,0.0,True,0.0003109470341275592,0.0,0
100000007357489100,peripheral,0.2,7,0.0,"обрыв обхода depth=4, out=0; in_deg=2 — не считаем terminal",4,False,2,0,164500.0,0.0,0.0,True,0.00031295949170801656,0.0,0
100000002599729100,peripheral,0.2,1,0.0,"обрыв обхода depth=4, out=0; in_deg=1 — не считаем terminal",4,False,1,0,65000.0,0.0,0.0,True,0.0004857864367526589,0.0,0
100000005849862100,peripheral,0.2,5,0.0,"обрыв обхода depth=4, out=0; in_deg=1 — не считаем terminal",4,False,1,0,13000.0,0.0,0.0,True,0.0005484355639203504,0.0,0
100000008762843100,peripheral,0.2,7,0.0,"обрыв обхода depth=4, out=0; in_deg=1 — не считаем terminal",4,False,1,0,7000.0,0.0,0.0,True,0.00028726371311378135,0.0,0
100000002723674100,peripheral,0.2,21,0.0,"обрыв обхода depth=4, out=0; in_deg=1 — не считаем terminal",4,False,1,0,30000.0,0.0,0.0,True,0.0003271744612133494,0.0,0
100000008758106100,peripheral,0.2,7,0.0,"обрыв обхода depth=4, out=0; in_deg=1 — не считаем terminal",4,False,1,0,10000.0,0.0,0.0,True,0.0002868848713875859,0.0,0
100000001286703100,peripheral,0.2,37,0.0,"обрыв обхода depth=4, out=0; in_deg=1 — не считаем terminal",4,False,1,0,20500.0,0.0,0.0,True,0.00028723983817476257,0.0,0
